timestamp,Temperature,Humidity,Precipitation (%),UV Index,Pressure,Condition,Target_Condition,hour_of_day,day_of_week,month,day_of_month,temp_t1,humidity_t1,pressure_t1,temp_change,pressure_change
2026-03-04 19:38:44.058663,30.4,43.5,0.0,8.3,1012.25,Model not loaded,Model not loaded,19,2,3,4,30.5,43.0,1013.5,-0.10000000000000142,-1.25
2026-03-04 19:38:46.060527,30.4,43.83,0.0,8.07,1012.0,Model not loaded,Model not loaded,19,2,3,4,30.4,43.5,1012.25,0.0,-0.25
2026-03-04 19:38:48.064881,30.42,44.12,0.0,8.05,1012.25,Model not loaded,Model not loaded,19,2,3,4,30.4,43.83,1012.0,0.020000000000003126,0.25
2026-03-04 19:38:50.065411,30.26,44.3,0.0,7.96,1012.2,Model not loaded,Model not loaded,19,2,3,4,30.42,44.12,1012.25,-0.16000000000000014,-0.049999999999954525
2026-03-04 19:38:52.067119,30.18,44.9,0.0,8.0,1011.6,Model not loaded,Model not loaded,19,2,3,4,30.26,44.3,1012.2,-0.08000000000000185,-0.6000000000000227
2026-03-04 19:38:54.069657,30.1,45.5,0.0,8.0,1011.7,Model not loaded,Model not loaded,19,2,3,4,30.18,44.9,1011.6,-0.0799999999999983,0.10000000000002274
2026-03-04 19:38:56.071956,30.02,45.1,0.0,8.08,1011.8,Model not loaded,Model not loaded,19,2,3,4,30.1,45.5,1011.7,-0.08000000000000185,0.09999999999990905
2026-03-04 19:38:58.074826,29.82,44.6,0.0,8.0,1011.8,Model not loaded,Model not loaded,19,2,3,4,30.02,45.1,1011.8,-0.1999999999999993,0.0
2026-03-04 19:39:00.076117,29.96,44.9,0.0,8.16,1011.9,Model not loaded,Model not loaded,19,2,3,4,29.82,44.6,1011.8,0.14000000000000057,0.10000000000002274
2026-03-04 19:39:02.078282,29.98,44.2,0.0,8.12,1011.9,Model not loaded,Model not loaded,19,2,3,4,29.96,44.9,1011.9,0.019999999999999574,0.0
2026-03-04 19:39:04.080602,30.1,44.0,0.0,8.08,1012.1,Model not loaded,Model not loaded,19,2,3,4,29.98,44.2,1011.9,0.120000000000001,0.20000000000004547
2026-03-04 19:39:06.082686,30.14,44.8,0.0,8.04,1012.3,Model not loaded,Model not loaded,19,2,3,4,30.1,44.0,1012.1,0.03999999999999915,0.1999999999999318
2026-03-04 19:39:08.085059,30.3,44.8,0.0,8.16,1012.1,Model not loaded,Model not loaded,19,2,3,4,30.14,44.8,1012.3,0.16000000000000014,-0.1999999999999318
2026-03-04 19:39:10.087193,30.26,44.2,0.0,8.0,1011.7,Model not loaded,Unknown,19,2,3,4,30.3,44.8,1012.1,-0.03999999999999915,-0.39999999999997726
2026-03-04 19:39:12.089570,30.14,45.0,0.0,8.04,1012.0,Model not loaded,Unknown,19,2,3,4,30.26,44.2,1011.7,-0.120000000000001,0.2999999999999545
2026-03-04 19:39:14.091872,30.14,45.0,0.0,8.0,1011.6,Model not loaded,Unknown,19,2,3,4,30.14,45.0,1012.0,0.0,-0.39999999999997726
2026-03-04 19:39:16.093957,30.16,44.4,0.0,8.08,1011.7,Model not loaded,Unknown,19,2,3,4,30.14,45.0,1011.6,0.019999999999999574,0.10000000000002274
2026-03-04 19:39:18.096364,30.06,44.9,0.0,7.96,1011.5,Model not loaded,Unknown,19,2,3,4,30.16,44.4,1011.7,-0.10000000000000142,-0.20000000000004547
2026-03-04 19:39:20.097997,29.98,44.8,0.0,7.96,1012.0,Model not loaded,Unknown,19,2,3,4,30.06,44.9,1011.5,-0.0799999999999983,0.5
2026-03-04 19:39:22.100165,30.0,44.0,0.0,7.96,1011.7,Model not loaded,Unknown,19,2,3,4,29.98,44.8,1012.0,0.019999999999999574,-0.2999999999999545
2026-03-04 19:39:24.103146,29.98,44.0,0.0,7.88,1012.0,Model not loaded,Unknown,19,2,3,4,30.0,44.0,1011.7,-0.019999999999999574,0.2999999999999545
2026-03-04 19:39:26.105297,29.84,44.8,0.0,7.88,1011.5,Model not loaded,Unknown,19,2,3,4,29.98,44.0,1012.0,-0.14000000000000057,-0.5
2026-03-04 19:39:28.108227,29.94,44.3,0.0,7.96,1012.0,Model not loaded,Unknown,19,2,3,4,29.84,44.8,1011.5,0.10000000000000142,0.5
2026-03-04 19:39:30.109926,29.98,44.3,0.0,8.08,1011.8,Model not loaded,Unknown,19,2,3,4,29.94,44.3,1012.0,0.03999999999999915,-0.20000000000004547
2026-03-04 19:39:32.112333,29.94,44.4,0.0,7.96,1012.1,Model not loaded,Unknown,19,2,3,4,29.98,44.3,1011.8,-0.03999999999999915,0.3000000000000682
2026-03-04 19:39:34.114075,29.84,44.6,0.0,8.04,1012.1,Model not loaded,Unknown,19,2,3,4,29.94,44.4,1012.1,-0.10000000000000142,0.0
2026-03-04 19:39:36.116092,29.9,43.7,0.0,8.08,1012.2,Model not loaded,Unknown,19,2,3,4,29.84,44.6,1012.1,0.05999999999999872,0.10000000000002274
2026-03-04 19:39:38.119184,29.9,43.7,0.0,8.0,1012.2,Model not loaded,Unknown,19,2,3,4,29.9,43.7,1012.2,0.0,0.0
2026-03-04 19:39:40.120943,29.86,44.4,0.0,8.0,1011.9,Model not loaded,Unknown,19,2,3,4,29.9,43.7,1012.2,-0.03999999999999915,-0.3000000000000682
2026-03-04 19:39:42.123294,29.86,44.3,0.0,8.12,1012.2,Model not loaded,Unknown,19,2,3,4,29.86,44.4,1011.9,0.0,0.3000000000000682
2026-03-04 19:39:44.124785,29.78,43.4,0.0,8.16,1012.0,Model not loaded,Unknown,19,2,3,4,29.86,44.3,1012.2,-0.0799999999999983,-0.20000000000004547
2026-03-04 19:39:46.126969,29.7,44.0,0.0,8.08,1012.1,Model not loaded,Unknown,19,2,3,4,29.78,43.4,1012.0,-0.08000000000000185,0.10000000000002274
2026-03-04 19:39:48.129267,29.58,44.2,0.0,8.16,1012.0,Model not loaded,Unknown,19,2,3,4,29.7,44.0,1012.1,-0.120000000000001,-0.10000000000002274
2026-03-04 19:39:50.131422,29.74,44.0,0.0,8.08,1012.2,Model not loaded,Unknown,19,2,3,4,29.58,44.2,1012.0,0.16000000000000014,0.20000000000004547
2026-03-04 19:39:52.133629,29.8,44.2,0.0,8.04,1012.1,Model not loaded,Unknown,19,2,3,4,29.74,44.0,1012.2,0.060000000000002274,-0.10000000000002274
2026-03-04 19:39:54.135980,29.92,44.3,0.0,7.92,1012.4,Model not loaded,Unknown,19,2,3,4,29.8,44.2,1012.1,0.120000000000001,0.2999999999999545
2026-03-04 19:39:56.138260,30.12,44.6,0.0,7.92,1012.1,Model not loaded,Unknown,19,2,3,4,29.92,44.3,1012.4,0.1999999999999993,-0.2999999999999545
2026-03-04 21:33:06.027525,30.5,43.0,0.0,8.2,1013.5,Unknown,Unknown,21,2,3,4,30.12,44.6,1012.1,0.379999999999999,1.3999999999999773
2026-03-04 21:33:07.794075,30.4,43.5,0.0,8.3,1012.25,Unknown,Unknown,21,2,3,4,30.5,43.0,1013.5,-0.10000000000000142,-1.25
2026-03-04 21:33:09.796588,30.4,43.83,0.0,8.07,1012.0,Unknown,Unknown,21,2,3,4,30.4,43.5,1012.25,0.0,-0.25
2026-03-04 21:33:11.799595,30.42,44.12,0.0,8.05,1012.25,Unknown,Unknown,21,2,3,4,30.4,43.83,1012.0,0.020000000000003126,0.25
2026-03-04 21:33:13.800646,30.26,44.3,0.0,7.96,1012.2,Unknown,Unknown,21,2,3,4,30.42,44.12,1012.25,-0.16000000000000014,-0.049999999999954525
2026-03-04 21:33:15.803492,30.18,44.9,0.0,8.0,1011.6,Unknown,Unknown,21,2,3,4,30.26,44.3,1012.2,-0.08000000000000185,-0.6000000000000227
2026-03-04 21:33:17.806598,30.1,45.5,0.0,8.0,1011.7,Unknown,Unknown,21,2,3,4,30.18,44.9,1011.6,-0.0799999999999983,0.10000000000002274
2026-03-04 21:33:19.806751,30.02,45.1,0.0,8.08,1011.8,Unknown,Unknown,21,2,3,4,30.1,45.5,1011.7,-0.08000000000000185,0.09999999999990905
2026-03-04 21:33:21.809298,29.82,44.6,0.0,8.0,1011.8,Unknown,Unknown,21,2,3,4,30.02,45.1,1011.8,-0.1999999999999993,0.0
2026-03-04 21:33:23.811684,29.96,44.9,0.0,8.16,1011.9,Unknown,Unknown,21,2,3,4,29.82,44.6,1011.8,0.14000000000000057,0.10000000000002274
2026-03-04 21:33:25.813964,29.98,44.2,0.0,8.12,1011.9,Unknown,Unknown,21,2,3,4,29.96,44.9,1011.9,0.019999999999999574,0.0
2026-03-04 21:33:27.816008,30.1,44.0,0.0,8.08,1012.1,Unknown,Unknown,21,2,3,4,29.98,44.2,1011.9,0.120000000000001,0.20000000000004547
2026-03-04 21:33:29.819037,30.14,44.8,0.0,8.04,1012.3,Unknown,Unknown,21,2,3,4,30.1,44.0,1012.1,0.03999999999999915,0.1999999999999318
2026-03-04 21:33:31.820670,30.3,44.8,0.0,8.16,1012.1,Unknown,Unknown,21,2,3,4,30.14,44.8,1012.3,0.16000000000000014,-0.1999999999999318
2026-03-04 21:33:33.822253,30.26,44.2,0.0,8.0,1011.7,Unknown,Unknown,21,2,3,4,30.3,44.8,1012.1,-0.03999999999999915,-0.39999999999997726
2026-03-04 21:33:35.824067,30.14,45.0,0.0,8.04,1012.0,Unknown,Unknown,21,2,3,4,30.26,44.2,1011.7,-0.120000000000001,0.2999999999999545
2026-03-04 21:33:37.827005,30.14,45.0,0.0,8.0,1011.6,Unknown,Unknown,21,2,3,4,30.14,45.0,1012.0,0.0,-0.39999999999997726
2026-03-04 21:33:39.829608,30.16,44.4,0.0,8.08,1011.7,Unknown,Unknown,21,2,3,4,30.14,45.0,1011.6,0.019999999999999574,0.10000000000002274
2026-03-04 21:33:41.830986,30.06,44.9,0.0,7.96,1011.5,Unknown,Unknown,21,2,3,4,30.16,44.4,1011.7,-0.10000000000000142,-0.20000000000004547
2026-03-04 21:33:43.833255,29.98,44.8,0.0,7.96,1012.0,Unknown,Unknown,21,2,3,4,30.06,44.9,1011.5,-0.0799999999999983,0.5
2026-03-04 21:33:45.835365,30.0,44.0,0.0,7.96,1011.7,Unknown,Unknown,21,2,3,4,29.98,44.8,1012.0,0.019999999999999574,-0.2999999999999545
2026-03-04 21:33:47.837632,29.98,44.0,0.0,7.88,1012.0,Unknown,Unknown,21,2,3,4,30.0,44.0,1011.7,-0.019999999999999574,0.2999999999999545
2026-03-04 21:33:49.839900,29.84,44.8,0.0,7.88,1011.5,Unknown,Unknown,21,2,3,4,29.98,44.0,1012.0,-0.14000000000000057,-0.5
2026-03-04 21:39:10.049796,30.5,43.0,0.0,8.2,1013.5,Unknown,Unknown,21,2,3,4,29.84,44.8,1011.5,0.6600000000000001,2.0
2026-03-04 21:39:11.787783,30.4,43.5,0.0,8.3,1012.25,Unknown,Unknown,21,2,3,4,30.5,43.0,1013.5,-0.10000000000000142,-1.25
2026-03-04 21:39:13.789469,30.4,43.83,0.0,8.07,1012.0,Unknown,Unknown,21,2,3,4,30.4,43.5,1012.25,0.0,-0.25
2026-03-04 21:39:15.793940,30.42,44.12,0.0,8.05,1012.25,Unknown,Unknown,21,2,3,4,30.4,43.83,1012.0,0.020000000000003126,0.25
2026-03-04 21:39:17.826185,30.26,44.3,0.0,7.96,1012.2,Unknown,Unknown,21,2,3,4,30.42,44.12,1012.25,-0.16000000000000014,-0.049999999999954525
2026-03-04 21:39:19.795122,30.18,44.9,0.0,8.0,1011.6,Unknown,Unknown,21,2,3,4,30.26,44.3,1012.2,-0.08000000000000185,-0.6000000000000227
2026-03-04 21:39:21.797724,30.1,45.5,0.0,8.0,1011.7,Unknown,Unknown,21,2,3,4,30.18,44.9,1011.6,-0.0799999999999983,0.10000000000002274
2026-03-04 21:39:23.800764,30.02,45.1,0.0,8.08,1011.8,Unknown,Unknown,21,2,3,4,30.1,45.5,1011.7,-0.08000000000000185,0.09999999999990905
2026-03-04 21:39:25.805941,29.82,44.6,0.0,8.0,1011.8,Unknown,Unknown,21,2,3,4,30.02,45.1,1011.8,-0.1999999999999993,0.0
2026-03-04 21:39:27.801999,29.96,44.9,0.0,8.16,1011.9,Unknown,Unknown,21,2,3,4,29.82,44.6,1011.8,0.14000000000000057,0.10000000000002274
2026-03-04 21:39:29.801180,29.98,44.2,0.0,8.12,1011.9,Unknown,Unknown,21,2,3,4,29.96,44.9,1011.9,0.019999999999999574,0.0
2026-03-04 21:39:31.805211,30.1,44.0,0.0,8.08,1012.1,Unknown,Unknown,21,2,3,4,29.98,44.2,1011.9,0.120000000000001,0.20000000000004547
2026-03-04 21:39:33.807460,30.14,44.8,0.0,8.04,1012.3,Unknown,Unknown,21,2,3,4,30.1,44.0,1012.1,0.03999999999999915,0.1999999999999318
2026-03-04 21:39:35.808969,30.3,44.8,0.0,8.16,1012.1,Unknown,Unknown,21,2,3,4,30.14,44.8,1012.3,0.16000000000000014,-0.1999999999999318
2026-03-04 21:39:37.812650,30.26,44.2,0.0,8.0,1011.7,Unknown,Unknown,21,2,3,4,30.3,44.8,1012.1,-0.03999999999999915,-0.39999999999997726
2026-03-04 21:39:39.814558,30.14,45.0,0.0,8.04,1012.0,Unknown,Unknown,21,2,3,4,30.26,44.2,1011.7,-0.120000000000001,0.2999999999999545
2026-03-04 21:39:41.826975,30.14,45.0,0.0,8.0,1011.6,Unknown,Unknown,21,2,3,4,30.14,45.0,1012.0,0.0,-0.39999999999997726
2026-03-04 21:39:43.823187,30.16,44.4,0.0,8.08,1011.7,Unknown,Unknown,21,2,3,4,30.14,45.0,1011.6,0.019999999999999574,0.10000000000002274
2026-03-04 21:39:45.823968,30.06,44.9,0.0,7.96,1011.5,Unknown,Unknown,21,2,3,4,30.16,44.4,1011.7,-0.10000000000000142,-0.20000000000004547
2026-03-04 21:39:47.935572,29.98,44.8,0.0,7.96,1012.0,Unknown,Unknown,21,2,3,4,30.06,44.9,1011.5,-0.0799999999999983,0.5
2026-03-04 21:39:49.833458,30.0,44.0,0.0,7.96,1011.7,Unknown,Unknown,21,2,3,4,29.98,44.8,1012.0,0.019999999999999574,-0.2999999999999545
2026-03-04 21:39:51.835044,29.98,44.0,0.0,7.88,1012.0,Unknown,Unknown,21,2,3,4,30.0,44.0,1011.7,-0.019999999999999574,0.2999999999999545
2026-03-04 21:39:53.837900,29.84,44.8,0.0,7.88,1011.5,Unknown,Unknown,21,2,3,4,29.98,44.0,1012.0,-0.14000000000000057,-0.5
2026-03-04 21:39:55.838108,29.94,44.3,0.0,7.96,1012.0,Unknown,Unknown,21,2,3,4,29.84,44.8,1011.5,0.10000000000000142,0.5
2026-03-04 21:39:57.836943,29.98,44.3,0.0,8.08,1011.8,Unknown,Unknown,21,2,3,4,29.94,44.3,1012.0,0.03999999999999915,-0.20000000000004547
2026-03-04 21:39:59.843354,29.94,44.4,0.0,7.96,1012.1,Unknown,Unknown,21,2,3,4,29.98,44.3,1011.8,-0.03999999999999915,0.3000000000000682
2026-03-04 21:40:01.841925,29.84,44.6,0.0,8.04,1012.1,Unknown,Unknown,21,2,3,4,29.94,44.4,1012.1,-0.10000000000000142,0.0
2026-03-04 21:40:03.857033,29.9,43.7,0.0,8.08,1012.2,Unknown,Unknown,21,2,3,4,29.84,44.6,1012.1,0.05999999999999872,0.10000000000002274
2026-03-04 21:40:05.846754,29.9,43.7,0.0,8.0,1012.2,Unknown,Unknown,21,2,3,4,29.9,43.7,1012.2,0.0,0.0
2026-03-04 21:40:07.853185,29.86,44.4,0.0,8.0,1011.9,Unknown,Unknown,21,2,3,4,29.9,43.7,1012.2,-0.03999999999999915,-0.3000000000000682
2026-03-04 21:40:09.852110,29.86,44.3,0.0,8.12,1012.2,Unknown,Unknown,21,2,3,4,29.86,44.4,1011.9,0.0,0.3000000000000682
2026-03-04 21:40:11.852048,29.78,43.4,0.0,8.16,1012.0,Unknown,Unknown,21,2,3,4,29.86,44.3,1012.2,-0.0799999999999983,-0.20000000000004547
2026-03-04 21:40:13.856603,29.7,44.0,0.0,8.08,1012.1,Unknown,Unknown,21,2,3,4,29.78,43.4,1012.0,-0.08000000000000185,0.10000000000002274
2026-03-04 21:40:15.861203,29.58,44.2,0.0,8.16,1012.0,Unknown,Unknown,21,2,3,4,29.7,44.0,1012.1,-0.120000000000001,-0.10000000000002274
2026-03-04 21:40:17.863198,29.74,44.0,0.0,8.08,1012.2,Unknown,Unknown,21,2,3,4,29.58,44.2,1012.0,0.16000000000000014,0.20000000000004547
2026-03-04 21:40:19.863128,29.8,44.2,0.0,8.04,1012.1,Unknown,Unknown,21,2,3,4,29.74,44.0,1012.2,0.060000000000002274,-0.10000000000002274
2026-03-04 21:40:21.865730,29.92,44.3,0.0,7.92,1012.4,Unknown,Unknown,21,2,3,4,29.8,44.2,1012.1,0.120000000000001,0.2999999999999545
2026-03-04 21:40:23.866841,30.12,44.6,0.0,7.92,1012.1,Unknown,Unknown,21,2,3,4,29.92,44.3,1012.4,0.1999999999999993,-0.2999999999999545
2026-03-04 21:40:25.867765,30.12,44.7,0.0,8.0,1012.0,Unknown,Unknown,21,2,3,4,30.12,44.6,1012.1,0.0,-0.10000000000002274
2026-03-04 21:40:27.870674,30.1,44.8,0.0,7.96,1012.2,Unknown,Unknown,21,2,3,4,30.12,44.7,1012.0,-0.019999999999999574,0.20000000000004547
2026-03-04 21:40:29.877249,30.06,44.9,0.0,7.96,1011.9,Unknown,Unknown,21,2,3,4,30.1,44.8,1012.2,-0.0400000000000027,-0.3000000000000682
2026-03-04 21:40:31.877111,29.96,45.5,0.0,7.96,1011.5,Unknown,Unknown,21,2,3,4,30.06,44.9,1011.9,-0.09999999999999787,-0.39999999999997726
2026-03-04 21:40:33.878282,29.86,45.5,0.0,7.92,1011.6,Unknown,Unknown,21,2,3,4,29.96,45.5,1011.5,-0.10000000000000142,0.10000000000002274
2026-03-04 21:40:35.880448,29.9,46.1,0.0,7.92,1011.5,Unknown,Unknown,21,2,3,4,29.86,45.5,1011.6,0.03999999999999915,-0.10000000000002274
2026-03-04 21:40:37.885861,29.88,46.1,0.0,8.04,1011.6,Unknown,Unknown,21,2,3,4,29.9,46.1,1011.5,-0.019999999999999574,0.10000000000002274
2026-03-04 21:40:39.884074,30.06,45.9,0.0,8.0,1012.0,Unknown,Unknown,21,2,3,4,29.88,46.1,1011.6,0.17999999999999972,0.39999999999997726
2026-03-04 21:40:41.890849,30.12,45.2,0.0,8.04,1012.3,Unknown,Unknown,21,2,3,4,30.06,45.9,1012.0,0.060000000000002274,0.2999999999999545
2026-03-04 21:40:43.888871,30.18,44.4,0.0,8.16,1012.6,Unknown,Unknown,21,2,3,4,30.12,45.2,1012.3,0.05999999999999872,0.3000000000000682
2026-03-04 21:40:45.891234,30.22,43.7,0.0,8.0,1012.5,Unknown,Unknown,21,2,3,4,30.18,44.4,1012.6,0.03999999999999915,-0.10000000000002274
2026-03-04 21:40:47.894009,30.14,43.1,0.0,8.04,1012.2,Unknown,Unknown,21,2,3,4,30.22,43.7,1012.5,-0.0799999999999983,-0.2999999999999545
2026-03-04 21:40:49.902149,30.02,43.0,0.0,8.08,1011.6,Unknown,Unknown,21,2,3,4,30.14,43.1,1012.2,-0.120000000000001,-0.6000000000000227
2026-03-04 21:40:51.897203,29.98,43.2,0.0,8.08,1011.8,Unknown,Unknown,21,2,3,4,30.02,43.0,1011.6,-0.03999999999999915,0.1999999999999318
2026-03-04 21:40:53.901864,30.02,43.1,0.0,8.04,1011.7,Unknown,Unknown,21,2,3,4,29.98,43.2,1011.8,0.03999999999999915,-0.09999999999990905
2026-03-04 21:40:55.901539,29.94,43.5,0.0,8.12,1011.5,Unknown,Unknown,21,2,3,4,30.02,43.1,1011.7,-0.0799999999999983,-0.20000000000004547
2026-03-04 21:40:57.909355,29.92,43.8,0.0,8.0,1011.4,Unknown,Unknown,21,2,3,4,29.94,43.5,1011.5,-0.019999999999999574,-0.10000000000002274
2026-03-04 21:40:59.910042,29.92,44.8,0.0,7.88,1011.8,Unknown,Unknown,21,2,3,4,29.92,43.8,1011.4,0.0,0.39999999999997726
2026-03-04 21:41:01.912489,29.96,45.3,0.0,8.0,1011.3,Unknown,Unknown,21,2,3,4,29.92,44.8,1011.8,0.03999999999999915,-0.5
2026-03-04 21:41:03.911899,29.84,46.1,0.0,7.96,1011.1,Unknown,Unknown,21,2,3,4,29.96,45.3,1011.3,-0.120000000000001,-0.1999999999999318
2026-03-04 21:41:05.915683,29.98,45.6,0.0,7.88,1011.7,Unknown,Unknown,21,2,3,4,29.84,46.1,1011.1,0.14000000000000057,0.6000000000000227
2026-03-04 21:41:07.916504,30.06,45.3,0.0,7.96,1011.6,Unknown,Unknown,21,2,3,4,29.98,45.6,1011.7,0.0799999999999983,-0.10000000000002274
2026-03-04 21:41:09.916500,30.1,45.0,0.0,7.96,1011.6,Unknown,Unknown,21,2,3,4,30.06,45.3,1011.6,0.0400000000000027,0.0
2026-03-04 21:41:11.919170,30.1,45.1,0.0,7.84,1011.7,Unknown,Unknown,21,2,3,4,30.1,45.0,1011.6,0.0,0.10000000000002274
2026-03-04 21:41:13.924629,30.04,44.9,0.0,7.92,1012.0,Unknown,Unknown,21,2,3,4,30.1,45.1,1011.7,-0.060000000000002274,0.2999999999999545
2026-03-04 21:41:15.924697,29.92,45.0,0.0,7.96,1011.9,Unknown,Unknown,21,2,3,4,30.04,44.9,1012.0,-0.11999999999999744,-0.10000000000002274
2026-03-04 21:41:17.930845,29.78,45.2,0.0,7.88,1012.1,Unknown,Unknown,21,2,3,4,29.92,45.0,1011.9,-0.14000000000000057,0.20000000000004547
2026-03-04 21:41:19.930397,29.78,44.9,0.0,8.04,1011.7,Unknown,Unknown,21,2,3,4,29.78,45.2,1012.1,0.0,-0.39999999999997726
2026-03-04 21:41:21.931357,29.72,44.8,0.0,8.16,1012.0,Unknown,Unknown,21,2,3,4,29.78,44.9,1011.7,-0.060000000000002274,0.2999999999999545
2026-03-04 21:41:23.932564,29.9,44.4,0.0,8.08,1011.6,Unknown,Unknown,21,2,3,4,29.72,44.8,1012.0,0.17999999999999972,-0.39999999999997726
2026-03-04 21:41:25.935051,30.0,44.9,0.0,8.2,1011.2,Unknown,Unknown,21,2,3,4,29.9,44.4,1011.6,0.10000000000000142,-0.39999999999997726
2026-03-04 21:41:27.942200,30.16,45.0,0.0,8.16,1011.5,Unknown,Unknown,21,2,3,4,30.0,44.9,1011.2,0.16000000000000014,0.2999999999999545
2026-03-04 21:41:29.940792,30.12,44.9,0.0,8.16,1011.9,Unknown,Unknown,21,2,3,4,30.16,45.0,1011.5,-0.03999999999999915,0.39999999999997726
2026-03-04 21:41:31.946764,30.14,44.2,0.0,8.12,1011.8,Unknown,Unknown,21,2,3,4,30.12,44.9,1011.9,0.019999999999999574,-0.10000000000002274
2026-03-04 21:41:33.949220,30.1,43.9,0.0,8.2,1011.9,Unknown,Unknown,21,2,3,4,30.14,44.2,1011.8,-0.03999999999999915,0.10000000000002274
2026-03-04 21:41:35.950193,30.06,43.2,0.0,8.12,1011.9,Unknown,Unknown,21,2,3,4,30.1,43.9,1011.9,-0.0400000000000027,0.0
2026-03-04 21:41:37.949987,30.06,42.9,0.0,8.12,1011.4,Unknown,Unknown,21,2,3,4,30.06,43.2,1011.9,0.0,-0.5
2026-03-04 21:41:39.952582,30.04,42.6,0.0,7.96,1011.4,Unknown,Unknown,21,2,3,4,30.06,42.9,1011.4,-0.019999999999999574,0.0
2026-03-04 21:41:41.953465,30.16,42.7,0.0,7.84,1011.1,Unknown,Unknown,21,2,3,4,30.04,42.6,1011.4,0.120000000000001,-0.2999999999999545
2026-03-04 21:41:43.955052,30.16,42.7,0.0,7.68,1011.1,Unknown,Unknown,21,2,3,4,30.16,42.7,1011.1,0.0,0.0
2026-03-04 21:41:45.958405,30.24,43.6,0.0,7.72,1011.4,Unknown,Unknown,21,2,3,4,30.16,42.7,1011.1,0.0799999999999983,0.2999999999999545
2026-03-04 21:41:47.961134,30.16,43.6,0.0,7.84,1012.0,Unknown,Unknown,21,2,3,4,30.24,43.6,1011.4,-0.0799999999999983,0.6000000000000227
2026-03-04 21:41:49.962754,30.12,44.0,0.0,7.96,1012.1,Unknown,Unknown,21,2,3,4,30.16,43.6,1012.0,-0.03999999999999915,0.10000000000002274
2026-03-04 21:41:51.971260,30.0,44.0,0.0,8.08,1012.1,Unknown,Unknown,21,2,3,4,30.12,44.0,1012.1,-0.120000000000001,0.0
2026-03-04 21:41:53.968195,29.96,45.0,0.0,8.24,1012.4,Unknown,Unknown,21,2,3,4,30.0,44.0,1012.1,-0.03999999999999915,0.2999999999999545
2026-03-04 21:41:55.969256,29.9,45.1,0.0,8.24,1012.3,Unknown,Unknown,21,2,3,4,29.96,45.0,1012.4,-0.060000000000002274,-0.10000000000002274
2026-03-04 21:41:57.972072,30.02,45.4,0.0,8.12,1011.9,Unknown,Unknown,21,2,3,4,29.9,45.1,1012.3,0.120000000000001,-0.39999999999997726
2026-03-04 21:41:59.979806,30.02,45.6,0.0,8.0,1011.5,Unknown,Unknown,21,2,3,4,30.02,45.4,1011.9,0.0,-0.39999999999997726
2026-03-04 21:42:01.975257,30.04,46.1,0.0,7.88,1011.5,Unknown,Unknown,21,2,3,4,30.02,45.6,1011.5,0.019999999999999574,0.0
2026-03-04 21:42:03.979264,30.0,45.5,0.0,7.84,1011.4,Unknown,Unknown,21,2,3,4,30.04,46.1,1011.5,-0.03999999999999915,-0.10000000000002274
2026-03-04 21:42:05.987130,30.04,44.8,0.0,7.88,1011.4,Unknown,Unknown,21,2,3,4,30.0,45.5,1011.4,0.03999999999999915,0.0
2026-03-04 21:42:07.984578,29.84,44.6,0.0,8.04,1011.5,Unknown,Unknown,21,2,3,4,30.04,44.8,1011.4,-0.1999999999999993,0.10000000000002274
2026-03-04 21:44:40.887244,30.5,43.0,0.0,8.2,1013.5,Unknown,Unknown,21,2,3,4,29.84,44.6,1011.5,0.6600000000000001,2.0
2026-03-04 21:44:42.670733,30.4,43.5,0.0,8.3,1012.25,Unknown,Unknown,21,2,3,4,30.5,43.0,1013.5,-0.10000000000000142,-1.25
2026-03-04 21:44:44.673912,30.4,43.83,0.0,8.07,1012.0,Unknown,Unknown,21,2,3,4,30.4,43.5,1012.25,0.0,-0.25
2026-03-04 21:44:46.674986,30.42,44.12,0.0,8.05,1012.25,Unknown,Unknown,21,2,3,4,30.4,43.83,1012.0,0.020000000000003126,0.25
2026-03-04 21:44:48.676729,30.26,44.3,0.0,7.96,1012.2,Unknown,Unknown,21,2,3,4,30.42,44.12,1012.25,-0.16000000000000014,-0.049999999999954525
2026-03-04 21:44:50.677957,30.18,44.9,0.0,8.0,1011.6,Unknown,Unknown,21,2,3,4,30.26,44.3,1012.2,-0.08000000000000185,-0.6000000000000227
2026-03-04 21:44:52.686849,30.1,45.5,0.0,8.0,1011.7,Unknown,Unknown,21,2,3,4,30.18,44.9,1011.6,-0.0799999999999983,0.10000000000002274
2026-03-04 21:44:54.684829,30.02,45.1,0.0,8.08,1011.8,Unknown,Unknown,21,2,3,4,30.1,45.5,1011.7,-0.08000000000000185,0.09999999999990905
2026-03-04 21:44:56.685256,29.82,44.6,0.0,8.0,1011.8,Unknown,Unknown,21,2,3,4,30.02,45.1,1011.8,-0.1999999999999993,0.0
2026-03-04 21:44:58.688988,29.96,44.9,0.0,8.16,1011.9,Unknown,Unknown,21,2,3,4,29.82,44.6,1011.8,0.14000000000000057,0.10000000000002274
2026-03-04 21:45:00.691184,29.98,44.2,0.0,8.12,1011.9,Unknown,Unknown,21,2,3,4,29.96,44.9,1011.9,0.019999999999999574,0.0
2026-03-04 21:45:02.692990,30.1,44.0,0.0,8.08,1012.1,Unknown,Unknown,21,2,3,4,29.98,44.2,1011.9,0.120000000000001,0.20000000000004547
2026-03-04 21:45:04.693775,30.14,44.8,0.0,8.04,1012.3,Unknown,Unknown,21,2,3,4,30.1,44.0,1012.1,0.03999999999999915,0.1999999999999318
2026-03-04 21:45:06.696660,30.3,44.8,0.0,8.16,1012.1,Unknown,Unknown,21,2,3,4,30.14,44.8,1012.3,0.16000000000000014,-0.1999999999999318
2026-03-04 21:45:08.708770,30.26,44.2,0.0,8.0,1011.7,Unknown,Unknown,21,2,3,4,30.3,44.8,1012.1,-0.03999999999999915,-0.39999999999997726
2026-03-04 21:45:10.702603,30.14,45.0,0.0,8.04,1012.0,Unknown,Unknown,21,2,3,4,30.26,44.2,1011.7,-0.120000000000001,0.2999999999999545
2026-03-04 21:45:12.705234,30.14,45.0,0.0,8.0,1011.6,Unknown,Unknown,21,2,3,4,30.14,45.0,1012.0,0.0,-0.39999999999997726
2026-03-04 21:45:14.706159,30.16,44.4,0.0,8.08,1011.7,Unknown,Unknown,21,2,3,4,30.14,45.0,1011.6,0.019999999999999574,0.10000000000002274
2026-03-04 21:45:16.707592,30.06,44.9,0.0,7.96,1011.5,Unknown,Unknown,21,2,3,4,30.16,44.4,1011.7,-0.10000000000000142,-0.20000000000004547
2026-03-04 21:45:18.709651,29.98,44.8,0.0,7.96,1012.0,Unknown,Unknown,21,2,3,4,30.06,44.9,1011.5,-0.0799999999999983,0.5
2026-03-04 21:45:20.711568,30.0,44.0,0.0,7.96,1011.7,Unknown,Unknown,21,2,3,4,29.98,44.8,1012.0,0.019999999999999574,-0.2999999999999545
2026-03-04 21:45:22.734540,29.98,44.0,0.0,7.88,1012.0,Unknown,Unknown,21,2,3,4,30.0,44.0,1011.7,-0.019999999999999574,0.2999999999999545
2026-03-04 21:47:22.270201,30.5,43.0,0.0,8.2,1013.5,Unknown,Unknown,21,2,3,4,29.98,44.0,1012.0,0.5199999999999996,1.5
2026-03-04 21:47:24.050020,30.4,43.5,0.0,8.3,1012.25,Unknown,Unknown,21,2,3,4,30.5,43.0,1013.5,-0.10000000000000142,-1.25
2026-03-04 21:47:26.059572,30.4,43.83,0.0,8.07,1012.0,Unknown,Unknown,21,2,3,4,30.4,43.5,1012.25,0.0,-0.25
2026-03-04 21:47:28.070353,30.42,44.12,0.0,8.05,1012.25,Unknown,Unknown,21,2,3,4,30.4,43.83,1012.0,0.020000000000003126,0.25
2026-03-04 21:47:30.054401,30.26,44.3,0.0,7.96,1012.2,Unknown,Unknown,21,2,3,4,30.42,44.12,1012.25,-0.16000000000000014,-0.049999999999954525
2026-03-04 21:47:32.059064,30.18,44.9,0.0,8.0,1011.6,Unknown,Unknown,21,2,3,4,30.26,44.3,1012.2,-0.08000000000000185,-0.6000000000000227
2026-03-04 21:47:34.058918,30.1,45.5,0.0,8.0,1011.7,Unknown,Unknown,21,2,3,4,30.18,44.9,1011.6,-0.0799999999999983,0.10000000000002274
2026-03-04 21:47:36.063367,30.02,45.1,0.0,8.08,1011.8,Unknown,Unknown,21,2,3,4,30.1,45.5,1011.7,-0.08000000000000185,0.09999999999990905
2026-03-04 21:47:38.058691,29.82,44.6,0.0,8.0,1011.8,Unknown,Unknown,21,2,3,4,30.02,45.1,1011.8,-0.1999999999999993,0.0
2026-03-04 21:47:40.061254,29.96,44.9,0.0,8.16,1011.9,Unknown,Unknown,21,2,3,4,29.82,44.6,1011.8,0.14000000000000057,0.10000000000002274
2026-03-04 21:47:42.065884,29.98,44.2,0.0,8.12,1011.9,Unknown,Unknown,21,2,3,4,29.96,44.9,1011.9,0.019999999999999574,0.0
2026-03-04 21:47:44.067889,30.1,44.0,0.0,8.08,1012.1,Unknown,Unknown,21,2,3,4,29.98,44.2,1011.9,0.120000000000001,0.20000000000004547
2026-03-04 21:47:46.069987,30.14,44.8,0.0,8.04,1012.3,Unknown,Unknown,21,2,3,4,30.1,44.0,1012.1,0.03999999999999915,0.1999999999999318
2026-03-04 21:47:48.069717,30.3,44.8,0.0,8.16,1012.1,Unknown,Unknown,21,2,3,4,30.14,44.8,1012.3,0.16000000000000014,-0.1999999999999318
2026-03-04 21:47:50.071955,30.26,44.2,0.0,8.0,1011.7,Unknown,Unknown,21,2,3,4,30.3,44.8,1012.1,-0.03999999999999915,-0.39999999999997726
2026-03-04 21:47:52.077465,30.14,45.0,0.0,8.04,1012.0,Unknown,Unknown,21,2,3,4,30.26,44.2,1011.7,-0.120000000000001,0.2999999999999545
2026-03-04 21:47:54.079905,30.14,45.0,0.0,8.0,1011.6,Unknown,Unknown,21,2,3,4,30.14,45.0,1012.0,0.0,-0.39999999999997726
2026-03-04 21:47:56.079752,30.16,44.4,0.0,8.08,1011.7,Unknown,Unknown,21,2,3,4,30.14,45.0,1011.6,0.019999999999999574,0.10000000000002274
2026-03-04 21:47:58.083077,30.06,44.9,0.0,7.96,1011.5,Unknown,Unknown,21,2,3,4,30.16,44.4,1011.7,-0.10000000000000142,-0.20000000000004547
2026-03-04 21:48:00.084253,29.98,44.8,0.0,7.96,1012.0,Unknown,Unknown,21,2,3,4,30.06,44.9,1011.5,-0.0799999999999983,0.5
2026-03-04 21:48:02.086260,30.0,44.0,0.0,7.96,1011.7,Unknown,Unknown,21,2,3,4,29.98,44.8,1012.0,0.019999999999999574,-0.2999999999999545
2026-03-04 21:48:04.088369,29.98,44.0,0.0,7.88,1012.0,Unknown,Unknown,21,2,3,4,30.0,44.0,1011.7,-0.019999999999999574,0.2999999999999545
2026-03-04 21:48:06.090407,29.84,44.8,0.0,7.88,1011.5,Unknown,Unknown,21,2,3,4,29.98,44.0,1012.0,-0.14000000000000057,-0.5
2026-03-04 21:48:08.091877,29.94,44.3,0.0,7.96,1012.0,Unknown,Unknown,21,2,3,4,29.84,44.8,1011.5,0.10000000000000142,0.5
2026-03-04 21:48:10.095623,29.98,44.3,0.0,8.08,1011.8,Unknown,Unknown,21,2,3,4,29.94,44.3,1012.0,0.03999999999999915,-0.20000000000004547
2026-03-04 21:48:12.100272,29.94,44.4,0.0,7.96,1012.1,Unknown,Unknown,21,2,3,4,29.98,44.3,1011.8,-0.03999999999999915,0.3000000000000682
2026-03-04 21:48:14.100911,29.84,44.6,0.0,8.04,1012.1,Unknown,Unknown,21,2,3,4,29.94,44.4,1012.1,-0.10000000000000142,0.0
2026-03-04 21:48:16.103828,29.9,43.7,0.0,8.08,1012.2,Unknown,Unknown,21,2,3,4,29.84,44.6,1012.1,0.05999999999999872,0.10000000000002274
2026-03-04 21:48:18.106460,29.9,43.7,0.0,8.0,1012.2,Unknown,Unknown,21,2,3,4,29.9,43.7,1012.2,0.0,0.0
2026-03-04 21:48:20.106027,29.86,44.4,0.0,8.0,1011.9,Unknown,Unknown,21,2,3,4,29.9,43.7,1012.2,-0.03999999999999915,-0.3000000000000682
2026-03-04 21:48:22.106979,29.86,44.3,0.0,8.12,1012.2,Unknown,Unknown,21,2,3,4,29.86,44.4,1011.9,0.0,0.3000000000000682
2026-03-04 21:48:24.112512,29.78,43.4,0.0,8.16,1012.0,Unknown,Sunny,21,2,3,4,29.86,44.3,1012.2,-0.0799999999999983,-0.20000000000004547
2026-03-04 21:48:26.113529,29.7,44.0,0.0,8.08,1012.1,Unknown,Sunny,21,2,3,4,29.78,43.4,1012.0,-0.08000000000000185,0.10000000000002274
2026-03-04 21:48:28.124950,29.58,44.2,0.0,8.16,1012.0,Unknown,Rainy,21,2,3,4,29.7,44.0,1012.1,-0.120000000000001,-0.10000000000002274
2026-03-04 21:48:30.118143,29.74,44.0,0.0,8.08,1012.2,Unknown,Rainy,21,2,3,4,29.58,44.2,1012.0,0.16000000000000014,0.20000000000004547
2026-03-04 21:48:32.118821,29.8,44.2,0.0,8.04,1012.1,Unknown,Cloudy,21,2,3,4,29.74,44.0,1012.2,0.060000000000002274,-0.10000000000002274
2026-03-04 21:48:34.123104,29.92,44.3,0.0,7.92,1012.4,Unknown,Cloudy,21,2,3,4,29.8,44.2,1012.1,0.120000000000001,0.2999999999999545
2026-03-04 21:48:36.123537,30.12,44.6,0.0,7.92,1012.1,Unknown,Cloudy,21,2,3,4,29.92,44.3,1012.4,0.1999999999999993,-0.2999999999999545
2026-03-04 21:48:38.125793,30.12,44.7,0.0,8.0,1012.0,Unknown,Cloudy,21,2,3,4,30.12,44.6,1012.1,0.0,-0.10000000000002274
2026-03-04 21:48:40.128898,30.1,44.8,0.0,7.96,1012.2,Unknown,Cloudy,21,2,3,4,30.12,44.7,1012.0,-0.019999999999999574,0.20000000000004547
2026-03-04 21:48:42.130286,30.06,44.9,0.0,7.96,1011.9,Unknown,Cloudy,21,2,3,4,30.1,44.8,1012.2,-0.0400000000000027,-0.3000000000000682
2026-03-04 21:48:44.133789,29.96,45.5,0.0,7.96,1011.5,Unknown,Rainy,21,2,3,4,30.06,44.9,1011.9,-0.09999999999999787,-0.39999999999997726
2026-03-04 21:48:46.135081,29.86,45.5,0.0,7.92,1011.6,Unknown,Rainy,21,2,3,4,29.96,45.5,1011.5,-0.10000000000000142,0.10000000000002274
2026-03-04 21:48:48.136797,29.9,46.1,0.0,7.92,1011.5,Unknown,Rainy,21,2,3,4,29.86,45.5,1011.6,0.03999999999999915,-0.10000000000002274
2026-03-04 21:48:50.139967,29.88,46.1,0.0,8.04,1011.6,Unknown,Sunny,21,2,3,4,29.9,46.1,1011.5,-0.019999999999999574,0.10000000000002274
2026-03-04 21:48:52.143654,30.06,45.9,0.0,8.0,1012.0,Unknown,Sunny,21,2,3,4,29.88,46.1,1011.6,0.17999999999999972,0.39999999999997726
2026-03-04 23:50:18.962509,30.5,43.0,0.0,8.2,1013.5,Unknown,Sunny,23,2,3,4,30.06,45.9,1012.0,0.4400000000000013,1.5
2026-03-04 23:50:20.737022,30.4,43.5,0.0,8.3,1012.25,Unknown,Sunny,23,2,3,4,30.5,43.0,1013.5,-0.10000000000000142,-1.25
2026-03-04 23:50:22.742657,30.4,43.83,0.0,8.07,1012.0,Unknown,Cloudy,23,2,3,4,30.4,43.5,1012.25,0.0,-0.25
2026-03-04 23:50:24.747974,30.42,44.12,0.0,8.05,1012.25,Unknown,Sunny,23,2,3,4,30.4,43.83,1012.0,0.020000000000003126,0.25
2026-03-04 23:50:26.746645,30.26,44.3,0.0,7.96,1012.2,Unknown,Sunny,23,2,3,4,30.42,44.12,1012.25,-0.16000000000000014,-0.049999999999954525
2026-03-04 23:50:28.747899,30.18,44.9,0.0,8.0,1011.6,Unknown,Sunny,23,2,3,4,30.26,44.3,1012.2,-0.08000000000000185,-0.6000000000000227
2026-03-04 23:50:30.751956,30.1,45.5,0.0,8.0,1011.7,Unknown,Sunny,23,2,3,4,30.18,44.9,1011.6,-0.0799999999999983,0.10000000000002274
2026-03-04 23:50:32.751844,30.02,45.1,0.0,8.08,1011.8,Unknown,Sunny,23,2,3,4,30.1,45.5,1011.7,-0.08000000000000185,0.09999999999990905
2026-03-04 23:50:34.783565,29.82,44.6,0.0,8.0,1011.8,Unknown,Sunny,23,2,3,4,30.02,45.1,1011.8,-0.1999999999999993,0.0
2026-03-16 05:02:03.225404,28.24,54.72,4.0,4.62,1001.17,Sunny,Sunny,5,0,3,16,29.82,44.6,1011.8,-1.5800000000000018,-10.629999999999995
2026-03-16 05:02:05.242869,24.62,60.46,10.34,3.7,1004.62,Sunny,Sunny,5,0,3,16,28.24,54.72,1001.17,-3.6199999999999974,3.4500000000000455
2026-03-16 05:02:07.259688,22.01,61.68,11.94,5.36,1006.49,Rainy,Sunny,5,0,3,16,24.62,60.46,1004.62,-2.6099999999999994,1.8700000000000045
2026-03-16 05:02:09.277308,20.35,61.33,11.88,5.3,1008.71,Rainy,Sunny,5,0,3,16,22.01,61.68,1006.49,-1.6600000000000001,2.2200000000000273
2026-03-16 05:02:11.293559,19.47,64.32,12.05,5.37,1007.16,Cloudy,Sunny,5,0,3,16,20.35,61.33,1008.71,-0.8800000000000026,-1.5500000000000682
2026-03-16 05:02:13.310136,17.97,64.44,11.41,4.94,1005.86,Cloudy,Sunny,5,0,3,16,19.47,64.32,1007.16,-1.5,-1.2999999999999545
2026-03-16 05:11:38.605638,32.85,32.3,14.91,3.71,1018.98,Cloudy,Sunny,5,0,3,16,17.97,64.44,1005.86,14.880000000000003,13.120000000000005
2026-03-16 05:11:40.621978,33.4,44.1,13.62,6.13,1005.75,Cloudy,Sunny,5,0,3,16,32.85,32.3,1018.98,0.5499999999999972,-13.230000000000018
2026-03-16 05:11:42.637922,32.87,51.62,12.97,4.49,1010.47,Cloudy,Rainy,5,0,3,16,33.4,44.1,1005.75,-0.5300000000000011,4.720000000000027
2026-03-16 05:11:44.654535,31.92,58.18,14.53,4.11,1005.58,Cloudy,Rainy,5,0,3,16,32.87,51.62,1010.47,-0.9499999999999957,-4.889999999999986
2026-03-16 05:11:46.670542,31.81,59.49,14.85,4.5,1003.23,Rainy,Rainy,5,0,3,16,31.92,58.18,1005.58,-0.11000000000000298,-2.3500000000000227
2026-03-16 05:11:48.689936,31.64,59.09,14.04,3.88,1002.19,Rainy,Rainy,5,0,3,16,31.81,59.49,1003.23,-0.16999999999999815,-1.0399999999999636
2026-03-16 05:11:50.707497,31.53,65.7,15.19,4.08,1005.48,Rainy,Cloudy,5,0,3,16,31.64,59.09,1002.19,-0.10999999999999943,3.2899999999999636
2026-03-16 05:11:52.723556,29.52,65.14,13.23,4.07,1001.02,Sunny,Sunny,5,0,3,16,31.53,65.7,1005.48,-2.0100000000000016,-4.460000000000036
2026-03-16 05:11:54.740800,29.16,61.39,11.84,4.29,1003.31,Sunny,Sunny,5,0,3,16,29.52,65.14,1001.02,-0.35999999999999943,2.2899999999999636
2026-03-16 05:11:56.757916,29.46,57.27,11.18,3.79,1007.45,Sunny,Sunny,5,0,3,16,29.16,61.39,1003.31,0.3000000000000007,4.1400000000001
2026-03-16 05:11:58.773885,29.58,68.06,10.03,4.57,1004.22,Sunny,Rainy,5,0,3,16,29.46,57.27,1007.45,0.11999999999999744,-3.230000000000018
2026-03-16 05:12:00.789990,28.38,61.56,8.52,3.1,1002.36,Cloudy,Rainy,5,0,3,16,29.58,68.06,1004.22,-1.1999999999999993,-1.8600000000000136
2026-03-16 05:12:02.806156,28.57,65.53,9.42,3.55,1004.98,Sunny,Rainy,5,0,3,16,28.38,61.56,1002.36,0.19000000000000128,2.6200000000000045
2026-03-16 05:12:04.821449,29.57,70.2,8.07,3.66,1004.89,Sunny,Rainy,5,0,3,16,28.57,65.53,1004.98,1.0,-0.09000000000003183
2026-03-16 05:12:06.839394,26.45,73.28,6.65,4.23,1003.93,Sunny,Rainy,5,0,3,16,29.57,70.2,1004.89,-3.120000000000001,-0.9600000000000364
2026-03-16 05:12:08.855918,25.5,69.96,5.73,3.55,1005.65,Sunny,Rainy,5,0,3,16,26.45,73.28,1003.93,-0.9499999999999993,1.7200000000000273
2026-03-16 05:12:10.873333,23.2,72.09,5.62,4.58,1004.87,Sunny,Rainy,5,0,3,16,25.5,69.96,1005.65,-2.3000000000000007,-0.7799999999999727
2026-03-16 05:12:12.891426,25.49,72.41,7.08,5.25,1004.18,Sunny,Rainy,5,0,3,16,23.2,72.09,1004.87,2.289999999999999,-0.6900000000000546
2026-03-16 05:12:14.907458,26.0,73.31,7.77,5.66,1002.41,Sunny,Rainy,5,0,3,16,25.49,72.41,1004.18,0.5100000000000016,-1.7699999999999818
2026-03-16 05:12:16.923386,28.02,67.51,10.13,4.63,1001.04,Sunny,Rainy,5,0,3,16,26.0,73.31,1002.41,2.0199999999999996,-1.3700000000000045
2026-03-16 05:12:18.941134,28.11,64.62,13.57,4.54,1003.66,Sunny,Rainy,5,0,3,16,28.02,67.51,1001.04,0.08999999999999986,2.6200000000000045
2026-03-16 05:12:20.957124,28.13,68.79,14.82,3.89,1004.91,Sunny,Rainy,5,0,3,16,28.11,64.62,1003.66,0.019999999999999574,1.25
2026-03-16 05:12:22.974340,25.8,65.88,15.48,3.41,1005.75,Sunny,Rainy,5,0,3,16,28.13,68.79,1004.91,-2.3299999999999983,0.8400000000000318
2026-03-16 05:12:24.990737,25.76,61.92,16.32,3.87,1006.48,Sunny,Rainy,5,0,3,16,25.8,65.88,1005.75,-0.03999999999999915,0.7300000000000182
2026-03-16 05:12:27.007560,24.66,65.57,15.44,4.65,1009.05,Sunny,Rainy,5,0,3,16,25.76,61.92,1006.48,-1.1000000000000014,2.5699999999999363
2026-03-16 05:12:29.023171,22.54,64.29,13.28,6.25,1004.58,Sunny,Rainy,5,0,3,16,24.66,65.57,1009.05,-2.120000000000001,-4.469999999999914
2026-03-16 05:12:31.039370,23.86,58.68,13.06,5.65,1007.34,Rainy,Rainy,5,0,3,16,22.54,64.29,1004.58,1.3200000000000003,2.759999999999991
2026-03-16 05:12:33.056272,24.61,58.41,10.07,6.06,1008.89,Rainy,Rainy,5,0,3,16,23.86,58.68,1007.34,0.75,1.5499999999999545
2026-03-16 05:12:35.081496,21.2,57.72,8.19,5.52,1009.89,Rainy,Rainy,5,0,3,16,24.61,58.41,1008.89,-3.41,1.0
2026-03-16 05:12:37.098025,23.2,58.91,6.77,5.19,1005.07,Rainy,Rainy,5,0,3,16,21.2,57.72,1009.89,2.0,-4.819999999999936
2026-03-16 05:12:39.113807,26.14,67.37,6.76,3.89,1005.76,Cloudy,Sunny,5,0,3,16,23.2,58.91,1005.07,2.9400000000000013,0.6899999999999409
2026-03-16 05:12:41.130145,27.2,64.99,4.19,4.35,1004.97,Sunny,Sunny,5,0,3,16,26.14,67.37,1005.76,1.0599999999999987,-0.7899999999999636
2026-03-16 05:12:43.147196,28.09,58.71,7.22,4.44,999.71,Sunny,Sunny,5,0,3,16,27.2,64.99,1004.97,0.8900000000000006,-5.259999999999991
2026-03-16 05:12:45.165127,28.11,52.11,9.79,5.11,1001.19,Sunny,Sunny,5,0,3,16,28.09,58.71,999.71,0.019999999999999574,1.4800000000000182
2026-03-16 05:12:47.182629,27.18,53.79,12.27,5.07,1003.49,Rainy,Sunny,5,0,3,16,28.11,52.11,1001.19,-0.9299999999999997,2.2999999999999545
2026-03-16 05:12:49.198467,24.72,49.18,12.69,4.95,1002.94,Rainy,Rainy,5,0,3,16,27.18,53.79,1003.49,-2.460000000000001,-0.5499999999999545
2026-03-16 05:12:51.214100,24.07,47.77,14.55,6.06,1001.51,Rainy,Rainy,5,0,3,16,24.72,49.18,1002.94,-0.6499999999999986,-1.4300000000000637
2026-03-16 05:12:53.229579,24.24,52.36,11.93,5.31,1001.12,Rainy,Rainy,5,0,3,16,24.07,47.77,1001.51,0.16999999999999815,-0.38999999999998636
2026-03-16 05:12:55.246417,25.2,55.63,12.22,3.54,1001.15,Rainy,Rainy,5,0,3,16,24.24,52.36,1001.12,0.9600000000000009,0.029999999999972715
2026-03-16 05:12:57.263555,25.89,57.6,10.52,3.28,1000.52,Rainy,Cloudy,5,0,3,16,25.2,55.63,1001.15,0.6900000000000013,-0.6299999999999955
2026-03-16 05:12:59.279593,26.92,61.07,9.68,3.61,1000.13,Rainy,Cloudy,5,0,3,16,25.89,57.6,1000.52,1.0300000000000011,-0.38999999999998636
2026-03-16 05:13:01.295472,27.11,64.58,8.71,1.96,998.43,Rainy,Cloudy,5,0,3,16,26.92,61.07,1000.13,0.18999999999999773,-1.7000000000000455
2026-03-16 05:13:03.311203,23.83,60.27,8.5,2.43,1000.56,Rainy,Cloudy,5,0,3,16,27.11,64.58,998.43,-3.280000000000001,2.1299999999999955
2026-03-16 05:13:05.327817,23.65,57.6,5.69,3.95,999.08,Rainy,Cloudy,5,0,3,16,23.83,60.27,1000.56,-0.17999999999999972,-1.4799999999999045
2026-03-16 05:13:07.343390,23.98,52.0,7.38,4.0,998.18,Rainy,Cloudy,5,0,3,16,23.65,57.6,999.08,0.33000000000000185,-0.900000000000091
2026-03-16 05:13:09.359114,24.17,43.55,9.97,5.29,1002.48,Rainy,Rainy,5,0,3,16,23.98,52.0,998.18,0.19000000000000128,4.300000000000068
2026-03-16 05:13:11.376614,22.69,41.77,9.89,6.07,1006.6,Rainy,Rainy,5,0,3,16,24.17,43.55,1002.48,-1.4800000000000004,4.1200000000000045
2026-03-16 05:13:13.392399,25.41,44.42,11.97,5.72,1008.28,Rainy,Rainy,5,0,3,16,22.69,41.77,1006.6,2.719999999999999,1.67999999999995
2026-03-16 05:13:15.408853,24.51,54.28,12.09,4.2,1006.1,Rainy,Rainy,5,0,3,16,25.41,44.42,1008.28,-0.8999999999999986,-2.17999999999995
2026-03-16 05:13:17.425738,22.88,57.96,11.81,4.38,1006.49,Rainy,Rainy,5,0,3,16,24.51,54.28,1006.1,-1.6300000000000026,0.38999999999998636
2026-03-16 05:13:19.442468,24.59,61.13,11.99,4.13,1005.76,Rainy,Rainy,5,0,3,16,22.88,57.96,1006.49,1.7100000000000009,-0.7300000000000182
2026-03-16 05:13:21.462273,24.22,63.67,12.68,3.93,1004.71,Rainy,Rainy,5,0,3,16,24.59,61.13,1005.76,-0.370000000000001,-1.0499999999999545
2026-03-16 05:13:23.480653,24.27,64.06,10.8,5.07,1004.72,Rainy,Rainy,5,0,3,16,24.22,63.67,1004.71,0.05000000000000071,0.009999999999990905
2026-03-16 05:13:25.498815,26.81,61.23,12.52,5.09,1008.6,Rainy,Rainy,5,0,3,16,24.27,64.06,1004.72,2.539999999999999,3.8799999999999955
2026-03-16 05:13:27.517824,25.28,64.37,12.71,4.45,1009.3,Sunny,Rainy,5,0,3,16,26.81,61.23,1008.6,-1.5299999999999976,0.6999999999999318
2026-03-16 05:13:29.536475,24.78,69.92,9.02,4.06,1005.57,Sunny,Rainy,5,0,3,16,25.28,64.37,1009.3,-0.5,-3.7299999999999045
2026-03-16 05:13:31.560720,27.94,65.8,7.59,3.98,1005.29,Sunny,Sunny,5,0,3,16,24.78,69.92,1005.57,3.16,-0.2800000000000864
2026-03-16 05:13:33.579446,28.68,62.29,8.7,3.04,1004.25,Sunny,Sunny,5,0,3,16,27.94,65.8,1005.29,0.7399999999999984,-1.0399999999999636
2026-03-16 05:13:35.598290,26.0,65.89,8.65,4.82,1001.21,Sunny,Sunny,5,0,3,16,28.68,62.29,1004.25,-2.6799999999999997,-3.0399999999999636
2026-03-16 05:13:37.613844,27.19,65.14,5.17,6.14,1003.94,Rainy,Sunny,5,0,3,16,26.0,65.89,1001.21,1.1900000000000013,2.730000000000018
2026-03-16 05:13:39.629695,23.97,58.63,6.06,6.02,1003.35,Rainy,Sunny,5,0,3,16,27.19,65.14,1003.94,-3.2200000000000024,-0.5900000000000318
2026-03-16 05:13:41.645468,23.97,65.12,6.74,5.39,1003.88,Rainy,Rainy,5,0,3,16,23.97,58.63,1003.35,0.0,0.5299999999999727
2026-03-16 05:13:43.662985,20.48,64.29,7.43,5.3,1004.06,Rainy,Sunny,5,0,3,16,23.97,65.12,1003.88,-3.4899999999999984,0.17999999999994998
2026-03-16 05:13:45.682120,21.42,61.58,7.11,3.91,1003.09,Cloudy,Rainy,5,0,3,16,20.48,64.29,1004.06,0.9400000000000013,-0.9699999999999136
2026-03-16 05:13:47.700921,20.81,55.49,8.67,2.86,1003.88,Cloudy,Rainy,5,0,3,16,21.42,61.58,1003.09,-0.610000000000003,0.7899999999999636
2026-03-16 05:13:49.717703,21.88,56.76,8.76,2.99,1007.29,Cloudy,Rainy,5,0,3,16,20.81,55.49,1003.88,1.0700000000000003,3.409999999999968
2026-03-16 05:13:51.736744,20.1,55.93,8.55,4.77,1003.74,Cloudy,Rainy,5,0,3,16,21.88,56.76,1007.29,-1.7799999999999976,-3.5499999999999545
2026-03-16 05:13:53.754389,23.39,56.36,9.16,4.32,1004.07,Cloudy,Cloudy,5,0,3,16,20.1,55.93,1003.74,3.289999999999999,0.3300000000000409
2026-03-16 05:13:55.778589,25.99,58.13,10.85,4.21,1008.08,Cloudy,Rainy,5,0,3,16,23.39,56.36,1004.07,2.599999999999998,4.009999999999991
2026-03-16 05:13:57.812397,27.33,60.93,9.32,5.12,1003.71,Rainy,Sunny,5,0,3,16,25.99,58.13,1008.08,1.3399999999999999,-4.3700000000000045
2026-03-16 05:13:59.841316,26.16,60.89,8.8,4.46,1000.17,Rainy,Rainy,5,0,3,16,27.33,60.93,1003.71,-1.1699999999999982,-3.5400000000000773
2026-03-16 05:14:01.871151,24.72,64.04,9.96,4.51,1003.02,Rainy,Cloudy,5,0,3,16,26.16,60.89,1000.17,-1.4400000000000013,2.8500000000000227
2026-03-16 05:14:03.901736,23.58,69.0,9.79,4.46,1004.93,Rainy,Sunny,5,0,3,16,24.72,64.04,1003.02,-1.1400000000000006,1.9099999999999682
2026-03-16 05:14:05.917864,22.85,63.45,6.85,4.02,1003.9,Rainy,Sunny,5,0,3,16,23.58,69.0,1004.93,-0.7299999999999969,-1.0299999999999727
2026-03-16 05:14:07.939547,23.29,68.35,10.04,3.13,1003.8,Rainy,Sunny,5,0,3,16,22.85,63.45,1003.9,0.4399999999999977,-0.10000000000002274
2026-03-16 05:14:09.957453,25.99,65.68,10.41,3.45,1008.41,Rainy,Sunny,5,0,3,16,23.29,68.35,1003.8,2.6999999999999993,4.610000000000014
2026-03-16 05:14:11.979831,27.38,63.13,8.82,2.44,1008.34,Rainy,Sunny,5,0,3,16,25.99,65.68,1008.41,1.3900000000000006,-0.06999999999993634
2026-03-16 05:14:13.997417,27.52,65.57,5.99,2.49,1006.2,Rainy,Rainy,5,0,3,16,27.38,63.13,1008.34,0.14000000000000057,-2.1399999999999864
2026-03-16 05:14:16.014130,28.25,66.27,5.0,3.21,1005.19,Rainy,Rainy,5,0,3,16,27.52,65.57,1006.2,0.7300000000000004,-1.009999999999991
2026-03-16 05:14:18.030288,25.93,63.1,2.47,4.45,1006.03,Rainy,Rainy,5,0,3,16,28.25,66.27,1005.19,-2.3200000000000003,0.8399999999999181
2026-03-16 05:14:20.047198,25.85,69.98,4.23,4.32,1003.15,Sunny,Rainy,5,0,3,16,25.93,63.1,1006.03,-0.0799999999999983,-2.8799999999999955
2026-03-16 05:14:22.065013,26.51,62.42,6.55,4.43,1001.86,Sunny,Rainy,5,0,3,16,25.85,69.98,1003.15,0.6600000000000001,-1.2899999999999636
2026-03-16 05:14:24.083806,25.85,58.51,6.46,4.12,999.8,Sunny,Unknown,5,0,3,16,26.51,62.42,1001.86,-0.6600000000000001,-2.060000000000059
2026-03-16 05:14:26.109275,24.83,62.5,9.78,4.78,999.52,Sunny,Unknown,5,0,3,16,25.85,58.51,999.8,-1.0200000000000031,-0.2799999999999727
2026-03-16 05:14:28.128043,26.77,60.61,11.13,3.65,999.91,Sunny,Unknown,5,0,3,16,24.83,62.5,999.52,1.9400000000000013,0.38999999999998636
2026-03-16 05:14:30.146594,26.15,56.94,12.35,2.96,997.99,Rainy,Unknown,5,0,3,16,26.77,60.61,999.91,-0.620000000000001,-1.919999999999959
2026-03-16 05:14:32.165188,25.24,60.2,12.81,2.39,999.29,Sunny,Unknown,5,0,3,16,26.15,56.94,997.99,-0.9100000000000001,1.2999999999999545
2026-03-16 05:14:34.195193,26.48,62.53,15.51,4.09,1003.14,Rainy,Unknown,5,0,3,16,25.24,60.2,999.29,1.240000000000002,3.8500000000000227
2026-03-16 05:14:36.212669,27.08,54.97,14.22,3.29,1004.84,Rainy,Unknown,5,0,3,16,26.48,62.53,1003.14,0.5999999999999979,1.7000000000000455
2026-03-16 05:14:38.231761,25.79,57.77,13.46,3.42,1006.07,Rainy,Unknown,5,0,3,16,27.08,54.97,1004.84,-1.2899999999999991,1.2300000000000182
2026-03-16 05:14:40.251534,26.17,60.71,13.22,4.86,1006.46,Rainy,Unknown,5,0,3,16,25.79,57.77,1006.07,0.38000000000000256,0.38999999999998636
2026-03-16 05:14:42.271613,25.95,60.99,12.22,4.68,1002.78,Cloudy,Unknown,5,0,3,16,26.17,60.71,1006.46,-0.22000000000000242,-3.6800000000000637
2026-03-16 05:14:44.290602,23.59,59.45,12.48,2.94,1003.14,Rainy,Unknown,5,0,3,16,25.95,60.99,1002.78,-2.3599999999999994,0.36000000000001364
2026-03-16 05:14:46.311230,21.41,69.14,12.24,3.48,1004.8,Sunny,Unknown,5,0,3,16,23.59,59.45,1003.14,-2.1799999999999997,1.6599999999999682
2026-03-16 05:14:48.335458,21.44,68.89,14.69,4.34,1005.81,Rainy,Unknown,5,0,3,16,21.41,69.14,1004.8,0.030000000000001137,1.009999999999991
2026-03-16 05:14:50.351861,20.53,65.81,11.79,3.75,1008.44,Cloudy,Unknown,5,0,3,16,21.44,68.89,1005.81,-0.9100000000000001,2.630000000000109
2026-03-16 05:14:52.369849,22.19,68.28,10.8,3.91,1013.08,Sunny,Unknown,5,0,3,16,20.53,65.81,1008.44,1.6600000000000001,4.639999999999986
2026-03-16 05:14:54.387323,25.47,66.31,10.75,4.75,1008.85,Sunny,Unknown,5,0,3,16,22.19,68.28,1013.08,3.2799999999999976,-4.230000000000018
2026-03-16 05:14:56.413536,27.79,65.62,9.65,4.01,1005.17,Sunny,Unknown,5,0,3,16,25.47,66.31,1008.85,2.3200000000000003,-3.6800000000000637
2026-03-16 05:14:58.431107,29.64,60.72,9.39,2.72,1002.72,Sunny,Unknown,5,0,3,16,27.79,65.62,1005.17,1.8500000000000014,-2.449999999999932
2026-03-16 05:15:00.450094,29.9,58.25,8.76,3.1,1001.54,Sunny,Unknown,5,0,3,16,29.64,60.72,1002.72,0.259999999999998,-1.1800000000000637
2026-03-16 05:15:02.468665,27.95,61.93,7.98,4.39,1000.57,Rainy,Unknown,5,0,3,16,29.9,58.25,1001.54,-1.9499999999999993,-0.9699999999999136
2026-03-16 05:15:04.488980,25.74,61.63,7.1,5.16,1003.93,Rainy,Unknown,5,0,3,16,27.95,61.93,1000.57,-2.210000000000001,3.3599999999999
2026-03-16 05:15:06.506969,22.45,62.17,8.33,5.11,1003.2,Rainy,Unknown,5,0,3,16,25.74,61.63,1003.93,-3.289999999999999,-0.7299999999999045
2026-03-16 05:15:08.525796,23.36,64.17,8.71,5.41,1006.2,Rainy,Unknown,5,0,3,16,22.45,62.17,1003.2,0.9100000000000001,3.0
2026-03-16 05:15:10.544709,22.0,65.31,9.3,4.26,1004.44,Rainy,Unknown,5,0,3,16,23.36,64.17,1006.2,-1.3599999999999994,-1.759999999999991
2026-03-16 09:54:18.242266,30.5,43.0,0.0,8.2,1013.5,Unknown,Unknown,9,0,3,16,22.0,65.31,1004.44,8.5,9.059999999999945
2026-03-16 09:54:20.019247,30.4,43.5,0.0,8.3,1012.25,Unknown,Unknown,9,0,3,16,30.5,43.0,1013.5,-0.10000000000000142,-1.25
2026-03-16 09:54:22.021314,30.4,43.83,0.0,8.07,1012.0,Unknown,Model not loaded,9,0,3,16,30.4,43.5,1012.25,0.0,-0.25
2026-03-16 09:54:24.025399,30.42,44.12,0.0,8.05,1012.25,Unknown,Model not loaded,9,0,3,16,30.4,43.83,1012.0,0.020000000000003126,0.25
2026-03-16 09:54:26.026399,30.26,44.3,0.0,7.96,1012.2,Unknown,Model not loaded,9,0,3,16,30.42,44.12,1012.25,-0.16000000000000014,-0.049999999999954525
2026-03-16 09:54:28.027105,30.18,44.9,0.0,8.0,1011.6,Unknown,Model not loaded,9,0,3,16,30.26,44.3,1012.2,-0.08000000000000185,-0.6000000000000227
2026-03-16 09:54:30.028599,30.1,45.5,0.0,8.0,1011.7,Unknown,Model not loaded,9,0,3,16,30.18,44.9,1011.6,-0.0799999999999983,0.10000000000002274
2026-03-16 09:54:32.032676,30.02,45.1,0.0,8.08,1011.8,Unknown,Model not loaded,9,0,3,16,30.1,45.5,1011.7,-0.08000000000000185,0.09999999999990905
2026-03-16 09:54:34.032760,29.82,44.6,0.0,8.0,1011.8,Unknown,Model not loaded,9,0,3,16,30.02,45.1,1011.8,-0.1999999999999993,0.0
2026-03-16 09:54:36.036185,29.96,44.9,0.0,8.16,1011.9,Unknown,Model not loaded,9,0,3,16,29.82,44.6,1011.8,0.14000000000000057,0.10000000000002274
2026-03-16 09:54:38.040412,29.98,44.2,0.0,8.12,1011.9,Unknown,Model not loaded,9,0,3,16,29.96,44.9,1011.9,0.019999999999999574,0.0
2026-03-16 09:54:40.041087,30.1,44.0,0.0,8.08,1012.1,Unknown,Model not loaded,9,0,3,16,29.98,44.2,1011.9,0.120000000000001,0.20000000000004547
2026-03-16 09:54:42.044903,30.14,44.8,0.0,8.04,1012.3,Unknown,Model not loaded,9,0,3,16,30.1,44.0,1012.1,0.03999999999999915,0.1999999999999318
2026-03-16 09:54:44.045078,30.3,44.8,0.0,8.16,1012.1,Unknown,Model not loaded,9,0,3,16,30.14,44.8,1012.3,0.16000000000000014,-0.1999999999999318
2026-03-16 09:54:46.051120,30.26,44.2,0.0,8.0,1011.7,Unknown,Model not loaded,9,0,3,16,30.3,44.8,1012.1,-0.03999999999999915,-0.39999999999997726
2026-03-16 09:54:48.054695,30.14,45.0,0.0,8.04,1012.0,Unknown,Model not loaded,9,0,3,16,30.26,44.2,1011.7,-0.120000000000001,0.2999999999999545
2026-03-16 09:54:50.053501,30.14,45.0,0.0,8.0,1011.6,Unknown,Model not loaded,9,0,3,16,30.14,45.0,1012.0,0.0,-0.39999999999997726
2026-03-16 09:54:52.056320,30.16,44.4,0.0,8.08,1011.7,Unknown,Model not loaded,9,0,3,16,30.14,45.0,1011.6,0.019999999999999574,0.10000000000002274
2026-03-16 09:54:54.059500,30.06,44.9,0.0,7.96,1011.5,Unknown,Model not loaded,9,0,3,16,30.16,44.4,1011.7,-0.10000000000000142,-0.20000000000004547
2026-03-16 09:54:56.055176,29.98,44.8,0.0,7.96,1012.0,Unknown,Model not loaded,9,0,3,16,30.06,44.9,1011.5,-0.0799999999999983,0.5
2026-03-16 09:54:58.055919,30.0,44.0,0.0,7.96,1011.7,Unknown,Model not loaded,9,0,3,16,29.98,44.8,1012.0,0.019999999999999574,-0.2999999999999545
2026-03-16 09:55:00.057117,29.98,44.0,0.0,7.88,1012.0,Unknown,Model not loaded,9,0,3,16,30.0,44.0,1011.7,-0.019999999999999574,0.2999999999999545
2026-03-16 09:55:02.060414,29.84,44.8,0.0,7.88,1011.5,Unknown,Model not loaded,9,0,3,16,29.98,44.0,1012.0,-0.14000000000000057,-0.5
2026-03-16 09:55:04.062769,29.94,44.3,0.0,7.96,1012.0,Unknown,Model not loaded,9,0,3,16,29.84,44.8,1011.5,0.10000000000000142,0.5
2026-03-16 09:55:06.065420,29.98,44.3,0.0,8.08,1011.8,Unknown,Model not loaded,9,0,3,16,29.94,44.3,1012.0,0.03999999999999915,-0.20000000000004547
2026-03-16 09:55:08.067766,29.94,44.4,0.0,7.96,1012.1,Unknown,Model not loaded,9,0,3,16,29.98,44.3,1011.8,-0.03999999999999915,0.3000000000000682
2026-03-16 09:57:49.879400,30.5,43.0,0.0,8.2,1013.5,Model not loaded,Model not loaded,9,0,3,16,29.94,44.4,1012.1,0.5599999999999987,1.3999999999999773
2026-03-16 09:57:51.650433,30.4,43.5,0.0,8.3,1012.25,Model not loaded,Model not loaded,9,0,3,16,30.5,43.0,1013.5,-0.10000000000000142,-1.25
2026-03-16 09:57:53.653085,30.4,43.83,0.0,8.07,1012.0,Model not loaded,Model not loaded,9,0,3,16,30.4,43.5,1012.25,0.0,-0.25
2026-03-16 09:57:55.649594,30.42,44.12,0.0,8.05,1012.25,Model not loaded,Model not loaded,9,0,3,16,30.4,43.83,1012.0,0.020000000000003126,0.25
2026-03-16 09:57:57.657489,30.26,44.3,0.0,7.96,1012.2,Model not loaded,Model not loaded,9,0,3,16,30.42,44.12,1012.25,-0.16000000000000014,-0.049999999999954525
2026-03-16 09:57:59.644092,30.18,44.9,0.0,8.0,1011.6,Model not loaded,Model not loaded,9,0,3,16,30.26,44.3,1012.2,-0.08000000000000185,-0.6000000000000227
2026-03-16 09:58:01.648473,30.1,45.5,0.0,8.0,1011.7,Model not loaded,Model not loaded,9,0,3,16,30.18,44.9,1011.6,-0.0799999999999983,0.10000000000002274
2026-03-16 09:58:03.653434,30.02,45.1,0.0,8.08,1011.8,Model not loaded,Model not loaded,9,0,3,16,30.1,45.5,1011.7,-0.08000000000000185,0.09999999999990905
2026-03-16 09:58:05.665731,29.82,44.6,0.0,8.0,1011.8,Model not loaded,Model not loaded,9,0,3,16,30.02,45.1,1011.8,-0.1999999999999993,0.0
2026-03-16 09:58:07.650940,29.96,44.9,0.0,8.16,1011.9,Model not loaded,Model not loaded,9,0,3,16,29.82,44.6,1011.8,0.14000000000000057,0.10000000000002274
2026-03-16 09:58:09.648353,29.98,44.2,0.0,8.12,1011.9,Model not loaded,Model not loaded,9,0,3,16,29.96,44.9,1011.9,0.019999999999999574,0.0
2026-03-16 09:58:11.647720,30.1,44.0,0.0,8.08,1012.1,Model not loaded,Model not loaded,9,0,3,16,29.98,44.2,1011.9,0.120000000000001,0.20000000000004547
2026-03-16 09:58:53.309813,30.5,43.0,0.0,8.2,1013.5,Model not loaded,Model not loaded,9,0,3,16,30.1,44.0,1012.1,0.3999999999999986,1.3999999999999773
2026-03-16 09:58:55.087415,30.4,43.5,0.0,8.3,1012.25,Model not loaded,Model not loaded,9,0,3,16,30.5,43.0,1013.5,-0.10000000000000142,-1.25
2026-03-16 09:58:57.101718,30.4,43.83,0.0,8.07,1012.0,Model not loaded,Model not loaded,9,0,3,16,30.4,43.5,1012.25,0.0,-0.25
2026-03-16 09:58:59.133537,30.42,44.12,0.0,8.05,1012.25,Model not loaded,Model not loaded,9,0,3,16,30.4,43.83,1012.0,0.020000000000003126,0.25
2026-03-16 09:59:01.103900,30.26,44.3,0.0,7.96,1012.2,Model not loaded,Model not loaded,9,0,3,16,30.42,44.12,1012.25,-0.16000000000000014,-0.049999999999954525
2026-03-16 09:59:03.121745,30.18,44.9,0.0,8.0,1011.6,Model not loaded,Model not loaded,9,0,3,16,30.26,44.3,1012.2,-0.08000000000000185,-0.6000000000000227
2026-03-16 09:59:05.103487,30.1,45.5,0.0,8.0,1011.7,Model not loaded,Model not loaded,9,0,3,16,30.18,44.9,1011.6,-0.0799999999999983,0.10000000000002274
2026-03-16 10:01:22.713785,30.02,45.1,0.0,8.08,1011.8,Model not loaded,Model not loaded,10,0,3,16,30.1,45.5,1011.7,-0.08000000000000185,0.09999999999990905
2026-03-16 10:01:22.752045,29.82,44.6,0.0,8.0,1011.8,Model not loaded,Model not loaded,10,0,3,16,30.02,45.1,1011.8,-0.1999999999999993,0.0
2026-03-16 10:01:22.781762,29.96,44.9,0.0,8.16,1011.9,Model not loaded,Model not loaded,10,0,3,16,29.82,44.6,1011.8,0.14000000000000057,0.10000000000002274
2026-03-16 10:01:22.812951,29.98,44.2,0.0,8.12,1011.9,Model not loaded,Model not loaded,10,0,3,16,29.96,44.9,1011.9,0.019999999999999574,0.0
2026-03-16 10:01:22.841592,30.1,44.0,0.0,8.08,1012.1,Model not loaded,Model not loaded,10,0,3,16,29.98,44.2,1011.9,0.120000000000001,0.20000000000004547
2026-03-16 10:01:22.869820,30.14,44.8,0.0,8.04,1012.3,Model not loaded,Model not loaded,10,0,3,16,30.1,44.0,1012.1,0.03999999999999915,0.1999999999999318
2026-03-16 10:01:22.904250,30.3,44.8,0.0,8.16,1012.1,Model not loaded,Model not loaded,10,0,3,16,30.14,44.8,1012.3,0.16000000000000014,-0.1999999999999318
2026-03-16 10:01:22.943412,30.26,44.2,0.0,8.0,1011.7,Model not loaded,Model not loaded,10,0,3,16,30.3,44.8,1012.1,-0.03999999999999915,-0.39999999999997726
2026-03-16 10:01:22.980706,30.14,45.0,0.0,8.04,1012.0,Model not loaded,Model not loaded,10,0,3,16,30.26,44.2,1011.7,-0.120000000000001,0.2999999999999545
2026-03-16 10:01:23.016859,30.14,45.0,0.0,8.0,1011.6,Model not loaded,Model not loaded,10,0,3,16,30.14,45.0,1012.0,0.0,-0.39999999999997726
2026-03-16 10:01:23.050397,30.16,44.4,0.0,8.08,1011.7,Model not loaded,Model not loaded,10,0,3,16,30.14,45.0,1011.6,0.019999999999999574,0.10000000000002274
2026-03-16 10:01:23.081214,30.06,44.9,0.0,7.96,1011.5,Model not loaded,Model not loaded,10,0,3,16,30.16,44.4,1011.7,-0.10000000000000142,-0.20000000000004547
2026-03-16 10:01:23.113842,29.98,44.8,0.0,7.96,1012.0,Model not loaded,Model not loaded,10,0,3,16,30.06,44.9,1011.5,-0.0799999999999983,0.5
2026-03-16 10:01:23.145862,30.0,44.0,0.0,7.96,1011.7,Model not loaded,Model not loaded,10,0,3,16,29.98,44.8,1012.0,0.019999999999999574,-0.2999999999999545
2026-03-16 10:01:23.174601,29.98,44.0,0.0,7.88,1012.0,Model not loaded,Model not loaded,10,0,3,16,30.0,44.0,1011.7,-0.019999999999999574,0.2999999999999545
2026-03-16 10:01:23.206015,29.84,44.8,0.0,7.88,1011.5,Model not loaded,Model not loaded,10,0,3,16,29.98,44.0,1012.0,-0.14000000000000057,-0.5
2026-03-16 10:01:23.236326,29.94,44.3,0.0,7.96,1012.0,Model not loaded,Model not loaded,10,0,3,16,29.84,44.8,1011.5,0.10000000000000142,0.5
2026-03-16 10:01:23.264266,29.98,44.3,0.0,8.08,1011.8,Model not loaded,Model not loaded,10,0,3,16,29.94,44.3,1012.0,0.03999999999999915,-0.20000000000004547
2026-03-16 10:01:23.295551,29.94,44.4,0.0,7.96,1012.1,Model not loaded,Model not loaded,10,0,3,16,29.98,44.3,1011.8,-0.03999999999999915,0.3000000000000682
2026-03-16 10:01:23.332803,29.84,44.6,0.0,8.04,1012.1,Model not loaded,Model not loaded,10,0,3,16,29.94,44.4,1012.1,-0.10000000000000142,0.0
2026-03-16 10:01:23.363920,29.9,43.7,0.0,8.08,1012.2,Model not loaded,Model not loaded,10,0,3,16,29.84,44.6,1012.1,0.05999999999999872,0.10000000000002274
2026-03-16 10:01:23.410646,29.9,43.7,0.0,8.0,1012.2,Model not loaded,Model not loaded,10,0,3,16,29.9,43.7,1012.2,0.0,0.0
2026-03-16 10:01:23.446018,29.86,44.4,0.0,8.0,1011.9,Model not loaded,Model not loaded,10,0,3,16,29.9,43.7,1012.2,-0.03999999999999915,-0.3000000000000682
2026-03-16 10:01:23.475429,29.86,44.3,0.0,8.12,1012.2,Model not loaded,Model not loaded,10,0,3,16,29.86,44.4,1011.9,0.0,0.3000000000000682
2026-03-16 10:01:23.508304,29.78,43.4,0.0,8.16,1012.0,Model not loaded,Model not loaded,10,0,3,16,29.86,44.3,1012.2,-0.0799999999999983,-0.20000000000004547
2026-03-16 10:01:23.544836,29.7,44.0,0.0,8.08,1012.1,Model not loaded,Model not loaded,10,0,3,16,29.78,43.4,1012.0,-0.08000000000000185,0.10000000000002274
2026-03-16 10:01:23.575718,29.58,44.2,0.0,8.16,1012.0,Model not loaded,Model not loaded,10,0,3,16,29.7,44.0,1012.1,-0.120000000000001,-0.10000000000002274
2026-03-16 10:01:23.606209,29.74,44.0,0.0,8.08,1012.2,Model not loaded,Model not loaded,10,0,3,16,29.58,44.2,1012.0,0.16000000000000014,0.20000000000004547
2026-03-16 10:01:23.638906,29.8,44.2,0.0,8.04,1012.1,Model not loaded,Model not loaded,10,0,3,16,29.74,44.0,1012.2,0.060000000000002274,-0.10000000000002274
2026-03-16 10:01:23.670535,29.92,44.3,0.0,7.92,1012.4,Model not loaded,Model not loaded,10,0,3,16,29.8,44.2,1012.1,0.120000000000001,0.2999999999999545
2026-03-16 10:01:23.702964,30.12,44.6,0.0,7.92,1012.1,Model not loaded,Model not loaded,10,0,3,16,29.92,44.3,1012.4,0.1999999999999993,-0.2999999999999545
2026-03-16 10:01:23.734069,30.12,44.7,0.0,8.0,1012.0,Model not loaded,Model not loaded,10,0,3,16,30.12,44.6,1012.1,0.0,-0.10000000000002274
2026-03-16 10:01:23.763848,30.1,44.8,0.0,7.96,1012.2,Model not loaded,Model not loaded,10,0,3,16,30.12,44.7,1012.0,-0.019999999999999574,0.20000000000004547
2026-03-16 10:01:23.794729,30.06,44.9,0.0,7.96,1011.9,Model not loaded,Model not loaded,10,0,3,16,30.1,44.8,1012.2,-0.0400000000000027,-0.3000000000000682
2026-03-16 10:01:23.830782,29.96,45.5,0.0,7.96,1011.5,Model not loaded,Model not loaded,10,0,3,16,30.06,44.9,1011.9,-0.09999999999999787,-0.39999999999997726
2026-03-16 10:01:23.862913,29.86,45.5,0.0,7.92,1011.6,Model not loaded,Model not loaded,10,0,3,16,29.96,45.5,1011.5,-0.10000000000000142,0.10000000000002274
2026-03-16 10:01:23.892299,29.9,46.1,0.0,7.92,1011.5,Model not loaded,Model not loaded,10,0,3,16,29.86,45.5,1011.6,0.03999999999999915,-0.10000000000002274
2026-03-16 10:01:23.929160,29.88,46.1,0.0,8.04,1011.6,Model not loaded,Model not loaded,10,0,3,16,29.9,46.1,1011.5,-0.019999999999999574,0.10000000000002274
2026-03-16 10:01:23.965862,30.06,45.9,0.0,8.0,1012.0,Model not loaded,Model not loaded,10,0,3,16,29.88,46.1,1011.6,0.17999999999999972,0.39999999999997726
2026-03-16 10:01:23.994440,30.12,45.2,0.0,8.04,1012.3,Model not loaded,Model not loaded,10,0,3,16,30.06,45.9,1012.0,0.060000000000002274,0.2999999999999545
2026-03-16 10:01:24.026436,30.18,44.4,0.0,8.16,1012.6,Model not loaded,Model not loaded,10,0,3,16,30.12,45.2,1012.3,0.05999999999999872,0.3000000000000682
2026-03-16 10:01:24.055868,30.22,43.7,0.0,8.0,1012.5,Model not loaded,Model not loaded,10,0,3,16,30.18,44.4,1012.6,0.03999999999999915,-0.10000000000002274
2026-03-16 10:01:24.087540,30.14,43.1,0.0,8.04,1012.2,Model not loaded,Model not loaded,10,0,3,16,30.22,43.7,1012.5,-0.0799999999999983,-0.2999999999999545
2026-03-16 10:01:24.116578,30.02,43.0,0.0,8.08,1011.6,Model not loaded,Model not loaded,10,0,3,16,30.14,43.1,1012.2,-0.120000000000001,-0.6000000000000227
2026-03-16 10:01:24.147650,29.98,43.2,0.0,8.08,1011.8,Model not loaded,Model not loaded,10,0,3,16,30.02,43.0,1011.6,-0.03999999999999915,0.1999999999999318
2026-03-16 10:01:24.179723,30.02,43.1,0.0,8.04,1011.7,Model not loaded,Model not loaded,10,0,3,16,29.98,43.2,1011.8,0.03999999999999915,-0.09999999999990905
2026-03-16 10:01:24.213702,29.94,43.5,0.0,8.12,1011.5,Model not loaded,Model not loaded,10,0,3,16,30.02,43.1,1011.7,-0.0799999999999983,-0.20000000000004547
2026-03-16 10:01:24.241735,29.92,43.8,0.0,8.0,1011.4,Model not loaded,Model not loaded,10,0,3,16,29.94,43.5,1011.5,-0.019999999999999574,-0.10000000000002274
2026-03-16 10:01:24.273256,29.92,44.8,0.0,7.88,1011.8,Model not loaded,Model not loaded,10,0,3,16,29.92,43.8,1011.4,0.0,0.39999999999997726
2026-03-16 10:01:24.304827,29.96,45.3,0.0,8.0,1011.3,Model not loaded,Model not loaded,10,0,3,16,29.92,44.8,1011.8,0.03999999999999915,-0.5
2026-03-16 10:01:24.335396,29.84,46.1,0.0,7.96,1011.1,Model not loaded,Model not loaded,10,0,3,16,29.96,45.3,1011.3,-0.120000000000001,-0.1999999999999318
2026-03-16 10:01:24.367709,29.98,45.6,0.0,7.88,1011.7,Model not loaded,Model not loaded,10,0,3,16,29.84,46.1,1011.1,0.14000000000000057,0.6000000000000227
2026-03-16 10:01:24.398803,30.06,45.3,0.0,7.96,1011.6,Model not loaded,Model not loaded,10,0,3,16,29.98,45.6,1011.7,0.0799999999999983,-0.10000000000002274
2026-03-16 10:01:24.428283,30.1,45.0,0.0,7.96,1011.6,Model not loaded,Model not loaded,10,0,3,16,30.06,45.3,1011.6,0.0400000000000027,0.0
2026-03-16 10:01:24.456308,30.1,45.1,0.0,7.84,1011.7,Model not loaded,Model not loaded,10,0,3,16,30.1,45.0,1011.6,0.0,0.10000000000002274
2026-03-16 10:01:24.491326,30.04,44.9,0.0,7.92,1012.0,Model not loaded,Model not loaded,10,0,3,16,30.1,45.1,1011.7,-0.060000000000002274,0.2999999999999545
2026-03-16 10:01:24.526009,29.92,45.0,0.0,7.96,1011.9,Model not loaded,Model not loaded,10,0,3,16,30.04,44.9,1012.0,-0.11999999999999744,-0.10000000000002274
2026-03-16 10:01:24.558053,29.78,45.2,0.0,7.88,1012.1,Model not loaded,Model not loaded,10,0,3,16,29.92,45.0,1011.9,-0.14000000000000057,0.20000000000004547
2026-03-16 10:01:24.587010,29.78,44.9,0.0,8.04,1011.7,Model not loaded,Model not loaded,10,0,3,16,29.78,45.2,1012.1,0.0,-0.39999999999997726
2026-03-16 10:01:24.616662,29.72,44.8,0.0,8.16,1012.0,Model not loaded,Model not loaded,10,0,3,16,29.78,44.9,1011.7,-0.060000000000002274,0.2999999999999545
2026-03-16 10:01:24.647156,29.9,44.4,0.0,8.08,1011.6,Model not loaded,Model not loaded,10,0,3,16,29.72,44.8,1012.0,0.17999999999999972,-0.39999999999997726
2026-03-16 10:01:24.679741,30.0,44.9,0.0,8.2,1011.2,Model not loaded,Model not loaded,10,0,3,16,29.9,44.4,1011.6,0.10000000000000142,-0.39999999999997726
2026-03-16 10:01:24.708298,30.16,45.0,0.0,8.16,1011.5,Model not loaded,Model not loaded,10,0,3,16,30.0,44.9,1011.2,0.16000000000000014,0.2999999999999545
2026-03-16 10:01:24.740988,30.12,44.9,0.0,8.16,1011.9,Model not loaded,Model not loaded,10,0,3,16,30.16,45.0,1011.5,-0.03999999999999915,0.39999999999997726
2026-03-16 10:01:24.770573,30.14,44.2,0.0,8.12,1011.8,Model not loaded,Model not loaded,10,0,3,16,30.12,44.9,1011.9,0.019999999999999574,-0.10000000000002274
2026-03-16 10:01:24.799396,30.1,43.9,0.0,8.2,1011.9,Model not loaded,Model not loaded,10,0,3,16,30.14,44.2,1011.8,-0.03999999999999915,0.10000000000002274
2026-03-16 10:01:24.828145,30.06,43.2,0.0,8.12,1011.9,Model not loaded,Model not loaded,10,0,3,16,30.1,43.9,1011.9,-0.0400000000000027,0.0
2026-03-16 10:01:24.856151,30.06,42.9,0.0,8.12,1011.4,Model not loaded,Model not loaded,10,0,3,16,30.06,43.2,1011.9,0.0,-0.5
2026-03-16 10:01:24.885310,30.04,42.6,0.0,7.96,1011.4,Model not loaded,Model not loaded,10,0,3,16,30.06,42.9,1011.4,-0.019999999999999574,0.0
2026-03-16 10:01:25.259831,30.16,42.7,0.0,7.84,1011.1,Model not loaded,Model not loaded,10,0,3,16,30.04,42.6,1011.4,0.120000000000001,-0.2999999999999545
2026-03-16 10:01:27.258078,30.16,42.7,0.0,7.68,1011.1,Model not loaded,Model not loaded,10,0,3,16,30.16,42.7,1011.1,0.0,0.0
2026-03-16 10:01:29.264561,30.24,43.6,0.0,7.72,1011.4,Model not loaded,Model not loaded,10,0,3,16,30.16,42.7,1011.1,0.0799999999999983,0.2999999999999545
2026-03-16 10:01:31.264242,30.16,43.6,0.0,7.84,1012.0,Model not loaded,Model not loaded,10,0,3,16,30.24,43.6,1011.4,-0.0799999999999983,0.6000000000000227
2026-03-16 10:01:33.262351,30.12,44.0,0.0,7.96,1012.1,Model not loaded,Model not loaded,10,0,3,16,30.16,43.6,1012.0,-0.03999999999999915,0.10000000000002274
2026-03-16 10:01:35.266265,30.0,44.0,0.0,8.08,1012.1,Model not loaded,Model not loaded,10,0,3,16,30.12,44.0,1012.1,-0.120000000000001,0.0
2026-03-16 10:01:37.266721,29.96,45.0,0.0,8.24,1012.4,Model not loaded,Model not loaded,10,0,3,16,30.0,44.0,1012.1,-0.03999999999999915,0.2999999999999545
2026-03-16 10:01:39.265932,29.9,45.1,0.0,8.24,1012.3,Model not loaded,Model not loaded,10,0,3,16,29.96,45.0,1012.4,-0.060000000000002274,-0.10000000000002274
2026-03-16 10:01:41.281264,30.02,45.4,0.0,8.12,1011.9,Model not loaded,Model not loaded,10,0,3,16,29.9,45.1,1012.3,0.120000000000001,-0.39999999999997726
2026-03-16 10:04:01.211409,30.02,45.6,0.0,8.0,1011.5,Model not loaded,Model not loaded,10,0,3,16,30.02,45.4,1011.9,0.0,-0.39999999999997726
2026-03-16 10:04:01.243277,30.04,46.1,0.0,7.88,1011.5,Model not loaded,Model not loaded,10,0,3,16,30.02,45.6,1011.5,0.019999999999999574,0.0
2026-03-16 10:04:01.274197,30.0,45.5,0.0,7.84,1011.4,Model not loaded,Model not loaded,10,0,3,16,30.04,46.1,1011.5,-0.03999999999999915,-0.10000000000002274
2026-03-16 10:04:01.309065,30.04,44.8,0.0,7.88,1011.4,Model not loaded,Model not loaded,10,0,3,16,30.0,45.5,1011.4,0.03999999999999915,0.0
2026-03-16 10:04:01.342785,29.84,44.6,0.0,8.04,1011.5,Model not loaded,Model not loaded,10,0,3,16,30.04,44.8,1011.4,-0.1999999999999993,0.10000000000002274
2026-03-16 10:04:01.373064,29.92,44.6,0.0,8.12,1011.9,Model not loaded,Model not loaded,10,0,3,16,29.84,44.6,1011.5,0.08000000000000185,0.39999999999997726
2026-03-16 10:04:01.409411,29.9,44.5,0.0,8.2,1011.9,Model not loaded,Model not loaded,10,0,3,16,29.92,44.6,1011.9,-0.020000000000003126,0.0
2026-03-16 10:04:01.439684,29.88,45.0,0.0,8.2,1012.1,Model not loaded,Model not loaded,10,0,3,16,29.9,44.5,1011.9,-0.019999999999999574,0.20000000000004547
2026-03-16 10:04:01.474815,29.88,45.5,0.0,8.16,1011.9,Model not loaded,Model not loaded,10,0,3,16,29.88,45.0,1012.1,0.0,-0.20000000000004547
2026-03-16 10:04:01.510753,29.88,45.9,0.0,8.16,1012.1,Model not loaded,Model not loaded,10,0,3,16,29.88,45.5,1011.9,0.0,0.20000000000004547
2026-03-16 10:04:01.547281,29.94,45.7,0.0,8.16,1011.6,Model not loaded,Model not loaded,10,0,3,16,29.88,45.9,1012.1,0.060000000000002274,-0.5
2026-03-16 10:04:01.587487,30.1,45.8,0.0,8.08,1012.2,Model not loaded,Model not loaded,10,0,3,16,29.94,45.7,1011.6,0.16000000000000014,0.6000000000000227
2026-03-16 10:04:01.624981,30.1,45.6,0.0,8.08,1011.8,Model not loaded,Model not loaded,10,0,3,16,30.1,45.8,1012.2,0.0,-0.40000000000009095
2026-03-16 10:04:01.657875,30.08,45.3,0.0,7.96,1011.7,Model not loaded,Model not loaded,10,0,3,16,30.1,45.6,1011.8,-0.020000000000003126,-0.09999999999990905
2026-03-16 10:04:01.689631,30.12,45.5,0.0,7.88,1011.4,Model not loaded,Model not loaded,10,0,3,16,30.08,45.3,1011.7,0.0400000000000027,-0.3000000000000682
2026-03-16 10:04:01.724883,30.14,46.0,0.0,7.96,1011.9,Model not loaded,Model not loaded,10,0,3,16,30.12,45.5,1011.4,0.019999999999999574,0.5
2026-03-16 10:04:01.761703,30.08,45.8,0.0,8.08,1011.3,Model not loaded,Model not loaded,10,0,3,16,30.14,46.0,1011.9,-0.060000000000002274,-0.6000000000000227
2026-03-16 10:04:01.798489,30.22,46.0,0.0,7.96,1011.6,Model not loaded,Model not loaded,10,0,3,16,30.08,45.8,1011.3,0.14000000000000057,0.3000000000000682
2026-03-16 10:04:01.841487,30.06,45.6,0.0,8.0,1011.7,Model not loaded,Model not loaded,10,0,3,16,30.22,46.0,1011.6,-0.16000000000000014,0.10000000000002274
2026-03-16 10:04:01.881537,30.06,45.8,0.0,7.96,1011.7,Model not loaded,Model not loaded,10,0,3,16,30.06,45.6,1011.7,0.0,0.0
2026-03-16 10:04:01.929916,29.94,45.4,0.0,7.84,1011.5,Model not loaded,Model not loaded,10,0,3,16,30.06,45.8,1011.7,-0.11999999999999744,-0.20000000000004547
2026-03-16 10:04:01.983109,29.92,45.3,0.0,7.84,1011.9,Model not loaded,Model not loaded,10,0,3,16,29.94,45.4,1011.5,-0.019999999999999574,0.39999999999997726
2026-03-16 10:04:02.032864,29.76,44.4,0.0,7.88,1011.9,Model not loaded,Model not loaded,10,0,3,16,29.92,45.3,1011.9,-0.16000000000000014,0.0
2026-03-16 10:04:02.074122,29.76,44.6,0.0,7.96,1012.3,Model not loaded,Model not loaded,10,0,3,16,29.76,44.4,1011.9,0.0,0.39999999999997726
2026-03-16 10:04:02.112434,29.76,44.3,0.0,7.92,1012.5,Model not loaded,Model not loaded,10,0,3,16,29.76,44.6,1012.3,0.0,0.20000000000004547
2026-03-16 10:04:02.150484,29.76,44.3,0.0,8.0,1012.2,Model not loaded,Model not loaded,10,0,3,16,29.76,44.3,1012.5,0.0,-0.2999999999999545
2026-03-16 10:04:02.190416,29.66,44.6,0.0,8.04,1011.8,Model not loaded,Model not loaded,10,0,3,16,29.76,44.3,1012.2,-0.10000000000000142,-0.40000000000009095
2026-03-16 10:04:02.223511,29.82,45.0,0.0,8.0,1011.5,Model not loaded,Model not loaded,10,0,3,16,29.66,44.6,1011.8,0.16000000000000014,-0.2999999999999545
2026-03-16 10:04:02.251957,29.9,44.7,0.0,8.0,1011.1,Model not loaded,Model not loaded,10,0,3,16,29.82,45.0,1011.5,0.0799999999999983,-0.39999999999997726
2026-03-16 10:04:02.281490,29.9,44.3,0.0,8.12,1010.8,Model not loaded,Model not loaded,10,0,3,16,29.9,44.7,1011.1,0.0,-0.3000000000000682
2026-03-16 10:04:02.311739,29.84,44.7,0.0,8.0,1011.4,Model not loaded,Model not loaded,10,0,3,16,29.9,44.3,1010.8,-0.05999999999999872,0.6000000000000227
2026-03-16 10:04:02.343902,30.0,44.7,0.0,7.88,1011.5,Model not loaded,Model not loaded,10,0,3,16,29.84,44.7,1011.4,0.16000000000000014,0.10000000000002274
2026-03-16 10:04:02.379724,29.8,45.3,0.0,7.92,1011.5,Model not loaded,Model not loaded,10,0,3,16,30.0,44.7,1011.5,-0.1999999999999993,0.0
2026-03-16 10:04:02.414020,29.9,46.3,0.0,7.8,1011.4,Model not loaded,Model not loaded,10,0,3,16,29.8,45.3,1011.5,0.09999999999999787,-0.10000000000002274
2026-03-16 10:04:02.447942,29.88,47.0,0.0,7.68,1011.3,Model not loaded,Model not loaded,10,0,3,16,29.9,46.3,1011.4,-0.019999999999999574,-0.10000000000002274
2026-03-16 10:04:02.483029,30.0,46.8,0.0,7.68,1011.3,Model not loaded,Model not loaded,10,0,3,16,29.88,47.0,1011.3,0.120000000000001,0.0
2026-03-16 10:04:02.512864,29.98,46.4,0.0,7.68,1011.5,Model not loaded,Model not loaded,10,0,3,16,30.0,46.8,1011.3,-0.019999999999999574,0.20000000000004547
2026-03-16 10:04:02.541298,30.02,45.8,0.0,7.76,1011.9,Model not loaded,Model not loaded,10,0,3,16,29.98,46.4,1011.5,0.03999999999999915,0.39999999999997726
2026-03-16 10:04:02.570446,29.98,45.7,0.0,7.76,1011.9,Model not loaded,Model not loaded,10,0,3,16,30.02,45.8,1011.9,-0.03999999999999915,0.0
2026-03-16 10:04:02.602964,30.06,45.0,0.0,7.88,1012.1,Model not loaded,Model not loaded,10,0,3,16,29.98,45.7,1011.9,0.0799999999999983,0.20000000000004547
2026-03-16 10:04:02.637065,30.06,44.7,0.0,7.92,1011.7,Model not loaded,Model not loaded,10,0,3,16,30.06,45.0,1012.1,0.0,-0.39999999999997726
2026-03-16 10:04:02.666624,30.02,45.3,0.0,7.92,1011.7,Model not loaded,Model not loaded,10,0,3,16,30.06,44.7,1011.7,-0.03999999999999915,0.0
2026-03-16 10:04:02.699722,30.12,45.6,0.0,7.92,1011.3,Model not loaded,Model not loaded,10,0,3,16,30.02,45.3,1011.7,0.10000000000000142,-0.40000000000009095
2026-03-16 10:04:02.748374,30.1,45.5,0.0,7.96,1011.6,Model not loaded,Model not loaded,10,0,3,16,30.12,45.6,1011.3,-0.019999999999999574,0.3000000000000682
2026-03-16 10:04:02.819970,30.14,45.8,0.0,7.92,1011.9,Model not loaded,Model not loaded,10,0,3,16,30.1,45.5,1011.6,0.03999999999999915,0.2999999999999545
2026-03-16 10:04:02.874449,30.08,45.4,0.0,7.96,1012.1,Model not loaded,Model not loaded,10,0,3,16,30.14,45.8,1011.9,-0.060000000000002274,0.20000000000004547
2026-03-16 10:04:02.916237,30.06,44.7,0.0,8.08,1011.8,Model not loaded,Model not loaded,10,0,3,16,30.08,45.4,1012.1,-0.019999999999999574,-0.3000000000000682
2026-03-16 10:04:02.957806,30.1,45.0,0.0,8.08,1011.7,Model not loaded,Model not loaded,10,0,3,16,30.06,44.7,1011.8,0.0400000000000027,-0.09999999999990905
2026-03-16 10:04:02.993613,30.06,44.8,0.0,8.08,1011.7,Model not loaded,Model not loaded,10,0,3,16,30.1,45.0,1011.7,-0.0400000000000027,0.0
2026-03-16 10:04:03.029667,30.0,44.4,0.0,8.0,1011.4,Model not loaded,Model not loaded,10,0,3,16,30.06,44.8,1011.7,-0.05999999999999872,-0.3000000000000682
2026-03-16 10:04:03.060535,30.0,45.2,0.0,7.96,1011.3,Model not loaded,Model not loaded,10,0,3,16,30.0,44.4,1011.4,0.0,-0.10000000000002274
2026-03-16 10:04:03.093046,29.98,45.1,0.0,7.84,1011.9,Model not loaded,Model not loaded,10,0,3,16,30.0,45.2,1011.3,-0.019999999999999574,0.6000000000000227
2026-03-16 10:04:03.127262,29.82,45.0,0.0,7.8,1012.2,Model not loaded,Model not loaded,10,0,3,16,29.98,45.1,1011.9,-0.16000000000000014,0.3000000000000682
2026-03-16 10:04:03.159375,29.9,45.4,0.0,7.8,1011.9,Model not loaded,Model not loaded,10,0,3,16,29.82,45.0,1012.2,0.0799999999999983,-0.3000000000000682
2026-03-16 10:04:03.193056,29.88,45.7,0.0,7.96,1012.1,Model not loaded,Model not loaded,10,0,3,16,29.9,45.4,1011.9,-0.019999999999999574,0.20000000000004547
2026-03-16 10:04:03.225468,29.96,45.4,0.0,7.96,1012.4,Model not loaded,Sunny,10,0,3,16,29.88,45.7,1012.1,0.08000000000000185,0.2999999999999545
2026-03-16 10:04:03.260488,29.98,45.6,0.0,8.08,1012.1,Model not loaded,Sunny,10,0,3,16,29.96,45.4,1012.4,0.019999999999999574,-0.2999999999999545
2026-03-16 10:04:03.295262,30.14,45.1,0.0,8.12,1012.4,Model not loaded,Sunny,10,0,3,16,29.98,45.6,1012.1,0.16000000000000014,0.2999999999999545
2026-03-16 10:04:03.334648,30.04,45.1,0.0,8.2,1012.8,Model not loaded,Sunny,10,0,3,16,30.14,45.1,1012.4,-0.10000000000000142,0.39999999999997726
2026-03-16 10:04:03.370865,30.08,45.5,0.0,8.04,1012.6,Model not loaded,Sunny,10,0,3,16,30.04,45.1,1012.8,0.03999999999999915,-0.1999999999999318
2026-03-16 10:04:03.400918,30.12,45.7,0.0,8.0,1012.1,Model not loaded,Cloudy,10,0,3,16,30.08,45.5,1012.6,0.0400000000000027,-0.5
2026-03-16 10:04:03.436345,30.04,46.4,0.0,7.88,1012.0,Model not loaded,Cloudy,10,0,3,16,30.12,45.7,1012.1,-0.08000000000000185,-0.10000000000002274
2026-03-16 10:04:03.468730,30.06,46.7,0.0,7.84,1012.0,Model not loaded,Cloudy,10,0,3,16,30.04,46.4,1012.0,0.019999999999999574,0.0
2026-03-16 10:04:03.501397,30.0,45.9,0.0,7.72,1011.8,Model not loaded,Cloudy,10,0,3,16,30.06,46.7,1012.0,-0.05999999999999872,-0.20000000000004547
2026-03-16 10:04:03.532953,29.94,46.0,0.0,7.8,1011.8,Model not loaded,Cloudy,10,0,3,16,30.0,45.9,1011.8,-0.05999999999999872,0.0
2026-03-16 10:04:03.561406,29.76,46.1,0.0,7.92,1011.7,Model not loaded,Cloudy,10,0,3,16,29.94,46.0,1011.8,-0.17999999999999972,-0.09999999999990905
2026-03-16 10:04:03.591227,29.78,45.8,0.0,8.04,1011.6,Model not loaded,Cloudy,10,0,3,16,29.76,46.1,1011.7,0.019999999999999574,-0.10000000000002274
2026-03-16 10:04:03.621590,29.76,45.8,0.0,8.08,1011.1,Model not loaded,Cloudy,10,0,3,16,29.78,45.8,1011.6,-0.019999999999999574,-0.5
2026-03-16 10:04:03.651371,29.78,45.8,0.0,8.08,1011.3,Model not loaded,Cloudy,10,0,3,16,29.76,45.8,1011.1,0.019999999999999574,0.1999999999999318
2026-03-16 10:04:03.682273,29.74,45.3,0.0,8.12,1011.1,Model not loaded,Cloudy,10,0,3,16,29.78,45.8,1011.3,-0.0400000000000027,-0.1999999999999318
2026-03-16 10:04:03.715885,29.78,44.6,0.0,8.16,1011.6,Model not loaded,Cloudy,10,0,3,16,29.74,45.3,1011.1,0.0400000000000027,0.5
2026-03-16 10:04:05.429669,29.9,44.0,0.0,8.16,1012.0,Model not loaded,Cloudy,10,0,3,16,29.78,44.6,1011.6,0.11999999999999744,0.39999999999997726
2026-03-16 10:04:07.430307,29.86,43.4,0.0,8.12,1012.5,Model not loaded,Cloudy,10,0,3,16,29.9,44.0,1012.0,-0.03999999999999915,0.5
2026-03-16 10:04:09.431414,29.88,44.2,0.0,8.28,1012.5,Model not loaded,Cloudy,10,0,3,16,29.86,43.4,1012.5,0.019999999999999574,0.0
2026-03-16 10:04:11.435861,30.04,44.6,0.0,8.16,1013.1,Model not loaded,Cloudy,10,0,3,16,29.88,44.2,1012.5,0.16000000000000014,0.6000000000000227
2026-03-16 10:04:13.440279,30.04,45.2,0.0,8.16,1012.8,Model not loaded,Cloudy,10,0,3,16,30.04,44.6,1013.1,0.0,-0.3000000000000682
2026-03-16 10:04:15.455989,30.0,45.3,0.0,8.12,1012.9,Model not loaded,Cloudy,10,0,3,16,30.04,45.2,1012.8,-0.03999999999999915,0.10000000000002274
2026-03-16 10:04:17.444872,29.92,45.8,0.0,8.2,1012.3,Model not loaded,Cloudy,10,0,3,16,30.0,45.3,1012.9,-0.0799999999999983,-0.6000000000000227
2026-03-16 10:04:19.443277,30.04,45.4,0.0,8.2,1012.5,Model not loaded,Cloudy,10,0,3,16,29.92,45.8,1012.3,0.11999999999999744,0.20000000000004547
2026-03-16 15:13:03.048368,30.5,43.0,0.0,8.2,1013.5,Sunny,Cloudy,15,0,3,16,30.04,45.4,1012.5,0.46000000000000085,1.0
2026-03-16 15:13:04.827849,30.4,43.5,0.0,8.3,1012.25,Sunny,Cloudy,15,0,3,16,30.5,43.0,1013.5,-0.10000000000000142,-1.25
2026-03-16 15:13:06.834307,30.4,43.83,0.0,8.07,1012.0,Sunny,Cloudy,15,0,3,16,30.4,43.5,1012.25,0.0,-0.25
2026-03-16 15:13:08.831023,30.42,44.12,0.0,8.05,1012.25,Sunny,Cloudy,15,0,3,16,30.4,43.83,1012.0,0.020000000000003126,0.25
2026-03-16 15:13:10.833376,30.26,44.3,0.0,7.96,1012.2,Sunny,Cloudy,15,0,3,16,30.42,44.12,1012.25,-0.16000000000000014,-0.049999999999954525
2026-03-16 15:13:12.837110,30.18,44.9,0.0,8.0,1011.6,Cloudy,Cloudy,15,0,3,16,30.26,44.3,1012.2,-0.08000000000000185,-0.6000000000000227
2026-03-16 15:13:14.847987,30.1,45.5,0.0,8.0,1011.7,Cloudy,Cloudy,15,0,3,16,30.18,44.9,1011.6,-0.0799999999999983,0.10000000000002274
2026-03-16 15:13:16.840535,30.02,45.1,0.0,8.08,1011.8,Cloudy,Cloudy,15,0,3,16,30.1,45.5,1011.7,-0.08000000000000185,0.09999999999990905
2026-03-16 15:13:18.846216,29.82,44.6,0.0,8.0,1011.8,Cloudy,Cloudy,15,0,3,16,30.02,45.1,1011.8,-0.1999999999999993,0.0
2026-03-16 15:13:20.850396,29.96,44.9,0.0,8.16,1011.9,Cloudy,Cloudy,15,0,3,16,29.82,44.6,1011.8,0.14000000000000057,0.10000000000002274
2026-03-16 15:13:22.849533,29.98,44.2,0.0,8.12,1011.9,Cloudy,Cloudy,15,0,3,16,29.96,44.9,1011.9,0.019999999999999574,0.0
2026-03-16 15:13:24.850867,30.1,44.0,0.0,8.08,1012.1,Cloudy,Cloudy,15,0,3,16,29.98,44.2,1011.9,0.120000000000001,0.20000000000004547
2026-03-16 15:13:26.865438,30.14,44.8,0.0,8.04,1012.3,Cloudy,Cloudy,15,0,3,16,30.1,44.0,1012.1,0.03999999999999915,0.1999999999999318
2026-03-16 15:13:28.856522,30.3,44.8,0.0,8.16,1012.1,Cloudy,Cloudy,15,0,3,16,30.14,44.8,1012.3,0.16000000000000014,-0.1999999999999318
2026-03-16 15:13:30.857287,30.26,44.2,0.0,8.0,1011.7,Cloudy,Cloudy,15,0,3,16,30.3,44.8,1012.1,-0.03999999999999915,-0.39999999999997726
2026-03-16 15:13:32.864345,30.14,45.0,0.0,8.04,1012.0,Cloudy,Cloudy,15,0,3,16,30.26,44.2,1011.7,-0.120000000000001,0.2999999999999545
2026-03-16 15:13:34.866261,30.14,45.0,0.0,8.0,1011.6,Cloudy,Cloudy,15,0,3,16,30.14,45.0,1012.0,0.0,-0.39999999999997726
2026-03-16 15:13:36.876813,30.16,44.4,0.0,8.08,1011.7,Cloudy,Cloudy,15,0,3,16,30.14,45.0,1011.6,0.019999999999999574,0.10000000000002274
2026-03-16 15:13:38.873789,30.06,44.9,0.0,7.96,1011.5,Cloudy,Cloudy,15,0,3,16,30.16,44.4,1011.7,-0.10000000000000142,-0.20000000000004547
2026-03-16 15:13:40.874166,29.98,44.8,0.0,7.96,1012.0,Cloudy,Cloudy,15,0,3,16,30.06,44.9,1011.5,-0.0799999999999983,0.5
2026-03-16 15:13:42.869933,30.0,44.0,0.0,7.96,1011.7,Cloudy,Cloudy,15,0,3,16,29.98,44.8,1012.0,0.019999999999999574,-0.2999999999999545
2026-03-16 15:13:44.884161,29.98,44.0,0.0,7.88,1012.0,Cloudy,Cloudy,15,0,3,16,30.0,44.0,1011.7,-0.019999999999999574,0.2999999999999545
2026-03-16 15:13:46.879234,29.84,44.8,0.0,7.88,1011.5,Cloudy,Cloudy,15,0,3,16,29.98,44.0,1012.0,-0.14000000000000057,-0.5
2026-03-16 15:13:48.880476,29.94,44.3,0.0,7.96,1012.0,Cloudy,Cloudy,15,0,3,16,29.84,44.8,1011.5,0.10000000000000142,0.5
2026-03-16 15:13:50.882597,29.98,44.3,0.0,8.08,1011.8,Cloudy,Cloudy,15,0,3,16,29.94,44.3,1012.0,0.03999999999999915,-0.20000000000004547
2026-03-16 15:13:52.889006,29.94,44.4,0.0,7.96,1012.1,Cloudy,Cloudy,15,0,3,16,29.98,44.3,1011.8,-0.03999999999999915,0.3000000000000682
2026-03-16 15:13:54.888902,29.84,44.6,0.0,8.04,1012.1,Cloudy,Cloudy,15,0,3,16,29.94,44.4,1012.1,-0.10000000000000142,0.0
2026-03-16 15:13:56.892792,29.9,43.7,0.0,8.08,1012.2,Cloudy,Cloudy,15,0,3,16,29.84,44.6,1012.1,0.05999999999999872,0.10000000000002274
2026-03-16 15:13:58.899472,29.9,43.7,0.0,8.0,1012.2,Cloudy,Cloudy,15,0,3,16,29.9,43.7,1012.2,0.0,0.0
2026-03-16 15:14:00.890778,29.86,44.4,0.0,8.0,1011.9,Cloudy,Cloudy,15,0,3,16,29.9,43.7,1012.2,-0.03999999999999915,-0.3000000000000682
2026-03-16 15:14:02.895803,29.86,44.3,0.0,8.12,1012.2,Cloudy,Cloudy,15,0,3,16,29.86,44.4,1011.9,0.0,0.3000000000000682
2026-03-16 15:14:04.896613,29.78,43.4,0.0,8.16,1012.0,Cloudy,Cloudy,15,0,3,16,29.86,44.3,1012.2,-0.0799999999999983,-0.20000000000004547
2026-03-16 15:14:06.934010,29.7,44.0,0.0,8.08,1012.1,Cloudy,Cloudy,15,0,3,16,29.78,43.4,1012.0,-0.08000000000000185,0.10000000000002274
2026-03-16 15:14:08.900307,29.58,44.2,0.0,8.16,1012.0,Cloudy,Cloudy,15,0,3,16,29.7,44.0,1012.1,-0.120000000000001,-0.10000000000002274
2026-03-16 15:14:10.901174,29.74,44.0,0.0,8.08,1012.2,Cloudy,Cloudy,15,0,3,16,29.58,44.2,1012.0,0.16000000000000014,0.20000000000004547
2026-03-16 15:14:12.899739,29.8,44.2,0.0,8.04,1012.1,Cloudy,Cloudy,15,0,3,16,29.74,44.0,1012.2,0.060000000000002274,-0.10000000000002274
2026-03-16 15:14:14.907097,29.92,44.3,0.0,7.92,1012.4,Cloudy,Cloudy,15,0,3,16,29.8,44.2,1012.1,0.120000000000001,0.2999999999999545
2026-03-16 15:14:16.902398,30.12,44.6,0.0,7.92,1012.1,Cloudy,Cloudy,15,0,3,16,29.92,44.3,1012.4,0.1999999999999993,-0.2999999999999545
2026-03-16 15:14:18.908460,30.12,44.7,0.0,8.0,1012.0,Cloudy,Cloudy,15,0,3,16,30.12,44.6,1012.1,0.0,-0.10000000000002274
2026-03-16 15:14:20.920911,30.1,44.8,0.0,7.96,1012.2,Cloudy,Cloudy,15,0,3,16,30.12,44.7,1012.0,-0.019999999999999574,0.20000000000004547
2026-03-16 15:14:22.918456,30.06,44.9,0.0,7.96,1011.9,Cloudy,Cloudy,15,0,3,16,30.1,44.8,1012.2,-0.0400000000000027,-0.3000000000000682
2026-03-16 15:14:24.912573,29.96,45.5,0.0,7.96,1011.5,Cloudy,Cloudy,15,0,3,16,30.06,44.9,1011.9,-0.09999999999999787,-0.39999999999997726
2026-03-16 15:14:26.919425,29.86,45.5,0.0,7.92,1011.6,Cloudy,Cloudy,15,0,3,16,29.96,45.5,1011.5,-0.10000000000000142,0.10000000000002274
2026-03-16 15:14:28.920724,29.9,46.1,0.0,7.92,1011.5,Cloudy,Cloudy,15,0,3,16,29.86,45.5,1011.6,0.03999999999999915,-0.10000000000002274
2026-03-16 15:14:30.919556,29.88,46.1,0.0,8.04,1011.6,Cloudy,Cloudy,15,0,3,16,29.9,46.1,1011.5,-0.019999999999999574,0.10000000000002274
2026-03-16 15:14:32.918674,30.06,45.9,0.0,8.0,1012.0,Cloudy,Cloudy,15,0,3,16,29.88,46.1,1011.6,0.17999999999999972,0.39999999999997726
2026-03-16 15:14:34.927994,30.12,45.2,0.0,8.04,1012.3,Cloudy,Cloudy,15,0,3,16,30.06,45.9,1012.0,0.060000000000002274,0.2999999999999545
2026-03-16 15:14:36.932655,30.18,44.4,0.0,8.16,1012.6,Cloudy,Cloudy,15,0,3,16,30.12,45.2,1012.3,0.05999999999999872,0.3000000000000682
2026-03-16 15:14:38.941757,30.22,43.7,0.0,8.0,1012.5,Cloudy,Cloudy,15,0,3,16,30.18,44.4,1012.6,0.03999999999999915,-0.10000000000002274
2026-03-16 15:14:40.938668,30.14,43.1,0.0,8.04,1012.2,Cloudy,Cloudy,15,0,3,16,30.22,43.7,1012.5,-0.0799999999999983,-0.2999999999999545
2026-03-16 15:14:42.946442,30.02,43.0,0.0,8.08,1011.6,Cloudy,Cloudy,15,0,3,16,30.14,43.1,1012.2,-0.120000000000001,-0.6000000000000227
2026-03-16 15:14:44.934271,29.98,43.2,0.0,8.08,1011.8,Cloudy,Cloudy,15,0,3,16,30.02,43.0,1011.6,-0.03999999999999915,0.1999999999999318
2026-03-16 15:14:46.939537,30.02,43.1,0.0,8.04,1011.7,Cloudy,Cloudy,15,0,3,16,29.98,43.2,1011.8,0.03999999999999915,-0.09999999999990905
2026-03-16 15:14:48.942320,29.94,43.5,0.0,8.12,1011.5,Cloudy,Cloudy,15,0,3,16,30.02,43.1,1011.7,-0.0799999999999983,-0.20000000000004547
2026-03-16 15:14:50.960635,29.92,43.8,0.0,8.0,1011.4,Cloudy,Cloudy,15,0,3,16,29.94,43.5,1011.5,-0.019999999999999574,-0.10000000000002274
2026-03-16 15:14:52.950761,29.92,44.8,0.0,7.88,1011.8,Cloudy,Cloudy,15,0,3,16,29.92,43.8,1011.4,0.0,0.39999999999997726
2026-03-16 15:14:54.974694,29.96,45.3,0.0,8.0,1011.3,Cloudy,Cloudy,15,0,3,16,29.92,44.8,1011.8,0.03999999999999915,-0.5
2026-03-16 15:14:56.960567,29.84,46.1,0.0,7.96,1011.1,Cloudy,Cloudy,15,0,3,16,29.96,45.3,1011.3,-0.120000000000001,-0.1999999999999318
2026-03-16 15:14:58.960572,29.98,45.6,0.0,7.88,1011.7,Cloudy,Cloudy,15,0,3,16,29.84,46.1,1011.1,0.14000000000000057,0.6000000000000227
2026-03-16 15:15:00.963946,30.06,45.3,0.0,7.96,1011.6,Cloudy,Cloudy,15,0,3,16,29.98,45.6,1011.7,0.0799999999999983,-0.10000000000002274
2026-03-16 15:15:02.982692,30.1,45.0,0.0,7.96,1011.6,Cloudy,Cloudy,15,0,3,16,30.06,45.3,1011.6,0.0400000000000027,0.0
2026-03-16 15:15:04.963617,30.1,45.1,0.0,7.84,1011.7,Cloudy,Cloudy,15,0,3,16,30.1,45.0,1011.6,0.0,0.10000000000002274
2026-03-16 15:15:06.963987,30.04,44.9,0.0,7.92,1012.0,Cloudy,Cloudy,15,0,3,16,30.1,45.1,1011.7,-0.060000000000002274,0.2999999999999545
2026-03-16 15:15:08.965116,29.92,45.0,0.0,7.96,1011.9,Cloudy,Cloudy,15,0,3,16,30.04,44.9,1012.0,-0.11999999999999744,-0.10000000000002274
2026-03-16 15:15:10.969083,29.78,45.2,0.0,7.88,1012.1,Cloudy,Cloudy,15,0,3,16,29.92,45.0,1011.9,-0.14000000000000057,0.20000000000004547
2026-03-16 15:15:12.967643,29.78,44.9,0.0,8.04,1011.7,Cloudy,Cloudy,15,0,3,16,29.78,45.2,1012.1,0.0,-0.39999999999997726
2026-03-16 15:15:14.972126,29.72,44.8,0.0,8.16,1012.0,Cloudy,Cloudy,15,0,3,16,29.78,44.9,1011.7,-0.060000000000002274,0.2999999999999545
2026-03-16 15:15:16.975257,29.9,44.4,0.0,8.08,1011.6,Cloudy,Cloudy,15,0,3,16,29.72,44.8,1012.0,0.17999999999999972,-0.39999999999997726
2026-03-16 15:15:18.979190,30.0,44.9,0.0,8.2,1011.2,Cloudy,Cloudy,15,0,3,16,29.9,44.4,1011.6,0.10000000000000142,-0.39999999999997726
2026-03-16 15:15:20.984884,30.16,45.0,0.0,8.16,1011.5,Cloudy,Cloudy,15,0,3,16,30.0,44.9,1011.2,0.16000000000000014,0.2999999999999545
2026-03-16 15:15:22.982682,30.12,44.9,0.0,8.16,1011.9,Cloudy,Cloudy,15,0,3,16,30.16,45.0,1011.5,-0.03999999999999915,0.39999999999997726
2026-03-16 15:15:24.984626,30.14,44.2,0.0,8.12,1011.8,Cloudy,Cloudy,15,0,3,16,30.12,44.9,1011.9,0.019999999999999574,-0.10000000000002274
2026-03-16 15:15:26.992018,30.1,43.9,0.0,8.2,1011.9,Cloudy,Sunny,15,0,3,16,30.14,44.2,1011.8,-0.03999999999999915,0.10000000000002274
2026-03-16 15:15:28.991950,30.06,43.2,0.0,8.12,1011.9,Cloudy,Cloudy,15,0,3,16,30.1,43.9,1011.9,-0.0400000000000027,0.0
2026-03-16 15:15:30.994261,30.06,42.9,0.0,8.12,1011.4,Cloudy,Cloudy,15,0,3,16,30.06,43.2,1011.9,0.0,-0.5
2026-03-16 15:15:33.000047,30.04,42.6,0.0,7.96,1011.4,Cloudy,Cloudy,15,0,3,16,30.06,42.9,1011.4,-0.019999999999999574,0.0
2026-03-16 15:15:34.994702,30.16,42.7,0.0,7.84,1011.1,Cloudy,Cloudy,15,0,3,16,30.04,42.6,1011.4,0.120000000000001,-0.2999999999999545
2026-03-16 15:15:37.008039,30.16,42.7,0.0,7.68,1011.1,Cloudy,Cloudy,15,0,3,16,30.16,42.7,1011.1,0.0,0.0
2026-03-16 15:15:38.998461,30.24,43.6,0.0,7.72,1011.4,Cloudy,Sunny,15,0,3,16,30.16,42.7,1011.1,0.0799999999999983,0.2999999999999545
2026-03-16 15:15:41.005078,30.16,43.6,0.0,7.84,1012.0,Cloudy,Cloudy,15,0,3,16,30.24,43.6,1011.4,-0.0799999999999983,0.6000000000000227
2026-03-16 15:15:43.006805,30.12,44.0,0.0,7.96,1012.1,Cloudy,Cloudy,15,0,3,16,30.16,43.6,1012.0,-0.03999999999999915,0.10000000000002274
2026-03-16 15:15:45.011680,30.0,44.0,0.0,8.08,1012.1,Cloudy,Cloudy,15,0,3,16,30.12,44.0,1012.1,-0.120000000000001,0.0
2026-03-16 15:15:47.018137,29.96,45.0,0.0,8.24,1012.4,Cloudy,Cloudy,15,0,3,16,30.0,44.0,1012.1,-0.03999999999999915,0.2999999999999545
2026-03-16 15:15:49.016766,29.9,45.1,0.0,8.24,1012.3,Cloudy,Cloudy,15,0,3,16,29.96,45.0,1012.4,-0.060000000000002274,-0.10000000000002274
2026-03-16 15:15:51.018135,30.02,45.4,0.0,8.12,1011.9,Cloudy,Cloudy,15,0,3,16,29.9,45.1,1012.3,0.120000000000001,-0.39999999999997726
2026-03-16 15:15:53.017695,30.02,45.6,0.0,8.0,1011.5,Cloudy,Cloudy,15,0,3,16,30.02,45.4,1011.9,0.0,-0.39999999999997726
2026-03-16 15:15:55.014276,30.04,46.1,0.0,7.88,1011.5,Cloudy,Cloudy,15,0,3,16,30.02,45.6,1011.5,0.019999999999999574,0.0
2026-03-16 15:15:57.018748,30.0,45.5,0.0,7.84,1011.4,Cloudy,Cloudy,15,0,3,16,30.04,46.1,1011.5,-0.03999999999999915,-0.10000000000002274
2026-03-16 15:15:59.022595,30.04,44.8,0.0,7.88,1011.4,Cloudy,Cloudy,15,0,3,16,30.0,45.5,1011.4,0.03999999999999915,0.0
2026-03-16 15:16:01.026320,29.84,44.6,0.0,8.04,1011.5,Cloudy,Cloudy,15,0,3,16,30.04,44.8,1011.4,-0.1999999999999993,0.10000000000002274
2026-03-16 15:16:03.028591,29.92,44.6,0.0,8.12,1011.9,Cloudy,Cloudy,15,0,3,16,29.84,44.6,1011.5,0.08000000000000185,0.39999999999997726
2026-03-16 15:16:05.030231,29.9,44.5,0.0,8.2,1011.9,Cloudy,Cloudy,15,0,3,16,29.92,44.6,1011.9,-0.020000000000003126,0.0
2026-03-16 15:16:07.043907,29.88,45.0,0.0,8.2,1012.1,Cloudy,Cloudy,15,0,3,16,29.9,44.5,1011.9,-0.019999999999999574,0.20000000000004547
2026-03-16 15:16:09.038124,29.88,45.5,0.0,8.16,1011.9,Cloudy,Cloudy,15,0,3,16,29.88,45.0,1012.1,0.0,-0.20000000000004547
2026-03-16 15:16:11.036380,29.88,45.9,0.0,8.16,1012.1,Cloudy,Cloudy,15,0,3,16,29.88,45.5,1011.9,0.0,0.20000000000004547
2026-03-16 15:16:13.035508,29.94,45.7,0.0,8.16,1011.6,Cloudy,Cloudy,15,0,3,16,29.88,45.9,1012.1,0.060000000000002274,-0.5
2026-03-16 15:16:15.038044,30.1,45.8,0.0,8.08,1012.2,Sunny,Cloudy,15,0,3,16,29.94,45.7,1011.6,0.16000000000000014,0.6000000000000227
2026-03-16 15:16:17.041650,30.1,45.6,0.0,8.08,1011.8,Cloudy,Cloudy,15,0,3,16,30.1,45.8,1012.2,0.0,-0.40000000000009095
2026-03-16 15:16:19.048503,30.08,45.3,0.0,7.96,1011.7,Cloudy,Cloudy,15,0,3,16,30.1,45.6,1011.8,-0.020000000000003126,-0.09999999999990905
2026-03-16 15:16:21.051286,30.12,45.5,0.0,7.88,1011.4,Cloudy,Sunny,15,0,3,16,30.08,45.3,1011.7,0.0400000000000027,-0.3000000000000682
2026-03-16 15:16:23.049613,30.14,46.0,0.0,7.96,1011.9,Cloudy,Sunny,15,0,3,16,30.12,45.5,1011.4,0.019999999999999574,0.5
2026-03-16 15:16:25.050932,30.08,45.8,0.0,8.08,1011.3,Cloudy,Cloudy,15,0,3,16,30.14,46.0,1011.9,-0.060000000000002274,-0.6000000000000227
2026-03-16 15:16:27.055894,30.22,46.0,0.0,7.96,1011.6,Sunny,Cloudy,15,0,3,16,30.08,45.8,1011.3,0.14000000000000057,0.3000000000000682
2026-03-16 15:16:29.054504,30.06,45.6,0.0,8.0,1011.7,Cloudy,Cloudy,15,0,3,16,30.22,46.0,1011.6,-0.16000000000000014,0.10000000000002274
2026-03-16 15:16:31.053664,30.06,45.8,0.0,7.96,1011.7,Cloudy,Cloudy,15,0,3,16,30.06,45.6,1011.7,0.0,0.0
2026-03-16 15:16:33.056249,29.94,45.4,0.0,7.84,1011.5,Cloudy,Cloudy,15,0,3,16,30.06,45.8,1011.7,-0.11999999999999744,-0.20000000000004547
2026-03-16 15:16:35.072754,29.92,45.3,0.0,7.84,1011.9,Cloudy,Cloudy,15,0,3,16,29.94,45.4,1011.5,-0.019999999999999574,0.39999999999997726
2026-03-16 15:16:37.064742,29.76,44.4,0.0,7.88,1011.9,Cloudy,Cloudy,15,0,3,16,29.92,45.3,1011.9,-0.16000000000000014,0.0
2026-03-16 15:16:39.065512,29.76,44.6,0.0,7.96,1012.3,Cloudy,Cloudy,15,0,3,16,29.76,44.4,1011.9,0.0,0.39999999999997726
2026-03-16 15:16:41.068409,29.76,44.3,0.0,7.92,1012.5,Cloudy,Cloudy,15,0,3,16,29.76,44.6,1012.3,0.0,0.20000000000004547
2026-03-16 15:16:43.074213,29.76,44.3,0.0,8.0,1012.2,Cloudy,Cloudy,15,0,3,16,29.76,44.3,1012.5,0.0,-0.2999999999999545
2026-03-16 15:16:45.079391,29.66,44.6,0.0,8.04,1011.8,Cloudy,Cloudy,15,0,3,16,29.76,44.3,1012.2,-0.10000000000000142,-0.40000000000009095
2026-03-16 15:16:47.073649,29.82,45.0,0.0,8.0,1011.5,Cloudy,Cloudy,15,0,3,16,29.66,44.6,1011.8,0.16000000000000014,-0.2999999999999545
2026-03-16 15:16:49.081759,29.9,44.7,0.0,8.0,1011.1,Cloudy,Cloudy,15,0,3,16,29.82,45.0,1011.5,0.0799999999999983,-0.39999999999997726
2026-03-16 15:16:51.082223,29.9,44.3,0.0,8.12,1010.8,Cloudy,Cloudy,15,0,3,16,29.9,44.7,1011.1,0.0,-0.3000000000000682
2026-03-16 15:16:53.082964,29.84,44.7,0.0,8.0,1011.4,Cloudy,Cloudy,15,0,3,16,29.9,44.3,1010.8,-0.05999999999999872,0.6000000000000227
2026-03-16 15:16:55.086298,30.0,44.7,0.0,7.88,1011.5,Cloudy,Cloudy,15,0,3,16,29.84,44.7,1011.4,0.16000000000000014,0.10000000000002274
2026-03-16 15:16:57.089609,29.8,45.3,0.0,7.92,1011.5,Cloudy,Cloudy,15,0,3,16,30.0,44.7,1011.5,-0.1999999999999993,0.0
2026-03-16 15:16:59.085347,29.9,46.3,0.0,7.8,1011.4,Cloudy,Cloudy,15,0,3,16,29.8,45.3,1011.5,0.09999999999999787,-0.10000000000002274
2026-03-16 15:17:01.093134,29.88,47.0,0.0,7.68,1011.3,Cloudy,Cloudy,15,0,3,16,29.9,46.3,1011.4,-0.019999999999999574,-0.10000000000002274
2026-03-16 15:17:03.095834,30.0,46.8,0.0,7.68,1011.3,Cloudy,Cloudy,15,0,3,16,29.88,47.0,1011.3,0.120000000000001,0.0
2026-03-16 15:17:05.094777,29.98,46.4,0.0,7.68,1011.5,Cloudy,Cloudy,15,0,3,16,30.0,46.8,1011.3,-0.019999999999999574,0.20000000000004547
2026-03-16 15:17:07.106450,30.02,45.8,0.0,7.76,1011.9,Cloudy,Cloudy,15,0,3,16,29.98,46.4,1011.5,0.03999999999999915,0.39999999999997726
2026-03-16 15:17:09.110085,29.98,45.7,0.0,7.76,1011.9,Sunny,Cloudy,15,0,3,16,30.02,45.8,1011.9,-0.03999999999999915,0.0
2026-03-16 15:17:11.097122,30.06,45.0,0.0,7.88,1012.1,Sunny,Cloudy,15,0,3,16,29.98,45.7,1011.9,0.0799999999999983,0.20000000000004547
2026-03-16 15:17:13.102592,30.06,44.7,0.0,7.92,1011.7,Cloudy,Cloudy,15,0,3,16,30.06,45.0,1012.1,0.0,-0.39999999999997726
2026-03-16 15:17:15.105133,30.02,45.3,0.0,7.92,1011.7,Cloudy,Cloudy,15,0,3,16,30.06,44.7,1011.7,-0.03999999999999915,0.0
2026-03-16 15:17:17.109808,30.12,45.6,0.0,7.92,1011.3,Cloudy,Cloudy,15,0,3,16,30.02,45.3,1011.7,0.10000000000000142,-0.40000000000009095
2026-03-16 15:17:19.108519,30.1,45.5,0.0,7.96,1011.6,Cloudy,Cloudy,15,0,3,16,30.12,45.6,1011.3,-0.019999999999999574,0.3000000000000682
2026-03-16 15:17:21.115673,30.14,45.8,0.0,7.92,1011.9,Cloudy,Cloudy,15,0,3,16,30.1,45.5,1011.6,0.03999999999999915,0.2999999999999545
2026-03-16 15:17:23.116526,30.08,45.4,0.0,7.96,1012.1,Cloudy,Cloudy,15,0,3,16,30.14,45.8,1011.9,-0.060000000000002274,0.20000000000004547
2026-03-16 15:17:25.116351,30.06,44.7,0.0,8.08,1011.8,Cloudy,Cloudy,15,0,3,16,30.08,45.4,1012.1,-0.019999999999999574,-0.3000000000000682
2026-03-16 15:17:27.119318,30.1,45.0,0.0,8.08,1011.7,Cloudy,Cloudy,15,0,3,16,30.06,44.7,1011.8,0.0400000000000027,-0.09999999999990905
2026-03-16 15:17:29.126122,30.06,44.8,0.0,8.08,1011.7,Cloudy,Cloudy,15,0,3,16,30.1,45.0,1011.7,-0.0400000000000027,0.0
2026-03-16 15:17:31.121934,30.0,44.4,0.0,8.0,1011.4,Cloudy,Cloudy,15,0,3,16,30.06,44.8,1011.7,-0.05999999999999872,-0.3000000000000682
2026-03-16 15:17:33.131129,30.0,45.2,0.0,7.96,1011.3,Cloudy,Cloudy,15,0,3,16,30.0,44.4,1011.4,0.0,-0.10000000000002274
2026-03-16 15:17:35.128432,29.98,45.1,0.0,7.84,1011.9,Cloudy,Cloudy,15,0,3,16,30.0,45.2,1011.3,-0.019999999999999574,0.6000000000000227
2026-03-16 15:17:37.128012,29.82,45.0,0.0,7.8,1012.2,Cloudy,Sunny,15,0,3,16,29.98,45.1,1011.9,-0.16000000000000014,0.3000000000000682
2026-03-16 15:17:39.203522,29.9,45.4,0.0,7.8,1011.9,Cloudy,Sunny,15,0,3,16,29.82,45.0,1012.2,0.0799999999999983,-0.3000000000000682
2026-03-16 15:17:41.135647,29.88,45.7,0.0,7.96,1012.1,Cloudy,Sunny,15,0,3,16,29.9,45.4,1011.9,-0.019999999999999574,0.20000000000004547
2026-03-16 15:17:43.135124,29.96,45.4,0.0,7.96,1012.4,Cloudy,Cloudy,15,0,3,16,29.88,45.7,1012.1,0.08000000000000185,0.2999999999999545
2026-03-16 15:17:45.138829,29.98,45.6,0.0,8.08,1012.1,Cloudy,Cloudy,15,0,3,16,29.96,45.4,1012.4,0.019999999999999574,-0.2999999999999545
2026-03-16 15:17:47.141976,30.14,45.1,0.0,8.12,1012.4,Cloudy,Cloudy,15,0,3,16,29.98,45.6,1012.1,0.16000000000000014,0.2999999999999545
2026-03-16 15:17:49.152121,30.04,45.1,0.0,8.2,1012.8,Cloudy,Cloudy,15,0,3,16,30.14,45.1,1012.4,-0.10000000000000142,0.39999999999997726
2026-03-16 15:17:51.142893,30.08,45.5,0.0,8.04,1012.6,Cloudy,Cloudy,15,0,3,16,30.04,45.1,1012.8,0.03999999999999915,-0.1999999999999318
2026-03-16 15:17:53.144549,30.12,45.7,0.0,8.0,1012.1,Cloudy,Cloudy,15,0,3,16,30.08,45.5,1012.6,0.0400000000000027,-0.5
2026-03-16 15:17:55.153016,30.04,46.4,0.0,7.88,1012.0,Cloudy,Cloudy,15,0,3,16,30.12,45.7,1012.1,-0.08000000000000185,-0.10000000000002274
2026-03-16 15:17:57.149475,30.06,46.7,0.0,7.84,1012.0,Cloudy,Cloudy,15,0,3,16,30.04,46.4,1012.0,0.019999999999999574,0.0
2026-03-16 15:17:59.156433,30.0,45.9,0.0,7.72,1011.8,Cloudy,Cloudy,15,0,3,16,30.06,46.7,1012.0,-0.05999999999999872,-0.20000000000004547
2026-03-16 15:18:01.210853,29.94,46.0,0.0,7.8,1011.8,Cloudy,Cloudy,15,0,3,16,30.0,45.9,1011.8,-0.05999999999999872,0.0
2026-03-16 15:18:03.178920,29.76,46.1,0.0,7.92,1011.7,Cloudy,Cloudy,15,0,3,16,29.94,46.0,1011.8,-0.17999999999999972,-0.09999999999990905
2026-03-16 15:18:05.168917,29.78,45.8,0.0,8.04,1011.6,Cloudy,Cloudy,15,0,3,16,29.76,46.1,1011.7,0.019999999999999574,-0.10000000000002274
2026-03-16 15:18:07.164495,29.76,45.8,0.0,8.08,1011.1,Cloudy,Cloudy,15,0,3,16,29.78,45.8,1011.6,-0.019999999999999574,-0.5
2026-03-16 15:18:09.164637,29.78,45.8,0.0,8.08,1011.3,Cloudy,Cloudy,15,0,3,16,29.76,45.8,1011.1,0.019999999999999574,0.1999999999999318
2026-03-16 15:18:11.168729,29.74,45.3,0.0,8.12,1011.1,Cloudy,Cloudy,15,0,3,16,29.78,45.8,1011.3,-0.0400000000000027,-0.1999999999999318
2026-03-16 15:18:13.168412,29.78,44.6,0.0,8.16,1011.6,Cloudy,Cloudy,15,0,3,16,29.74,45.3,1011.1,0.0400000000000027,0.5
2026-03-16 15:18:15.171830,29.9,44.0,0.0,8.16,1012.0,Cloudy,Cloudy,15,0,3,16,29.78,44.6,1011.6,0.11999999999999744,0.39999999999997726
2026-03-16 15:18:17.176166,29.86,43.4,0.0,8.12,1012.5,Cloudy,Cloudy,15,0,3,16,29.9,44.0,1012.0,-0.03999999999999915,0.5
2026-03-16 15:18:19.177246,29.88,44.2,0.0,8.28,1012.5,Cloudy,Cloudy,15,0,3,16,29.86,43.4,1012.5,0.019999999999999574,0.0
2026-03-16 15:18:21.181252,30.04,44.6,0.0,8.16,1013.1,Cloudy,Cloudy,15,0,3,16,29.88,44.2,1012.5,0.16000000000000014,0.6000000000000227
2026-03-16 15:18:23.204987,30.04,45.2,0.0,8.16,1012.8,Cloudy,Cloudy,15,0,3,16,30.04,44.6,1013.1,0.0,-0.3000000000000682
2026-03-16 15:18:25.192383,30.0,45.3,0.0,8.12,1012.9,Sunny,Cloudy,15,0,3,16,30.04,45.2,1012.8,-0.03999999999999915,0.10000000000002274
2026-03-16 15:18:27.194106,29.92,45.8,0.0,8.2,1012.3,Sunny,Cloudy,15,0,3,16,30.0,45.3,1012.9,-0.0799999999999983,-0.6000000000000227
2026-03-16 15:18:29.189250,30.04,45.4,0.0,8.2,1012.5,Sunny,Cloudy,15,0,3,16,29.92,45.8,1012.3,0.11999999999999744,0.20000000000004547
2026-03-16 15:18:31.190774,29.9,44.8,0.0,8.24,1011.9,Cloudy,Cloudy,15,0,3,16,30.04,45.4,1012.5,-0.14000000000000057,-0.6000000000000227
2026-03-16 15:18:33.190756,29.9,44.2,0.0,8.16,1011.8,Cloudy,Cloudy,15,0,3,16,29.9,44.8,1011.9,0.0,-0.10000000000002274
2026-03-16 15:18:35.195276,29.88,44.9,0.0,8.12,1011.2,Cloudy,Cloudy,15,0,3,16,29.9,44.2,1011.8,-0.019999999999999574,-0.599999999999909
2026-03-16 15:18:37.192522,29.98,44.3,0.0,8.04,1011.5,Cloudy,Cloudy,15,0,3,16,29.88,44.9,1011.2,0.10000000000000142,0.2999999999999545
2026-03-16 15:18:39.194599,30.0,44.2,0.0,7.92,1011.1,Cloudy,Cloudy,15,0,3,16,29.98,44.3,1011.5,0.019999999999999574,-0.39999999999997726
2026-03-16 15:18:41.200178,30.12,44.4,0.0,8.04,1011.4,Cloudy,Cloudy,15,0,3,16,30.0,44.2,1011.1,0.120000000000001,0.2999999999999545
2026-03-16 15:18:43.204557,30.12,45.1,0.0,8.0,1011.9,Cloudy,Cloudy,15,0,3,16,30.12,44.4,1011.4,0.0,0.5
2026-03-16 15:18:45.206117,30.04,45.3,0.0,8.0,1011.9,Cloudy,Cloudy,15,0,3,16,30.12,45.1,1011.9,-0.08000000000000185,0.0
2026-03-16 15:18:47.208206,29.96,46.1,0.0,8.08,1012.0,Cloudy,Cloudy,15,0,3,16,30.04,45.3,1011.9,-0.0799999999999983,0.10000000000002274
2026-03-16 15:18:49.207009,29.82,46.1,0.0,8.16,1011.8,Cloudy,Cloudy,15,0,3,16,29.96,46.1,1012.0,-0.14000000000000057,-0.20000000000004547
2026-03-16 15:18:51.208477,29.8,45.8,0.0,8.04,1011.6,Cloudy,Cloudy,15,0,3,16,29.82,46.1,1011.8,-0.019999999999999574,-0.1999999999999318
2026-03-16 15:18:53.214900,29.78,45.9,0.0,8.0,1011.2,Cloudy,Cloudy,15,0,3,16,29.8,45.8,1011.6,-0.019999999999999574,-0.39999999999997726
2026-03-16 15:18:55.210578,29.94,45.4,0.0,8.08,1011.2,Cloudy,Cloudy,15,0,3,16,29.78,45.9,1011.2,0.16000000000000014,0.0
2026-03-16 15:18:57.216873,30.06,45.3,0.0,8.04,1010.9,Cloudy,Cloudy,15,0,3,16,29.94,45.4,1011.2,0.11999999999999744,-0.3000000000000682
2026-03-16 15:18:59.216796,30.06,45.8,0.0,7.92,1011.2,Cloudy,Cloudy,15,0,3,16,30.06,45.3,1010.9,0.0,0.3000000000000682
2026-03-16 15:19:01.224035,30.02,46.2,0.0,7.88,1011.3,Cloudy,Cloudy,15,0,3,16,30.06,45.8,1011.2,-0.03999999999999915,0.09999999999990905
2026-03-16 15:19:03.223210,30.02,45.3,0.0,7.96,1011.1,Cloudy,Cloudy,15,0,3,16,30.02,46.2,1011.3,0.0,-0.1999999999999318
2026-03-16 15:19:05.224834,30.04,45.7,0.0,7.96,1011.5,Cloudy,Cloudy,15,0,3,16,30.02,45.3,1011.1,0.019999999999999574,0.39999999999997726
2026-03-16 15:19:07.222510,29.86,46.0,0.0,7.92,1011.7,Cloudy,Cloudy,15,0,3,16,30.04,45.7,1011.5,-0.17999999999999972,0.20000000000004547
2026-03-16 15:19:09.230631,29.86,45.7,0.0,7.92,1011.6,Cloudy,Cloudy,15,0,3,16,29.86,46.0,1011.7,0.0,-0.10000000000002274
2026-03-16 15:19:11.233185,29.92,46.0,0.0,7.96,1011.6,Cloudy,Cloudy,15,0,3,16,29.86,45.7,1011.6,0.060000000000002274,0.0
2026-03-16 15:19:13.238341,30.0,46.3,0.0,7.92,1012.2,Cloudy,Cloudy,15,0,3,16,29.92,46.0,1011.6,0.0799999999999983,0.6000000000000227
2026-03-16 15:19:15.238169,29.86,46.4,0.0,7.92,1011.9,Cloudy,Cloudy,15,0,3,16,30.0,46.3,1012.2,-0.14000000000000057,-0.3000000000000682
2026-03-16 15:19:17.241956,29.92,46.0,0.0,7.88,1012.0,Cloudy,Cloudy,15,0,3,16,29.86,46.4,1011.9,0.060000000000002274,0.10000000000002274
2026-03-16 15:19:19.236843,29.94,45.4,0.0,7.96,1012.1,Cloudy,Cloudy,15,0,3,16,29.92,46.0,1012.0,0.019999999999999574,0.10000000000002274
2026-03-16 15:19:21.243876,29.96,45.5,0.0,7.92,1012.0,Cloudy,Cloudy,15,0,3,16,29.94,45.4,1012.1,0.019999999999999574,-0.10000000000002274
2026-03-16 15:19:23.249799,29.92,46.1,0.0,8.04,1011.7,Cloudy,Cloudy,15,0,3,16,29.96,45.5,1012.0,-0.03999999999999915,-0.2999999999999545
2026-03-16 15:19:25.251362,30.02,45.2,0.0,7.96,1012.2,Cloudy,Cloudy,15,0,3,16,29.92,46.1,1011.7,0.09999999999999787,0.5
2026-03-16 15:19:27.248901,30.1,44.7,0.0,8.0,1012.2,Cloudy,Cloudy,15,0,3,16,30.02,45.2,1012.2,0.08000000000000185,0.0
2026-03-16 15:19:29.257193,30.2,45.5,0.0,8.08,1012.1,Cloudy,Cloudy,15,0,3,16,30.1,44.7,1012.2,0.09999999999999787,-0.10000000000002274
2026-03-16 15:19:31.264104,30.04,44.5,0.0,8.08,1012.0,Cloudy,Cloudy,15,0,3,16,30.2,45.5,1012.1,-0.16000000000000014,-0.10000000000002274
2026-03-16 15:19:33.264221,29.98,43.8,0.0,8.08,1012.0,Cloudy,Cloudy,15,0,3,16,30.04,44.5,1012.0,-0.05999999999999872,0.0
2026-03-16 15:19:35.267163,29.86,44.4,0.0,8.0,1011.6,Cloudy,Cloudy,15,0,3,16,29.98,43.8,1012.0,-0.120000000000001,-0.39999999999997726
2026-03-16 15:19:37.277226,29.72,44.4,0.0,7.92,1011.7,Cloudy,Cloudy,15,0,3,16,29.86,44.4,1011.6,-0.14000000000000057,0.10000000000002274
2026-03-16 15:19:39.285330,29.58,44.2,0.0,7.88,1011.8,Cloudy,Cloudy,15,0,3,16,29.72,44.4,1011.7,-0.14000000000000057,0.09999999999990905
2026-03-16 15:19:41.285868,29.76,44.9,0.0,8.04,1012.2,Cloudy,Cloudy,15,0,3,16,29.58,44.2,1011.8,0.18000000000000327,0.40000000000009095
2026-03-16 15:19:43.286442,29.8,45.3,0.0,7.88,1012.1,Cloudy,Cloudy,15,0,3,16,29.76,44.9,1012.2,0.03999999999999915,-0.10000000000002274
2026-03-16 15:19:45.276374,29.9,45.6,0.0,7.96,1012.4,Cloudy,Cloudy,15,0,3,16,29.8,45.3,1012.1,0.09999999999999787,0.2999999999999545
2026-03-16 15:19:47.280817,30.0,45.9,0.0,8.12,1012.3,Cloudy,Cloudy,15,0,3,16,29.9,45.6,1012.4,0.10000000000000142,-0.10000000000002274
2026-03-16 15:19:49.286564,30.08,45.2,0.0,8.16,1012.2,Cloudy,Cloudy,15,0,3,16,30.0,45.9,1012.3,0.0799999999999983,-0.09999999999990905
2026-03-16 15:19:51.280243,29.96,44.9,0.0,8.08,1011.9,Cloudy,Cloudy,15,0,3,16,30.08,45.2,1012.2,-0.11999999999999744,-0.3000000000000682
2026-03-16 15:19:53.290031,29.98,45.2,0.0,8.08,1011.8,Cloudy,Cloudy,15,0,3,16,29.96,44.9,1011.9,0.019999999999999574,-0.10000000000002274
2026-03-16 15:19:55.290130,30.04,44.3,0.0,8.04,1011.7,Cloudy,Sunny,15,0,3,16,29.98,45.2,1011.8,0.05999999999999872,-0.09999999999990905
2026-03-16 15:19:57.292821,30.04,44.9,0.0,7.92,1011.7,Cloudy,Sunny,15,0,3,16,30.04,44.3,1011.7,0.0,0.0
2026-03-16 15:19:59.299023,29.98,45.3,0.0,7.88,1011.5,Cloudy,Cloudy,15,0,3,16,30.04,44.9,1011.7,-0.05999999999999872,-0.20000000000004547
2026-03-16 15:20:01.298766,30.08,45.5,0.0,7.96,1011.7,Cloudy,Cloudy,15,0,3,16,29.98,45.3,1011.5,0.09999999999999787,0.20000000000004547
2026-03-16 15:20:03.305042,30.18,44.9,0.0,7.96,1011.6,Cloudy,Cloudy,15,0,3,16,30.08,45.5,1011.7,0.10000000000000142,-0.10000000000002274
2026-03-16 15:20:05.305721,30.1,45.7,0.0,7.92,1011.5,Cloudy,Cloudy,15,0,3,16,30.18,44.9,1011.6,-0.0799999999999983,-0.10000000000002274
2026-03-16 15:20:07.308333,30.16,45.3,0.0,8.0,1011.3,Cloudy,Cloudy,15,0,3,16,30.1,45.7,1011.5,0.05999999999999872,-0.20000000000004547
2026-03-16 15:20:09.308004,30.22,45.8,0.0,8.0,1011.5,Cloudy,Cloudy,15,0,3,16,30.16,45.3,1011.3,0.05999999999999872,0.20000000000004547
2026-03-16 15:20:11.309824,30.2,45.8,0.0,7.88,1011.8,Cloudy,Cloudy,15,0,3,16,30.22,45.8,1011.5,-0.019999999999999574,0.2999999999999545
2026-03-16 15:20:13.312111,30.14,46.4,0.0,8.0,1012.1,Cloudy,Cloudy,15,0,3,16,30.2,45.8,1011.8,-0.05999999999999872,0.3000000000000682
2026-03-16 15:20:15.312363,30.04,46.4,0.0,8.16,1011.9,Cloudy,Cloudy,15,0,3,16,30.14,46.4,1012.1,-0.10000000000000142,-0.20000000000004547
2026-03-16 15:20:17.316042,30.02,45.9,0.0,8.12,1012.3,Cloudy,Cloudy,15,0,3,16,30.04,46.4,1011.9,-0.019999999999999574,0.39999999999997726
2026-03-16 15:20:19.324990,29.96,45.0,0.0,8.0,1012.7,Cloudy,Cloudy,15,0,3,16,30.02,45.9,1012.3,-0.05999999999999872,0.40000000000009095
2026-03-16 15:20:21.318239,29.96,45.2,0.0,8.12,1012.6,Cloudy,Cloudy,15,0,3,16,29.96,45.0,1012.7,0.0,-0.10000000000002274
2026-03-16 15:20:23.321342,29.92,45.0,0.0,8.12,1012.9,Cloudy,Cloudy,15,0,3,16,29.96,45.2,1012.6,-0.03999999999999915,0.2999999999999545
2026-03-16 15:20:25.325460,29.98,44.9,0.0,7.96,1012.8,Cloudy,Cloudy,15,0,3,16,29.92,45.0,1012.9,0.05999999999999872,-0.10000000000002274
2026-03-16 15:20:27.324036,29.98,45.6,0.0,7.92,1012.3,Cloudy,Cloudy,15,0,3,16,29.98,44.9,1012.8,0.0,-0.5
2026-03-16 15:20:29.326324,30.06,46.5,0.0,8.0,1012.2,Cloudy,Cloudy,15,0,3,16,29.98,45.6,1012.3,0.0799999999999983,-0.09999999999990905
2026-03-16 15:20:31.342413,30.1,46.7,0.0,7.92,1011.7,Cloudy,Cloudy,15,0,3,16,30.06,46.5,1012.2,0.0400000000000027,-0.5
2026-03-16 15:20:33.330191,30.12,46.6,0.0,7.88,1011.6,Cloudy,Cloudy,15,0,3,16,30.1,46.7,1011.7,0.019999999999999574,-0.10000000000002274
2026-03-16 15:20:35.331688,30.06,46.4,0.0,7.88,1012.1,Cloudy,Cloudy,15,0,3,16,30.12,46.6,1011.6,-0.060000000000002274,0.5
2026-03-16 15:20:37.340753,29.94,46.3,0.0,7.92,1012.5,Cloudy,Cloudy,15,0,3,16,30.06,46.4,1012.1,-0.11999999999999744,0.39999999999997726
2026-03-16 15:20:39.366859,29.98,46.2,0.0,7.96,1012.0,Cloudy,Cloudy,15,0,3,16,29.94,46.3,1012.5,0.03999999999999915,-0.5
2026-03-16 15:20:41.343330,29.98,45.9,0.0,7.88,1012.3,Cloudy,Cloudy,15,0,3,16,29.98,46.2,1012.0,0.0,0.2999999999999545
2026-03-16 15:20:43.341186,29.9,46.0,0.0,7.96,1012.0,Sunny,Cloudy,15,0,3,16,29.98,45.9,1012.3,-0.08000000000000185,-0.2999999999999545
2026-03-16 15:20:45.352007,29.92,45.4,0.0,8.0,1011.8,Sunny,Cloudy,15,0,3,16,29.9,46.0,1012.0,0.020000000000003126,-0.20000000000004547
2026-03-16 15:20:47.348843,30.0,45.2,0.0,7.96,1011.5,Cloudy,Cloudy,15,0,3,16,29.92,45.4,1011.8,0.0799999999999983,-0.2999999999999545
2026-03-16 15:20:49.348704,29.98,44.6,0.0,8.0,1011.7,Cloudy,Cloudy,15,0,3,16,30.0,45.2,1011.5,-0.019999999999999574,0.20000000000004547
2026-03-16 15:20:51.353873,29.88,44.1,0.0,8.04,1012.0,Cloudy,Cloudy,15,0,3,16,29.98,44.6,1011.7,-0.10000000000000142,0.2999999999999545
2026-03-16 15:20:53.356647,29.88,44.2,0.0,8.04,1012.2,Cloudy,Cloudy,15,0,3,16,29.88,44.1,1012.0,0.0,0.20000000000004547
2026-03-16 15:20:55.358713,29.88,44.3,0.0,8.04,1011.9,Cloudy,Cloudy,15,0,3,16,29.88,44.2,1012.2,0.0,-0.3000000000000682
2026-03-16 15:20:57.361332,29.94,43.8,0.0,8.16,1011.7,Cloudy,Cloudy,15,0,3,16,29.88,44.3,1011.9,0.060000000000002274,-0.1999999999999318
2026-03-16 15:20:59.359618,29.98,43.6,0.0,8.04,1012.0,Cloudy,Cloudy,15,0,3,16,29.94,43.8,1011.7,0.03999999999999915,0.2999999999999545
2026-03-16 15:21:01.363491,30.1,43.9,0.0,8.12,1011.7,Cloudy,Cloudy,15,0,3,16,29.98,43.6,1012.0,0.120000000000001,-0.2999999999999545
2026-03-16 15:21:03.389949,30.1,44.0,0.0,8.08,1011.8,Cloudy,Cloudy,15,0,3,16,30.1,43.9,1011.7,0.0,0.09999999999990905
2026-03-16 15:21:05.363245,30.2,44.2,0.0,8.12,1011.9,Cloudy,Cloudy,15,0,3,16,30.1,44.0,1011.8,0.09999999999999787,0.10000000000002274
2026-03-16 15:21:07.372012,30.06,45.2,0.0,8.0,1012.3,Cloudy,Cloudy,15,0,3,16,30.2,44.2,1011.9,-0.14000000000000057,0.39999999999997726
2026-03-16 15:21:09.377990,29.9,45.2,0.0,7.96,1012.1,Cloudy,Cloudy,15,0,3,16,30.06,45.2,1012.3,-0.16000000000000014,-0.1999999999999318
2026-03-16 15:21:11.374663,29.8,45.0,0.0,7.88,1012.0,Cloudy,Cloudy,15,0,3,16,29.9,45.2,1012.1,-0.09999999999999787,-0.10000000000002274
2026-03-16 15:21:13.376771,29.82,45.1,0.0,7.76,1011.8,Cloudy,Cloudy,15,0,3,16,29.8,45.0,1012.0,0.019999999999999574,-0.20000000000004547
2026-03-16 15:21:15.374891,29.8,45.3,0.0,7.8,1011.7,Cloudy,Cloudy,15,0,3,16,29.82,45.1,1011.8,-0.019999999999999574,-0.09999999999990905
2026-03-16 15:21:17.376027,29.9,44.5,0.0,7.92,1011.5,Cloudy,Cloudy,15,0,3,16,29.8,45.3,1011.7,0.09999999999999787,-0.20000000000004547
2026-03-16 15:21:19.380929,29.98,45.5,0.0,8.0,1011.7,Cloudy,Cloudy,15,0,3,16,29.9,44.5,1011.5,0.08000000000000185,0.20000000000004547
2026-03-16 15:21:21.390466,30.0,45.8,0.0,8.0,1011.8,Cloudy,Cloudy,15,0,3,16,29.98,45.5,1011.7,0.019999999999999574,0.09999999999990905
2026-03-16 15:21:23.385331,29.98,45.5,0.0,8.12,1011.8,Cloudy,Cloudy,15,0,3,16,30.0,45.8,1011.8,-0.019999999999999574,0.0
2026-03-16 15:21:25.386659,30.06,45.3,0.0,8.16,1012.4,Cloudy,Cloudy,15,0,3,16,29.98,45.5,1011.8,0.0799999999999983,0.6000000000000227
2026-03-16 15:21:27.393621,30.06,45.1,0.0,8.08,1012.5,Cloudy,Cloudy,15,0,3,16,30.06,45.3,1012.4,0.0,0.10000000000002274
2026-03-16 15:21:29.397790,29.96,45.0,0.0,8.08,1012.5,Cloudy,Cloudy,15,0,3,16,30.06,45.1,1012.5,-0.09999999999999787,0.0
2026-03-16 15:21:31.393540,29.84,44.4,0.0,8.16,1012.5,Cloudy,Cloudy,15,0,3,16,29.96,45.0,1012.5,-0.120000000000001,0.0
2026-03-16 15:21:33.406512,29.9,43.9,0.0,8.16,1012.5,Cloudy,Cloudy,15,0,3,16,29.84,44.4,1012.5,0.05999999999999872,0.0
2026-03-16 15:21:35.403134,29.9,44.2,0.0,8.0,1011.9,Cloudy,Cloudy,15,0,3,16,29.9,43.9,1012.5,0.0,-0.6000000000000227
2026-03-16 15:21:37.401919,29.78,44.7,0.0,8.08,1011.8,Cloudy,Cloudy,15,0,3,16,29.9,44.2,1011.9,-0.11999999999999744,-0.10000000000002274
2026-03-16 15:21:39.408656,29.84,44.4,0.0,8.16,1011.5,Cloudy,Cloudy,15,0,3,16,29.78,44.7,1011.8,0.05999999999999872,-0.2999999999999545
2026-03-16 15:21:41.413823,29.86,45.0,0.0,8.12,1011.4,Cloudy,Sunny,15,0,3,16,29.84,44.4,1011.5,0.019999999999999574,-0.10000000000002274
2026-03-16 15:21:43.410157,29.88,44.9,0.0,8.0,1011.6,Cloudy,Sunny,15,0,3,16,29.86,45.0,1011.4,0.019999999999999574,0.20000000000004547
2026-03-16 15:21:45.413219,29.86,44.5,0.0,8.0,1011.6,Cloudy,Cloudy,15,0,3,16,29.88,44.9,1011.6,-0.019999999999999574,0.0
2026-03-16 15:21:47.459438,29.96,44.0,0.0,7.88,1011.4,Cloudy,Cloudy,15,0,3,16,29.86,44.5,1011.6,0.10000000000000142,-0.20000000000004547
2026-03-16 15:21:49.417498,30.0,44.4,0.0,7.72,1011.4,Cloudy,Cloudy,15,0,3,16,29.96,44.0,1011.4,0.03999999999999915,0.0
2026-03-16 15:21:51.418034,29.98,43.9,0.0,7.68,1011.3,Cloudy,Cloudy,15,0,3,16,30.0,44.4,1011.4,-0.019999999999999574,-0.10000000000002274
2026-03-16 15:21:53.422616,30.1,44.5,0.0,7.84,1010.9,Cloudy,Cloudy,15,0,3,16,29.98,43.9,1011.3,0.120000000000001,-0.39999999999997726
2026-03-16 15:21:55.489183,30.02,44.8,0.0,7.84,1010.9,Cloudy,Cloudy,15,0,3,16,30.1,44.5,1010.9,-0.08000000000000185,0.0
2026-03-16 15:21:57.426253,30.0,45.7,0.0,7.92,1011.3,Cloudy,Cloudy,15,0,3,16,30.02,44.8,1010.9,-0.019999999999999574,0.39999999999997726
2026-03-16 15:21:59.424840,30.0,45.2,0.0,8.08,1011.5,Cloudy,Cloudy,15,0,3,16,30.0,45.7,1011.3,0.0,0.20000000000004547
2026-03-16 15:22:01.427213,30.1,46.0,0.0,8.2,1011.4,Cloudy,Cloudy,15,0,3,16,30.0,45.2,1011.5,0.10000000000000142,-0.10000000000002274
2026-03-16 15:22:03.484920,30.04,46.3,0.0,8.12,1011.8,Cloudy,Cloudy,15,0,3,16,30.1,46.0,1011.4,-0.060000000000002274,0.39999999999997726
2026-03-16 15:22:05.433381,30.06,46.1,0.0,8.28,1011.9,Cloudy,Cloudy,15,0,3,16,30.04,46.3,1011.8,0.019999999999999574,0.10000000000002274
2026-03-16 15:22:07.433530,30.04,45.3,0.0,8.28,1012.0,Cloudy,Cloudy,15,0,3,16,30.06,46.1,1011.9,-0.019999999999999574,0.10000000000002274
2026-03-16 15:22:09.435138,30.1,45.4,0.0,8.16,1011.8,Cloudy,Cloudy,15,0,3,16,30.04,45.3,1012.0,0.060000000000002274,-0.20000000000004547
2026-03-16 15:22:11.437774,30.14,44.7,0.0,8.16,1012.0,Cloudy,Cloudy,15,0,3,16,30.1,45.4,1011.8,0.03999999999999915,0.20000000000004547
2026-03-16 15:22:13.443002,30.14,44.5,0.0,8.2,1011.8,Cloudy,Cloudy,15,0,3,16,30.14,44.7,1012.0,0.0,-0.20000000000004547
2026-03-16 15:22:15.445704,30.1,44.5,0.0,8.04,1011.7,Cloudy,Cloudy,15,0,3,16,30.14,44.5,1011.8,-0.03999999999999915,-0.09999999999990905
2026-03-16 15:22:17.450518,30.14,45.0,0.0,7.92,1011.6,Cloudy,Cloudy,15,0,3,16,30.1,44.5,1011.7,0.03999999999999915,-0.10000000000002274
2026-03-16 15:22:19.452298,30.1,44.4,0.0,7.96,1011.6,Cloudy,Cloudy,15,0,3,16,30.14,45.0,1011.6,-0.03999999999999915,0.0
2026-03-16 15:22:21.446616,30.16,44.9,0.0,7.84,1011.7,Cloudy,Cloudy,15,0,3,16,30.1,44.4,1011.6,0.05999999999999872,0.10000000000002274
2026-03-16 15:22:23.461298,30.16,45.1,0.0,7.8,1011.9,Cloudy,Cloudy,15,0,3,16,30.16,44.9,1011.7,0.0,0.1999999999999318
2026-03-16 15:22:25.491719,30.18,44.8,0.0,7.88,1012.2,Cloudy,Cloudy,15,0,3,16,30.16,45.1,1011.9,0.019999999999999574,0.3000000000000682
2026-03-16 15:22:27.451244,30.22,45.2,0.0,7.96,1012.1,Cloudy,Cloudy,15,0,3,16,30.18,44.8,1012.2,0.03999999999999915,-0.10000000000002274
2026-03-16 15:22:29.455996,30.22,45.6,0.0,7.92,1012.0,Sunny,Cloudy,15,0,3,16,30.22,45.2,1012.1,0.0,-0.10000000000002274
2026-03-16 15:22:31.452063,30.2,45.4,0.0,8.0,1011.8,Sunny,Cloudy,15,0,3,16,30.22,45.6,1012.0,-0.019999999999999574,-0.20000000000004547
2026-03-16 15:22:33.466904,30.2,44.4,0.0,8.0,1011.7,Cloudy,Cloudy,15,0,3,16,30.2,45.4,1011.8,0.0,-0.09999999999990905
2026-03-16 15:22:35.491147,30.1,44.9,0.0,7.96,1011.7,Cloudy,Cloudy,15,0,3,16,30.2,44.4,1011.7,-0.09999999999999787,0.0
2026-03-16 15:22:37.467344,30.04,44.4,0.0,8.04,1011.7,Cloudy,Cloudy,15,0,3,16,30.1,44.9,1011.7,-0.060000000000002274,0.0
2026-03-16 15:22:39.476866,29.98,44.6,0.0,8.12,1012.0,Cloudy,Cloudy,15,0,3,16,30.04,44.4,1011.7,-0.05999999999999872,0.2999999999999545
2026-03-16 15:22:41.468746,29.96,45.1,0.0,8.04,1012.2,Cloudy,Cloudy,15,0,3,16,29.98,44.6,1012.0,-0.019999999999999574,0.20000000000004547
2026-03-16 15:22:43.470274,29.96,45.3,0.0,7.96,1012.3,Cloudy,Cloudy,15,0,3,16,29.96,45.1,1012.2,0.0,0.09999999999990905
2026-03-16 15:22:45.474119,30.16,44.9,0.0,7.92,1012.1,Cloudy,Cloudy,15,0,3,16,29.96,45.3,1012.3,0.1999999999999993,-0.1999999999999318
2026-03-16 15:22:47.478129,30.18,44.8,0.0,7.84,1012.3,Cloudy,Cloudy,15,0,3,16,30.16,44.9,1012.1,0.019999999999999574,0.1999999999999318
2026-03-16 15:22:49.483452,30.2,44.2,0.0,7.76,1012.0,Cloudy,Cloudy,15,0,3,16,30.18,44.8,1012.3,0.019999999999999574,-0.2999999999999545
2026-03-16 15:22:51.513104,30.16,44.0,0.0,7.84,1011.8,Cloudy,Cloudy,15,0,3,16,30.2,44.2,1012.0,-0.03999999999999915,-0.20000000000004547
2026-03-16 15:22:53.512668,30.22,44.0,0.0,8.0,1011.5,Cloudy,Cloudy,15,0,3,16,30.16,44.0,1011.8,0.05999999999999872,-0.2999999999999545
2026-03-16 15:22:55.484524,30.18,44.4,0.0,8.16,1011.9,Cloudy,Cloudy,15,0,3,16,30.22,44.0,1011.5,-0.03999999999999915,0.39999999999997726
2026-03-16 15:22:57.486325,30.08,44.2,0.0,8.16,1012.0,Cloudy,Cloudy,15,0,3,16,30.18,44.4,1011.9,-0.10000000000000142,0.10000000000002274
2026-03-16 15:22:59.508456,30.0,45.1,0.0,8.12,1012.4,Cloudy,Cloudy,15,0,3,16,30.08,44.2,1012.0,-0.0799999999999983,0.39999999999997726
2026-03-16 15:23:01.487255,30.0,44.6,0.0,8.16,1012.8,Cloudy,Cloudy,15,0,3,16,30.0,45.1,1012.4,0.0,0.39999999999997726
2026-03-16 15:23:03.488441,29.94,45.1,0.0,8.16,1012.9,Cloudy,Cloudy,15,0,3,16,30.0,44.6,1012.8,-0.05999999999999872,0.10000000000002274
2026-03-16 15:23:05.485395,29.84,45.5,0.0,8.16,1013.0,Cloudy,Cloudy,15,0,3,16,29.94,45.1,1012.9,-0.10000000000000142,0.10000000000002274
2026-03-16 15:23:07.492101,30.0,45.5,0.0,8.24,1012.4,Cloudy,Cloudy,15,0,3,16,29.84,45.5,1013.0,0.16000000000000014,-0.6000000000000227
2026-03-16 15:23:09.494170,30.0,44.6,0.0,8.4,1012.0,Cloudy,Cloudy,15,0,3,16,30.0,45.5,1012.4,0.0,-0.39999999999997726
2026-03-16 15:23:11.499416,30.04,44.8,0.0,8.4,1012.0,Cloudy,Cloudy,15,0,3,16,30.0,44.6,1012.0,0.03999999999999915,0.0
2026-03-16 15:23:13.501000,29.9,44.1,0.0,8.28,1011.9,Cloudy,Cloudy,15,0,3,16,30.04,44.8,1012.0,-0.14000000000000057,-0.10000000000002274
2026-03-16 15:23:15.504511,29.88,44.1,0.0,8.16,1011.4,Cloudy,Cloudy,15,0,3,16,29.9,44.1,1011.9,-0.019999999999999574,-0.5
2026-03-16 15:23:17.505970,29.78,44.4,0.0,8.04,1011.4,Cloudy,Cloudy,15,0,3,16,29.88,44.1,1011.4,-0.09999999999999787,0.0
2026-03-16 15:23:19.505221,29.8,44.4,0.0,7.96,1011.4,Cloudy,Cloudy,15,0,3,16,29.78,44.4,1011.4,0.019999999999999574,0.0
2026-03-16 15:23:21.535138,29.66,43.9,0.0,7.84,1011.0,Cloudy,Cloudy,15,0,3,16,29.8,44.4,1011.4,-0.14000000000000057,-0.39999999999997726
2026-03-16 15:23:23.507819,29.68,44.5,0.0,7.8,1010.8,Cloudy,Cloudy,15,0,3,16,29.66,43.9,1011.0,0.019999999999999574,-0.20000000000004547
2026-03-16 15:23:25.515509,29.84,44.6,0.0,7.8,1011.1,Cloudy,Cloudy,15,0,3,16,29.68,44.5,1010.8,0.16000000000000014,0.3000000000000682
2026-03-16 15:23:27.513965,29.92,44.6,0.0,7.92,1011.2,Cloudy,Cloudy,15,0,3,16,29.84,44.6,1011.1,0.08000000000000185,0.10000000000002274
2026-03-16 15:23:29.515800,30.02,45.1,0.0,8.0,1011.3,Cloudy,Cloudy,15,0,3,16,29.92,44.6,1011.2,0.09999999999999787,0.09999999999990905
2026-03-16 15:23:31.515845,30.1,45.8,0.0,8.04,1011.5,Cloudy,Cloudy,15,0,3,16,30.02,45.1,1011.3,0.08000000000000185,0.20000000000004547
2026-03-16 15:23:33.520973,30.18,45.7,0.0,8.2,1011.8,Cloudy,Cloudy,15,0,3,16,30.1,45.8,1011.5,0.0799999999999983,0.2999999999999545
2026-03-16 15:23:35.522436,30.16,45.6,0.0,8.32,1011.5,Cloudy,Cloudy,15,0,3,16,30.18,45.7,1011.8,-0.019999999999999574,-0.2999999999999545
2026-03-16 15:23:37.525605,30.04,46.1,0.0,8.28,1011.7,Cloudy,Cloudy,15,0,3,16,30.16,45.6,1011.5,-0.120000000000001,0.20000000000004547
2026-03-16 15:23:39.522302,30.06,46.1,0.0,8.2,1011.5,Cloudy,Cloudy,15,0,3,16,30.04,46.1,1011.7,0.019999999999999574,-0.20000000000004547
2026-03-16 15:23:41.523842,30.1,46.4,0.0,8.24,1011.3,Cloudy,Cloudy,15,0,3,16,30.06,46.1,1011.5,0.0400000000000027,-0.20000000000004547
2026-03-16 15:23:43.546675,30.04,46.2,0.0,8.12,1011.2,Cloudy,Cloudy,15,0,3,16,30.1,46.4,1011.3,-0.060000000000002274,-0.09999999999990905
2026-03-16 15:23:45.535171,29.88,45.8,0.0,8.0,1011.6,Cloudy,Cloudy,15,0,3,16,30.04,46.2,1011.2,-0.16000000000000014,0.39999999999997726
2026-03-16 15:23:47.535296,29.84,45.4,0.0,8.0,1011.7,Cloudy,Cloudy,15,0,3,16,29.88,45.8,1011.6,-0.03999999999999915,0.10000000000002274
2026-03-16 15:23:49.538855,29.82,45.2,0.0,8.04,1012.2,Cloudy,Cloudy,15,0,3,16,29.84,45.4,1011.7,-0.019999999999999574,0.5
2026-03-16 15:23:51.544758,29.74,45.1,0.0,8.0,1012.4,Cloudy,Cloudy,15,0,3,16,29.82,45.2,1012.2,-0.08000000000000185,0.1999999999999318
2026-03-16 15:23:53.549240,29.86,45.3,0.0,8.08,1012.7,Cloudy,Cloudy,15,0,3,16,29.74,45.1,1012.4,0.120000000000001,0.3000000000000682
2026-03-16 15:23:55.546264,29.94,45.1,0.0,8.2,1012.3,Cloudy,Sunny,15,0,3,16,29.86,45.3,1012.7,0.08000000000000185,-0.40000000000009095
2026-03-16 15:23:57.544108,30.02,45.4,0.0,8.12,1012.0,Cloudy,Sunny,15,0,3,16,29.94,45.1,1012.3,0.0799999999999983,-0.2999999999999545
2026-03-16 15:23:59.546485,30.1,45.1,0.0,8.0,1011.8,Cloudy,Sunny,15,0,3,16,30.02,45.4,1012.0,0.08000000000000185,-0.20000000000004547
2026-03-16 15:24:01.545784,30.2,44.7,0.0,7.92,1012.0,Cloudy,Cloudy,15,0,3,16,30.1,45.1,1011.8,0.09999999999999787,0.20000000000004547
2026-03-16 15:24:03.556654,30.2,45.1,0.0,7.88,1012.1,Cloudy,Cloudy,15,0,3,16,30.2,44.7,1012.0,0.0,0.10000000000002274
2026-03-16 15:24:05.553890,30.26,45.1,0.0,7.76,1012.0,Cloudy,Cloudy,15,0,3,16,30.2,45.1,1012.1,0.060000000000002274,-0.10000000000002274
2026-03-16 15:24:07.557782,30.26,44.4,0.0,7.88,1012.4,Cloudy,Cloudy,15,0,3,16,30.26,45.1,1012.0,0.0,0.39999999999997726
2026-03-16 15:24:09.568841,30.16,45.2,0.0,8.04,1012.5,Cloudy,Cloudy,15,0,3,16,30.26,44.4,1012.4,-0.10000000000000142,0.10000000000002274
2026-03-16 15:24:11.551063,30.16,45.2,0.0,8.2,1012.0,Cloudy,Cloudy,15,0,3,16,30.16,45.2,1012.5,0.0,-0.5
2026-03-16 15:24:13.568048,30.1,44.6,0.0,8.2,1011.7,Cloudy,Cloudy,15,0,3,16,30.16,45.2,1012.0,-0.05999999999999872,-0.2999999999999545
2026-03-16 15:24:15.565692,30.06,44.9,0.0,8.16,1012.1,Cloudy,Cloudy,15,0,3,16,30.1,44.6,1011.7,-0.0400000000000027,0.39999999999997726
2026-03-16 15:24:17.569366,30.12,45.4,0.0,8.0,1012.1,Cloudy,Cloudy,15,0,3,16,30.06,44.9,1012.1,0.060000000000002274,0.0
2026-03-16 15:24:19.574843,30.1,45.4,0.0,7.84,1012.2,Cloudy,Cloudy,15,0,3,16,30.12,45.4,1012.1,-0.019999999999999574,0.10000000000002274
2026-03-16 15:24:21.575634,29.94,45.5,0.0,7.68,1012.3,Cloudy,Cloudy,15,0,3,16,30.1,45.4,1012.2,-0.16000000000000014,0.09999999999990905
2026-03-16 15:24:23.593997,29.9,46.1,0.0,7.76,1012.0,Cloudy,Cloudy,15,0,3,16,29.94,45.5,1012.3,-0.0400000000000027,-0.2999999999999545
2026-03-16 15:24:25.578844,29.98,46.4,0.0,7.76,1011.6,Cloudy,Cloudy,15,0,3,16,29.9,46.1,1012.0,0.08000000000000185,-0.39999999999997726
2026-03-16 15:24:27.580843,29.94,46.2,0.0,7.88,1011.2,Cloudy,Cloudy,15,0,3,16,29.98,46.4,1011.6,-0.03999999999999915,-0.39999999999997726
2026-03-16 15:24:29.581329,29.86,46.2,0.0,7.96,1011.3,Cloudy,Cloudy,15,0,3,16,29.94,46.2,1011.2,-0.08000000000000185,0.09999999999990905
2026-03-16 15:24:31.585844,29.96,45.6,0.0,8.12,1011.6,Cloudy,Cloudy,15,0,3,16,29.86,46.2,1011.3,0.10000000000000142,0.3000000000000682
2026-03-16 15:24:33.591302,30.06,45.0,0.0,8.12,1012.2,Cloudy,Cloudy,15,0,3,16,29.96,45.6,1011.6,0.09999999999999787,0.6000000000000227
2026-03-16 15:24:35.588669,29.86,44.6,0.0,8.28,1012.7,Cloudy,Cloudy,15,0,3,16,30.06,45.0,1012.2,-0.1999999999999993,0.5
2026-03-16 15:24:37.586553,29.76,44.5,0.0,8.2,1012.9,Cloudy,Cloudy,15,0,3,16,29.86,44.6,1012.7,-0.09999999999999787,0.1999999999999318
2026-03-16 15:24:39.609882,29.84,44.2,0.0,8.28,1012.9,Cloudy,Cloudy,15,0,3,16,29.76,44.5,1012.9,0.0799999999999983,0.0
2026-03-16 15:24:41.589420,29.94,44.8,0.0,8.16,1013.1,Cloudy,Cloudy,15,0,3,16,29.84,44.2,1012.9,0.10000000000000142,0.20000000000004547
2026-03-16 15:24:43.593424,29.78,45.4,0.0,8.16,1012.9,Sunny,Cloudy,15,0,3,16,29.94,44.8,1013.1,-0.16000000000000014,-0.20000000000004547
2026-03-16 15:24:45.594367,29.88,45.3,0.0,8.08,1012.7,Sunny,Cloudy,15,0,3,16,29.78,45.4,1012.9,0.09999999999999787,-0.1999999999999318
2026-03-16 15:24:47.602931,29.96,45.8,0.0,8.2,1012.5,Sunny,Cloudy,15,0,3,16,29.88,45.3,1012.7,0.08000000000000185,-0.20000000000004547
2026-03-16 15:24:49.601969,29.98,45.4,0.0,8.2,1012.0,Cloudy,Cloudy,15,0,3,16,29.96,45.8,1012.5,0.019999999999999574,-0.5
2026-03-16 15:24:51.610291,29.82,45.5,0.0,8.2,1011.4,Cloudy,Cloudy,15,0,3,16,29.98,45.4,1012.0,-0.16000000000000014,-0.6000000000000227
2026-03-16 15:24:53.627651,29.98,45.6,0.0,8.16,1011.4,Cloudy,Cloudy,15,0,3,16,29.82,45.5,1011.4,0.16000000000000014,0.0
2026-03-16 15:24:55.615331,29.98,45.3,0.0,8.2,1011.5,Cloudy,Cloudy,15,0,3,16,29.98,45.6,1011.4,0.0,0.10000000000002274
2026-03-16 15:24:57.613264,30.1,45.4,0.0,8.04,1011.5,Cloudy,Cloudy,15,0,3,16,29.98,45.3,1011.5,0.120000000000001,0.0
2026-03-16 15:24:59.621179,30.2,45.7,0.0,7.88,1011.7,Cloudy,Cloudy,15,0,3,16,30.1,45.4,1011.5,0.09999999999999787,0.20000000000004547
2026-03-16 15:25:01.623523,30.28,45.7,0.0,7.88,1011.7,Cloudy,Cloudy,15,0,3,16,30.2,45.7,1011.7,0.08000000000000185,0.0
2026-03-16 15:25:03.622014,30.24,45.5,0.0,7.84,1011.9,Cloudy,Sunny,15,0,3,16,30.28,45.7,1011.7,-0.0400000000000027,0.1999999999999318
2026-03-16 15:25:05.627669,30.18,45.6,0.0,7.88,1012.0,Cloudy,Sunny,15,0,3,16,30.24,45.5,1011.9,-0.05999999999999872,0.10000000000002274
2026-03-16 15:25:07.631128,30.06,45.4,0.0,7.96,1012.2,Cloudy,Sunny,15,0,3,16,30.18,45.6,1012.0,-0.120000000000001,0.20000000000004547
2026-03-16 15:25:09.627915,29.86,45.4,0.0,8.12,1012.4,Cloudy,Cloudy,15,0,3,16,30.06,45.4,1012.2,-0.1999999999999993,0.1999999999999318
2026-03-16 15:25:11.634626,29.92,45.1,0.0,8.2,1012.7,Cloudy,Cloudy,15,0,3,16,29.86,45.4,1012.4,0.060000000000002274,0.3000000000000682
2026-03-16 15:25:13.634219,29.96,44.9,0.0,8.16,1012.4,Cloudy,Cloudy,15,0,3,16,29.92,45.1,1012.7,0.03999999999999915,-0.3000000000000682
2026-03-16 15:25:15.637901,30.04,44.9,0.0,8.12,1012.3,Cloudy,Cloudy,15,0,3,16,29.96,44.9,1012.4,0.0799999999999983,-0.10000000000002274
2026-03-16 15:25:17.639419,29.98,44.6,0.0,8.12,1012.5,Cloudy,Cloudy,15,0,3,16,30.04,44.9,1012.3,-0.05999999999999872,0.20000000000004547
2026-03-16 15:25:19.642321,30.08,44.5,0.0,8.08,1012.4,Cloudy,Cloudy,15,0,3,16,29.98,44.6,1012.5,0.09999999999999787,-0.10000000000002274
2026-03-16 15:25:21.649740,30.06,44.3,0.0,7.96,1012.2,Cloudy,Cloudy,15,0,3,16,30.08,44.5,1012.4,-0.019999999999999574,-0.1999999999999318
2026-03-16 15:25:23.650151,30.1,44.1,0.0,8.0,1012.1,Cloudy,Cloudy,15,0,3,16,30.06,44.3,1012.2,0.0400000000000027,-0.10000000000002274
2026-03-16 15:25:25.652783,30.16,44.6,0.0,7.92,1012.3,Cloudy,Cloudy,15,0,3,16,30.1,44.1,1012.1,0.05999999999999872,0.1999999999999318
2026-03-16 15:25:27.656535,30.28,44.4,0.0,8.0,1012.1,Cloudy,Sunny,15,0,3,16,30.16,44.6,1012.3,0.120000000000001,-0.1999999999999318
2026-03-16 15:25:29.652413,30.24,44.2,0.0,8.04,1011.9,Cloudy,Sunny,15,0,3,16,30.28,44.4,1012.1,-0.0400000000000027,-0.20000000000004547
2026-03-16 15:25:31.652311,30.14,44.1,0.0,8.12,1012.1,Cloudy,Cloudy,15,0,3,16,30.24,44.2,1011.9,-0.09999999999999787,0.20000000000004547
2026-03-16 15:25:33.654500,29.94,44.5,0.0,8.04,1012.5,Cloudy,Cloudy,15,0,3,16,30.14,44.1,1012.1,-0.1999999999999993,0.39999999999997726
2026-03-16 15:25:35.663531,29.88,44.5,0.0,8.16,1012.4,Cloudy,Cloudy,15,0,3,16,29.94,44.5,1012.5,-0.060000000000002274,-0.10000000000002274
2026-03-16 15:25:37.657958,29.78,44.8,0.0,8.0,1012.4,Cloudy,Cloudy,15,0,3,16,29.88,44.5,1012.4,-0.09999999999999787,0.0
2026-03-16 15:25:39.672305,29.82,45.1,0.0,7.88,1012.8,Cloudy,Cloudy,15,0,3,16,29.78,44.8,1012.4,0.03999999999999915,0.39999999999997726
2026-03-16 15:25:41.675376,29.76,45.9,0.0,7.88,1012.7,Cloudy,Cloudy,15,0,3,16,29.82,45.1,1012.8,-0.05999999999999872,-0.09999999999990905
2026-03-16 15:25:43.668323,29.96,46.1,0.0,7.96,1012.6,Cloudy,Cloudy,15,0,3,16,29.76,45.9,1012.7,0.1999999999999993,-0.10000000000002274
2026-03-16 15:25:45.671111,29.94,46.4,0.0,7.88,1012.7,Cloudy,Cloudy,15,0,3,16,29.96,46.1,1012.6,-0.019999999999999574,0.10000000000002274
2026-03-16 15:25:47.675045,29.96,46.7,0.0,7.92,1012.8,Cloudy,Cloudy,15,0,3,16,29.94,46.4,1012.7,0.019999999999999574,0.09999999999990905
2026-03-16 15:25:49.673646,29.88,47.3,0.0,7.88,1012.6,Cloudy,Cloudy,15,0,3,16,29.96,46.7,1012.8,-0.08000000000000185,-0.1999999999999318
2026-03-16 15:25:51.678809,29.96,47.4,0.0,7.96,1012.9,Sunny,Cloudy,15,0,3,16,29.88,47.3,1012.6,0.08000000000000185,0.2999999999999545
2026-03-16 15:25:53.679755,29.94,47.3,0.0,8.0,1012.8,Sunny,Cloudy,15,0,3,16,29.96,47.4,1012.9,-0.019999999999999574,-0.10000000000002274
2026-03-16 15:25:55.677953,29.84,46.5,0.0,7.96,1012.5,Sunny,Cloudy,15,0,3,16,29.94,47.3,1012.8,-0.10000000000000142,-0.2999999999999545
2026-03-16 15:25:57.685281,29.82,46.3,0.0,7.96,1012.1,Cloudy,Cloudy,15,0,3,16,29.84,46.5,1012.5,-0.019999999999999574,-0.39999999999997726
2026-03-16 15:25:59.681888,30.0,46.1,0.0,8.04,1011.7,Cloudy,Cloudy,15,0,3,16,29.82,46.3,1012.1,0.17999999999999972,-0.39999999999997726
2026-03-16 15:26:01.684856,30.12,45.6,0.0,8.0,1011.5,Cloudy,Cloudy,15,0,3,16,30.0,46.1,1011.7,0.120000000000001,-0.20000000000004547
2026-03-16 15:26:03.693351,30.1,45.0,0.0,8.04,1011.7,Cloudy,Cloudy,15,0,3,16,30.12,45.6,1011.5,-0.019999999999999574,0.20000000000004547
2026-03-16 15:26:05.692876,30.24,45.0,0.0,8.16,1012.0,Cloudy,Cloudy,15,0,3,16,30.1,45.0,1011.7,0.13999999999999702,0.2999999999999545
2026-03-16 15:26:07.693728,30.32,45.1,0.0,8.2,1012.3,Cloudy,Cloudy,15,0,3,16,30.24,45.0,1012.0,0.08000000000000185,0.2999999999999545
2026-03-16 15:26:09.694739,30.26,44.6,0.0,8.12,1012.5,Cloudy,Sunny,15,0,3,16,30.32,45.1,1012.3,-0.05999999999999872,0.20000000000004547
2026-03-16 15:26:11.696352,30.26,44.7,0.0,8.0,1012.4,Cloudy,Sunny,15,0,3,16,30.26,44.6,1012.5,0.0,-0.10000000000002274
2026-03-16 15:26:13.698922,30.22,45.2,0.0,7.84,1012.2,Cloudy,Cloudy,15,0,3,16,30.26,44.7,1012.4,-0.0400000000000027,-0.1999999999999318
2026-03-16 15:26:15.701454,30.1,45.9,0.0,7.84,1011.9,Sunny,Cloudy,15,0,3,16,30.22,45.2,1012.2,-0.11999999999999744,-0.3000000000000682
2026-03-16 15:26:17.703138,30.0,45.7,0.0,7.8,1011.6,Sunny,Cloudy,15,0,3,16,30.1,45.9,1011.9,-0.10000000000000142,-0.2999999999999545
2026-03-16 15:26:19.710328,29.98,45.8,0.0,7.92,1011.4,Cloudy,Cloudy,15,0,3,16,30.0,45.7,1011.6,-0.019999999999999574,-0.20000000000004547
2026-03-16 15:26:21.711682,29.94,45.4,0.0,8.08,1011.5,Cloudy,Cloudy,15,0,3,16,29.98,45.8,1011.4,-0.03999999999999915,0.10000000000002274
2026-03-16 15:26:23.715239,30.02,45.6,0.0,8.24,1011.6,Cloudy,Cloudy,15,0,3,16,29.94,45.4,1011.5,0.0799999999999983,0.10000000000002274
2026-03-16 15:26:25.714321,30.16,44.7,0.0,8.16,1011.8,Cloudy,Cloudy,15,0,3,16,30.02,45.6,1011.6,0.14000000000000057,0.1999999999999318
2026-03-16 15:26:27.717634,30.18,44.4,0.0,8.12,1011.9,Cloudy,Cloudy,15,0,3,16,30.16,44.7,1011.8,0.019999999999999574,0.10000000000002274
2026-03-16 15:26:29.721295,30.06,44.3,0.0,8.08,1012.2,Cloudy,Cloudy,15,0,3,16,30.18,44.4,1011.9,-0.120000000000001,0.3000000000000682
2026-03-16 15:26:31.721323,30.08,44.1,0.0,8.08,1012.5,Cloudy,Cloudy,15,0,3,16,30.06,44.3,1012.2,0.019999999999999574,0.2999999999999545
2026-03-16 15:26:33.720939,29.94,43.4,0.0,7.96,1012.6,Cloudy,Cloudy,15,0,3,16,30.08,44.1,1012.5,-0.13999999999999702,0.10000000000002274
2026-03-16 15:26:35.727643,29.86,44.1,0.0,8.0,1012.7,Cloudy,Cloudy,15,0,3,16,29.94,43.4,1012.6,-0.08000000000000185,0.10000000000002274
2026-03-16 15:26:37.730628,29.86,44.6,0.0,8.04,1013.1,Cloudy,Cloudy,15,0,3,16,29.86,44.1,1012.7,0.0,0.39999999999997726
2026-03-16 15:26:39.729631,30.02,44.7,0.0,8.08,1012.9,Cloudy,Cloudy,15,0,3,16,29.86,44.6,1013.1,0.16000000000000014,-0.20000000000004547
2026-03-16 15:26:41.728408,29.86,44.9,0.0,7.96,1012.8,Cloudy,Cloudy,15,0,3,16,30.02,44.7,1012.9,-0.16000000000000014,-0.10000000000002274
2026-03-16 15:26:43.734253,29.82,45.6,0.0,8.04,1012.2,Cloudy,Cloudy,15,0,3,16,29.86,44.9,1012.8,-0.03999999999999915,-0.599999999999909
2026-03-16 15:26:45.738376,29.8,45.9,0.0,7.92,1011.8,Cloudy,Cloudy,15,0,3,16,29.82,45.6,1012.2,-0.019999999999999574,-0.40000000000009095
2026-03-16 15:26:47.738608,29.92,45.5,0.0,8.0,1011.6,Cloudy,Cloudy,15,0,3,16,29.8,45.9,1011.8,0.120000000000001,-0.1999999999999318
2026-03-16 15:26:49.736907,29.96,46.0,0.0,8.04,1011.6,Cloudy,Cloudy,15,0,3,16,29.92,45.5,1011.6,0.03999999999999915,0.0
2026-03-16 15:26:51.740082,30.1,46.8,0.0,8.16,1011.5,Cloudy,Cloudy,15,0,3,16,29.96,46.0,1011.6,0.14000000000000057,-0.10000000000002274
2026-03-16 15:26:53.745192,30.24,46.2,0.0,8.04,1011.6,Cloudy,Cloudy,15,0,3,16,30.1,46.8,1011.5,0.13999999999999702,0.10000000000002274
2026-03-16 15:26:55.746523,30.36,46.0,0.0,8.16,1011.5,Cloudy,Cloudy,15,0,3,16,30.24,46.2,1011.6,0.120000000000001,-0.10000000000002274
2026-03-16 15:26:57.748028,30.32,46.1,0.0,8.12,1011.5,Sunny,Cloudy,15,0,3,16,30.36,46.0,1011.5,-0.03999999999999915,0.0
2026-03-16 15:26:59.750695,30.32,45.3,0.0,8.04,1011.4,Sunny,Cloudy,15,0,3,16,30.32,46.1,1011.5,0.0,-0.10000000000002274
2026-03-16 15:27:01.757069,30.16,45.1,0.0,7.96,1011.5,Cloudy,Cloudy,15,0,3,16,30.32,45.3,1011.4,-0.16000000000000014,0.10000000000002274
2026-03-16 15:27:03.756801,30.0,44.7,0.0,8.08,1011.5,Cloudy,Cloudy,15,0,3,16,30.16,45.1,1011.5,-0.16000000000000014,0.0
2026-03-16 15:27:05.756013,30.02,44.4,0.0,8.04,1011.4,Cloudy,Cloudy,15,0,3,16,30.0,44.7,1011.5,0.019999999999999574,-0.10000000000002274
2026-03-16 15:27:07.759006,29.98,43.9,0.0,8.12,1011.4,Cloudy,Cloudy,15,0,3,16,30.02,44.4,1011.4,-0.03999999999999915,0.0
2026-03-16 15:27:09.763312,29.82,44.5,0.0,8.08,1012.0,Cloudy,Cloudy,15,0,3,16,29.98,43.9,1011.4,-0.16000000000000014,0.6000000000000227
2026-03-16 15:27:11.764412,30.0,44.0,0.0,8.08,1011.6,Cloudy,Cloudy,15,0,3,16,29.82,44.5,1012.0,0.17999999999999972,-0.39999999999997726
2026-03-16 15:27:13.764258,30.16,44.7,0.0,8.0,1011.6,Cloudy,Cloudy,15,0,3,16,30.0,44.0,1011.6,0.16000000000000014,0.0
2026-03-16 15:27:15.768482,30.04,45.0,0.0,8.04,1012.0,Cloudy,Cloudy,15,0,3,16,30.16,44.7,1011.6,-0.120000000000001,0.39999999999997726
2026-03-16 15:27:17.771451,30.06,45.7,0.0,8.0,1011.7,Cloudy,Cloudy,15,0,3,16,30.04,45.0,1012.0,0.019999999999999574,-0.2999999999999545
2026-03-16 15:27:19.773888,30.18,45.3,0.0,7.96,1011.1,Cloudy,Cloudy,15,0,3,16,30.06,45.7,1011.7,0.120000000000001,-0.6000000000000227
2026-03-16 15:27:21.778832,30.18,46.0,0.0,8.0,1011.6,Cloudy,Cloudy,15,0,3,16,30.18,45.3,1011.1,0.0,0.5
2026-03-16 15:27:23.776556,30.1,45.9,0.0,7.96,1011.7,Cloudy,Cloudy,15,0,3,16,30.18,46.0,1011.6,-0.0799999999999983,0.10000000000002274
2026-03-16 15:27:25.777293,30.18,45.8,0.0,7.84,1011.4,Cloudy,Cloudy,15,0,3,16,30.1,45.9,1011.7,0.0799999999999983,-0.3000000000000682
2026-03-16 15:27:27.784622,30.14,45.1,0.0,7.76,1011.7,Cloudy,Cloudy,15,0,3,16,30.18,45.8,1011.4,-0.03999999999999915,0.3000000000000682
2026-03-16 15:27:29.783026,30.06,45.5,0.0,7.8,1011.8,Cloudy,Cloudy,15,0,3,16,30.14,45.1,1011.7,-0.08000000000000185,0.09999999999990905
2026-03-16 15:27:31.795628,29.88,45.1,0.0,7.8,1011.8,Cloudy,Cloudy,15,0,3,16,30.06,45.5,1011.8,-0.17999999999999972,0.0
2026-03-16 15:27:33.777672,29.84,45.2,0.0,7.88,1012.0,Cloudy,Cloudy,15,0,3,16,29.88,45.1,1011.8,-0.03999999999999915,0.20000000000004547
2026-03-16 15:27:35.780017,29.86,44.8,0.0,8.0,1012.4,Cloudy,Cloudy,15,0,3,16,29.84,45.2,1012.0,0.019999999999999574,0.39999999999997726
2026-03-16 15:27:37.796361,29.92,45.6,0.0,8.12,1012.7,Cloudy,Cloudy,15,0,3,16,29.86,44.8,1012.4,0.060000000000002274,0.3000000000000682
2026-03-16 15:27:39.810963,29.86,45.9,0.0,8.24,1012.6,Cloudy,Rainy,15,0,3,16,29.92,45.6,1012.7,-0.060000000000002274,-0.10000000000002274
2026-03-16 15:27:41.812192,29.88,45.4,0.0,8.28,1012.6,Cloudy,Rainy,15,0,3,16,29.86,45.9,1012.6,0.019999999999999574,0.0
2026-03-16 15:27:43.800580,29.92,45.0,0.0,8.36,1012.5,Cloudy,Cloudy,15,0,3,16,29.88,45.4,1012.6,0.0400000000000027,-0.10000000000002274
2026-03-16 15:27:45.806201,29.76,45.4,0.0,8.28,1012.6,Cloudy,Cloudy,15,0,3,16,29.92,45.0,1012.5,-0.16000000000000014,0.10000000000002274
2026-03-16 15:27:47.808503,29.68,45.4,0.0,8.24,1012.3,Cloudy,Cloudy,15,0,3,16,29.76,45.4,1012.6,-0.08000000000000185,-0.3000000000000682
2026-03-16 15:27:49.808723,29.8,44.4,0.0,8.2,1012.4,Cloudy,Cloudy,15,0,3,16,29.68,45.4,1012.3,0.120000000000001,0.10000000000002274
2026-03-16 15:27:51.799385,29.9,44.6,0.0,8.2,1012.1,Cloudy,Cloudy,15,0,3,16,29.8,44.4,1012.4,0.09999999999999787,-0.2999999999999545
2026-03-16 15:27:53.814309,30.0,45.2,0.0,8.08,1012.0,Cloudy,Cloudy,15,0,3,16,29.9,44.6,1012.1,0.10000000000000142,-0.10000000000002274
2026-03-16 15:27:55.822013,30.08,45.3,0.0,8.16,1011.7,Cloudy,Cloudy,15,0,3,16,30.0,45.2,1012.0,0.0799999999999983,-0.2999999999999545
2026-03-16 15:27:57.820462,30.22,44.6,0.0,8.16,1011.4,Cloudy,Cloudy,15,0,3,16,30.08,45.3,1011.7,0.14000000000000057,-0.3000000000000682
2026-03-16 15:27:59.819278,30.18,44.9,0.0,8.08,1011.8,Cloudy,Cloudy,15,0,3,16,30.22,44.6,1011.4,-0.03999999999999915,0.39999999999997726
2026-03-16 15:28:01.829905,30.08,44.9,0.0,8.08,1011.7,Cloudy,Sunny,15,0,3,16,30.18,44.9,1011.8,-0.10000000000000142,-0.09999999999990905
2026-03-16 15:28:03.824931,29.9,44.0,0.0,8.12,1011.9,Cloudy,Cloudy,15,0,3,16,30.08,44.9,1011.7,-0.17999999999999972,0.1999999999999318
2026-03-16 15:28:05.829256,29.88,43.9,0.0,8.12,1011.6,Cloudy,Cloudy,15,0,3,16,29.9,44.0,1011.9,-0.019999999999999574,-0.2999999999999545
2026-03-16 15:28:07.838389,29.86,44.3,0.0,8.04,1012.1,Cloudy,Cloudy,15,0,3,16,29.88,43.9,1011.6,-0.019999999999999574,0.5
2026-03-16 15:28:09.839699,29.94,45.0,0.0,8.0,1012.2,Cloudy,Cloudy,15,0,3,16,29.86,44.3,1012.1,0.08000000000000185,0.10000000000002274
2026-03-16 15:28:11.924352,30.02,44.7,0.0,7.96,1012.1,Cloudy,Cloudy,15,0,3,16,29.94,45.0,1012.2,0.0799999999999983,-0.10000000000002274
2026-03-16 15:28:13.835803,30.06,45.7,0.0,8.04,1012.1,Cloudy,Cloudy,15,0,3,16,30.02,44.7,1012.1,0.03999999999999915,0.0
2026-03-20 23:07:07.753710,30.64,44.89,2.79,6.75,1010.03,Cloudy,Cloudy,23,4,3,20,30.06,45.7,1012.1,0.5800000000000018,-2.07000000000005
2026-03-20 23:07:09.844812,28.4,41.08,11.29,4.26,1012.79,Cloudy,Cloudy,23,4,3,20,30.64,44.89,1010.03,-2.240000000000002,2.759999999999991
2026-03-20 23:07:11.887726,26.0,47.67,9.71,5.59,1012.09,Cloudy,Cloudy,23,4,3,20,28.4,41.08,1012.79,-2.3999999999999986,-0.6999999999999318
2026-03-20 23:07:13.956796,23.64,51.92,9.01,5.71,1013.19,Cloudy,Cloudy,23,4,3,20,26.0,47.67,1012.09,-2.3599999999999994,1.1000000000000227
2026-03-20 23:07:16.894749,22.83,54.84,10.82,4.85,1009.21,Cloudy,Cloudy,23,4,3,20,23.64,51.92,1013.19,-0.8100000000000023,-3.980000000000018
2026-03-20 23:07:19.644575,23.47,55.37,14.05,5.48,1007.14,Cloudy,Cloudy,23,4,3,20,22.83,54.84,1009.21,0.6400000000000006,-2.07000000000005
2026-03-20 23:07:21.679568,23.23,62.5,14.01,5.68,1003.22,Rainy,Cloudy,23,4,3,20,23.47,55.37,1007.14,-0.23999999999999844,-3.919999999999959
2026-03-20 23:07:25.293437,22.53,58.53,14.34,4.25,1002.23,Rainy,Cloudy,23,4,3,20,23.23,62.5,1003.22,-0.6999999999999993,-0.9900000000000091
2026-03-20 23:07:27.324442,25.82,62.92,13.97,3.41,1002.4,Cloudy,Cloudy,23,4,3,20,22.53,58.53,1002.23,3.289999999999999,0.16999999999995907
2026-03-20 23:07:29.351423,26.09,64.92,13.22,5.06,1005.57,Cloudy,Cloudy,23,4,3,20,25.82,62.92,1002.4,0.2699999999999996,3.1700000000000728
2026-03-20 23:07:33.235827,23.53,70.36,12.42,3.17,1005.23,Cloudy,Cloudy,23,4,3,20,26.09,64.92,1005.57,-2.5599999999999987,-0.34000000000003183
2026-03-20 23:07:35.344431,25.41,63.01,10.46,3.7,1009.02,Cloudy,Cloudy,23,4,3,20,23.53,70.36,1005.23,1.879999999999999,3.7899999999999636
2026-03-20 23:07:37.370483,25.73,61.54,11.8,4.12,1008.89,Cloudy,Cloudy,23,4,3,20,25.41,63.01,1009.02,0.3200000000000003,-0.12999999999999545
2026-03-20 23:07:39.401453,22.4,51.19,11.54,4.07,1006.41,Cloudy,Cloudy,23,4,3,20,25.73,61.54,1008.89,-3.330000000000002,-2.480000000000018
2026-03-20 23:07:41.429779,24.4,43.9,11.25,3.7,1003.66,Cloudy,Cloudy,23,4,3,20,22.4,51.19,1006.41,2.0,-2.75
2026-03-20 23:07:43.462662,27.1,35.52,10.35,4.71,1003.98,Cloudy,Cloudy,23,4,3,20,24.4,43.9,1003.66,2.700000000000003,0.32000000000005
2026-03-20 23:07:48.100760,27.1,44.35,8.92,5.08,1000.16,Cloudy,Cloudy,23,4,3,20,27.1,35.52,1003.98,0.0,-3.82000000000005
2026-03-20 23:07:53.184681,29.5,46.36,7.1,4.45,1000.84,Sunny,Cloudy,23,4,3,20,27.1,44.35,1000.16,2.3999999999999986,0.6800000000000637
2026-03-20 23:07:55.202445,31.82,56.88,7.59,6.08,1000.16,Cloudy,Cloudy,23,4,3,20,29.5,46.36,1000.84,2.3200000000000003,-0.6800000000000637
2026-03-20 23:07:57.231845,30.44,59.73,8.17,5.41,999.63,Cloudy,Cloudy,23,4,3,20,31.82,56.88,1000.16,-1.379999999999999,-0.5299999999999727
2026-03-20 23:07:59.260640,29.81,70.88,7.53,6.07,1001.81,Cloudy,Cloudy,23,4,3,20,30.44,59.73,999.63,-0.6300000000000026,2.17999999999995
2026-03-20 23:08:03.365049,28.58,69.69,9.36,5.63,1001.5,Cloudy,Cloudy,23,4,3,20,29.81,70.88,1001.81,-1.2300000000000004,-0.30999999999994543
2026-03-20 23:19:52.143139,30.4,67.7,0.0,0.0,1009.6,Cloudy,Cloudy,23,4,3,20,28.58,69.69,1001.5,1.8200000000000003,8.100000000000023
2026-03-20 23:19:54.047605,30.4,67.7,0.0,0.0,1009.58,Cloudy,Cloudy,23,4,3,20,30.4,67.7,1009.6,0.0,-0.01999999999998181
2026-03-20 23:19:56.104459,30.4,67.7,0.0,0.0,1009.59,Cloudy,Cloudy,23,4,3,20,30.4,67.7,1009.58,0.0,0.009999999999990905
2026-03-20 23:19:58.165162,30.4,67.7,0.0,0.0,1009.59,Cloudy,Cloudy,23,4,3,20,30.4,67.7,1009.59,0.0,0.0
2026-03-20 23:20:01.054360,30.4,67.72,0.0,0.0,1009.59,Cloudy,Cloudy,23,4,3,20,30.4,67.7,1009.59,0.0,0.0
2026-03-20 23:20:02.395508,30.4,67.74,0.0,0.0,1009.6,Cloudy,Cloudy,23,4,3,20,30.4,67.72,1009.59,0.0,0.009999999999990905
2026-03-20 23:20:04.351238,30.4,67.76,0.0,0.0,1009.61,Cloudy,Cloudy,23,4,3,20,30.4,67.74,1009.6,0.0,0.009999999999990905
2026-03-20 23:20:06.415496,30.4,67.78,0.0,0.0,1009.61,Cloudy,Cloudy,23,4,3,20,30.4,67.76,1009.61,0.0,0.0
2026-03-20 23:20:08.468870,30.4,67.8,0.0,0.0,1009.62,Cloudy,Cloudy,23,4,3,20,30.4,67.78,1009.61,0.0,0.009999999999990905
2026-03-20 23:20:10.534198,30.4,67.8,0.0,0.0,1009.62,Cloudy,Cloudy,23,4,3,20,30.4,67.8,1009.62,0.0,0.0
2026-03-20 23:20:12.592026,30.4,67.8,0.0,0.0,1009.6,Cloudy,Cloudy,23,4,3,20,30.4,67.8,1009.62,0.0,-0.01999999999998181
2026-03-20 23:20:16.978671,30.38,67.8,0.0,0.0,1009.6,Cloudy,Cloudy,23,4,3,20,30.4,67.8,1009.6,-0.019999999999999574,0.0
2026-03-20 23:20:17.149232,30.36,67.8,0.0,0.0,1009.59,Cloudy,Cloudy,23,4,3,20,30.38,67.8,1009.6,-0.019999999999999574,-0.009999999999990905
2026-03-20 23:20:18.778928,30.34,67.8,0.0,0.0,1009.58,Cloudy,Cloudy,23,4,3,20,30.36,67.8,1009.59,-0.019999999999999574,-0.009999999999990905
2026-03-20 23:20:20.831910,30.32,67.8,0.0,0.0,1009.58,Cloudy,Cloudy,23,4,3,20,30.34,67.8,1009.58,-0.019999999999999574,0.0
2026-03-20 23:20:22.897062,30.3,67.8,0.0,0.0,1009.59,Cloudy,Cloudy,23,4,3,20,30.32,67.8,1009.58,-0.019999999999999574,0.009999999999990905
2026-03-20 23:20:24.949674,30.3,67.82,0.0,0.0,1009.58,Cloudy,Cloudy,23,4,3,20,30.3,67.8,1009.59,0.0,-0.009999999999990905
2026-03-20 23:20:27.027630,30.3,67.84,0.0,0.0,1009.58,Cloudy,Cloudy,23,4,3,20,30.3,67.82,1009.58,0.0,0.0
2026-03-20 23:20:29.072456,30.3,67.86,0.0,0.0,1009.58,Cloudy,Cloudy,23,4,3,20,30.3,67.84,1009.58,0.0,0.0
2026-03-20 23:20:32.105856,30.28,67.9,0.0,0.0,1009.56,Cloudy,Cloudy,23,4,3,20,30.3,67.86,1009.58,-0.019999999999999574,-0.020000000000095497
2026-03-20 23:20:33.200160,30.28,67.94,0.0,0.0,1009.56,Cloudy,Cloudy,23,4,3,20,30.28,67.9,1009.56,0.0,0.0
2026-03-20 23:20:35.259585,30.28,67.96,0.0,0.0,1009.56,Cloudy,Cloudy,23,4,3,20,30.28,67.94,1009.56,0.0,0.0
2026-03-20 23:20:37.326295,30.26,68.02,0.0,0.0,1009.57,Cloudy,Cloudy,23,4,3,20,30.28,67.96,1009.56,-0.019999999999999574,0.010000000000104592
2026-03-20 23:20:39.384128,30.24,68.08,0.0,0.0,1009.58,Cloudy,Cloudy,23,4,3,20,30.26,68.02,1009.57,-0.020000000000003126,0.009999999999990905
2026-03-20 23:20:41.443059,30.24,68.12,0.0,0.0,1009.59,Cloudy,Cloudy,23,4,3,20,30.24,68.08,1009.58,0.0,0.009999999999990905
2026-03-20 23:20:43.505344,30.22,68.18,0.0,0.0,1009.59,Cloudy,Cloudy,23,4,3,20,30.24,68.12,1009.59,-0.019999999999999574,0.0
2026-03-20 23:20:47.596888,30.2,68.24,0.0,0.0,1009.6,Cloudy,Cloudy,23,4,3,20,30.22,68.18,1009.59,-0.019999999999999574,0.009999999999990905
2026-03-20 23:20:47.720529,30.2,68.26,0.0,0.0,1009.61,Cloudy,Cloudy,23,4,3,20,30.2,68.24,1009.6,0.0,0.009999999999990905
2026-03-20 23:20:49.690420,30.2,68.28,0.0,0.0,1009.61,Cloudy,Cloudy,23,4,3,20,30.2,68.26,1009.61,0.0,0.0
2026-03-20 23:20:51.748675,30.2,68.3,0.0,0.0,1009.61,Cloudy,Cloudy,23,4,3,20,30.2,68.28,1009.61,0.0,0.0
2026-03-20 23:20:53.802533,30.2,68.3,0.0,0.0,1009.6,Cloudy,Cloudy,23,4,3,20,30.2,68.3,1009.61,0.0,-0.009999999999990905
2026-03-20 23:20:55.875073,30.2,68.3,0.0,0.0,1009.6,Cloudy,Cloudy,23,4,3,20,30.2,68.3,1009.6,0.0,0.0
2026-03-20 23:20:57.930928,30.2,68.3,0.0,0.0,1009.59,Cloudy,Cloudy,23,4,3,20,30.2,68.3,1009.6,0.0,-0.009999999999990905
2026-03-20 23:21:02.511888,30.2,68.32,0.0,0.0,1009.59,Cloudy,Cloudy,23,4,3,20,30.2,68.3,1009.59,0.0,0.0
2026-03-20 23:21:02.627511,30.2,68.34,0.0,0.0,1009.59,Cloudy,Cloudy,23,4,3,20,30.2,68.32,1009.59,0.0,0.0
2026-03-20 23:21:04.103050,30.2,68.36,0.0,0.0,1009.6,Cloudy,Cloudy,23,4,3,20,30.2,68.34,1009.59,0.0,0.009999999999990905
2026-03-20 23:21:06.179525,30.2,68.38,0.0,0.0,1009.61,Cloudy,Cloudy,23,4,3,20,30.2,68.36,1009.6,0.0,0.009999999999990905
2026-03-20 23:21:08.231640,30.2,68.4,0.0,0.0,1009.61,Cloudy,Cloudy,23,4,3,20,30.2,68.38,1009.61,0.0,0.0
2026-03-20 23:21:10.292444,30.2,68.4,0.0,0.0,1009.6,Cloudy,Cloudy,23,4,3,20,30.2,68.4,1009.61,0.0,-0.009999999999990905
2026-03-20 23:21:12.357660,30.2,68.4,0.0,0.0,1009.59,Cloudy,Cloudy,23,4,3,20,30.2,68.4,1009.6,0.0,-0.009999999999990905
2026-03-20 23:21:16.650049,30.2,68.4,0.0,0.0,1009.57,Cloudy,Cloudy,23,4,3,20,30.2,68.4,1009.59,0.0,-0.01999999999998181
2026-03-20 23:21:17.205808,30.2,68.4,0.0,0.0,1009.58,Cloudy,Cloudy,23,4,3,20,30.2,68.4,1009.57,0.0,0.009999999999990905
2026-03-20 23:21:18.537393,30.2,68.42,0.0,0.0,1009.59,Cloudy,Cloudy,23,4,3,20,30.2,68.4,1009.58,0.0,0.009999999999990905
2026-03-20 23:21:20.587279,30.2,68.42,0.0,0.0,1009.6,Cloudy,Cloudy,23,4,3,20,30.2,68.42,1009.59,0.0,0.009999999999990905
2026-03-20 23:21:22.650389,30.2,68.42,0.0,0.0,1009.61,Cloudy,Cloudy,23,4,3,20,30.2,68.42,1009.6,0.0,0.009999999999990905
2026-03-20 23:21:24.718663,30.2,68.42,0.0,0.0,1009.62,Cloudy,Cloudy,23,4,3,20,30.2,68.42,1009.61,0.0,0.009999999999990905
2026-03-20 23:21:26.779199,30.2,68.44,0.0,0.0,1009.62,Cloudy,Cloudy,23,4,3,20,30.2,68.42,1009.62,0.0,0.0
2026-03-20 23:21:28.839676,30.2,68.44,0.0,0.0,1009.61,Cloudy,Cloudy,23,4,3,20,30.2,68.44,1009.62,0.0,-0.009999999999990905
2026-03-20 23:21:32.098356,30.2,68.46,0.0,0.0,1009.59,Cloudy,Cloudy,23,4,3,20,30.2,68.44,1009.61,0.0,-0.01999999999998181
2026-03-20 23:21:32.961113,30.2,68.48,0.0,0.0,1009.58,Cloudy,Cloudy,23,4,3,20,30.2,68.46,1009.59,0.0,-0.009999999999990905
2026-03-20 23:21:35.021753,30.2,68.5,0.0,0.0,1009.58,Cloudy,Cloudy,23,4,3,20,30.2,68.48,1009.58,0.0,0.0
2026-03-20 23:21:37.080466,30.2,68.5,0.0,0.0,1009.58,Cloudy,Cloudy,23,4,3,20,30.2,68.5,1009.58,0.0,0.0
2026-03-20 23:21:39.141916,30.2,68.5,0.0,0.0,1009.57,Cloudy,Cloudy,23,4,3,20,30.2,68.5,1009.58,0.0,-0.009999999999990905
2026-03-20 23:21:41.203705,30.2,68.5,0.0,0.0,1009.58,Cloudy,Cloudy,23,4,3,20,30.2,68.5,1009.57,0.0,0.009999999999990905
2026-03-20 23:21:43.263672,30.22,68.48,0.0,0.0,1009.58,Cloudy,Cloudy,23,4,3,20,30.2,68.5,1009.58,0.019999999999999574,0.0
2026-03-20 23:21:47.075937,30.22,68.48,0.0,0.0,1009.57,Cloudy,Cloudy,23,4,3,20,30.22,68.48,1009.58,0.0,-0.009999999999990905
2026-03-20 23:21:47.437908,30.24,68.46,0.0,0.0,1009.58,Cloudy,Cloudy,23,4,3,20,30.22,68.48,1009.57,0.019999999999999574,0.009999999999990905
2026-03-20 23:21:49.438847,30.26,68.44,0.0,0.0,1009.57,Cloudy,Cloudy,23,4,3,20,30.24,68.46,1009.58,0.020000000000003126,-0.009999999999990905
2026-03-20 23:21:51.507349,30.28,68.42,0.0,0.0,1009.58,Cloudy,Cloudy,23,4,3,20,30.26,68.44,1009.57,0.019999999999999574,0.009999999999990905
2026-03-20 23:21:53.567274,30.28,68.42,0.0,0.0,1009.59,Cloudy,Cloudy,23,4,3,20,30.28,68.42,1009.58,0.0,0.009999999999990905
2026-03-20 23:21:55.629069,30.3,68.4,0.0,0.0,1009.6,Cloudy,Cloudy,23,4,3,20,30.28,68.42,1009.59,0.019999999999999574,0.009999999999990905
2026-03-20 23:21:57.693924,30.3,68.38,0.0,0.0,1009.59,Cloudy,Cloudy,23,4,3,20,30.3,68.4,1009.6,0.0,-0.009999999999990905
2026-03-20 23:22:02.599868,30.3,68.36,0.0,0.0,1009.6,Cloudy,Cloudy,23,4,3,20,30.3,68.38,1009.59,0.0,0.009999999999990905
2026-03-20 23:22:02.701771,30.3,68.36,0.0,0.0,1009.58,Cloudy,Cloudy,23,4,3,20,30.3,68.36,1009.6,0.0,-0.01999999999998181
2026-03-20 23:22:03.880254,30.3,68.36,0.0,0.0,1009.6,Cloudy,Cloudy,23,4,3,20,30.3,68.36,1009.58,0.0,0.01999999999998181
2026-03-20 23:22:05.932732,30.3,68.34,0.0,0.0,1009.6,Cloudy,Cloudy,23,4,3,20,30.3,68.36,1009.6,0.0,0.0
2026-03-20 23:22:07.995770,30.3,68.34,0.0,0.0,1009.58,Cloudy,Cloudy,23,4,3,20,30.3,68.34,1009.6,0.0,-0.01999999999998181
2026-03-20 23:22:10.056890,30.3,68.34,0.0,0.0,1009.58,Cloudy,Cloudy,23,4,3,20,30.3,68.34,1009.58,0.0,0.0
2026-03-20 23:22:12.114566,30.3,68.32,0.0,0.0,1009.58,Cloudy,Cloudy,23,4,3,20,30.3,68.34,1009.58,0.0,0.0
2026-03-20 23:22:14.167380,30.3,68.3,0.0,0.0,1009.57,Cloudy,Cloudy,23,4,3,20,30.3,68.32,1009.58,0.0,-0.009999999999990905
2026-03-20 23:22:17.655748,30.3,68.3,0.0,0.0,1009.56,Cloudy,Cloudy,23,4,3,20,30.3,68.3,1009.57,0.0,-0.010000000000104592
2026-03-20 23:22:18.298233,30.3,68.3,0.0,0.0,1009.57,Cloudy,Cloudy,23,4,3,20,30.3,68.3,1009.56,0.0,0.010000000000104592
2026-03-20 23:22:20.362106,30.3,68.3,0.0,0.0,1009.58,Cloudy,Cloudy,23,4,3,20,30.3,68.3,1009.57,0.0,0.009999999999990905
2026-03-20 23:22:22.417337,30.3,68.3,0.0,0.0,1009.58,Cloudy,Cloudy,23,4,3,20,30.3,68.3,1009.58,0.0,0.0
2026-03-20 23:22:24.479553,30.3,68.3,0.0,0.0,1009.59,Cloudy,Cloudy,23,4,3,20,30.3,68.3,1009.58,0.0,0.009999999999990905
2026-03-20 23:22:26.545296,30.3,68.3,0.2,0.0,1009.59,Cloudy,Cloudy,23,4,3,20,30.3,68.3,1009.59,0.0,0.0
2026-03-20 23:22:28.600185,30.3,68.3,0.4,0.0,1009.58,Cloudy,Cloudy,23,4,3,20,30.3,68.3,1009.59,0.0,-0.009999999999990905
2026-03-20 23:22:33.223883,30.3,68.3,0.6,0.0,1009.59,Cloudy,Cloudy,23,4,3,20,30.3,68.3,1009.58,0.0,0.009999999999990905
2026-03-20 23:22:33.439279,30.3,68.3,0.8,0.0,1009.58,Cloudy,Cloudy,23,4,3,20,30.3,68.3,1009.59,0.0,-0.009999999999990905
2026-03-20 23:22:34.795033,30.3,68.3,1.0,0.0,1009.58,Cloudy,Cloudy,23,4,3,20,30.3,68.3,1009.58,0.0,0.0
2026-03-20 23:22:36.846025,30.3,68.3,1.0,0.0,1009.58,Cloudy,Cloudy,23,4,3,20,30.3,68.3,1009.58,0.0,0.0
2026-03-20 23:22:38.908087,30.3,68.28,1.0,0.0,1009.57,Cloudy,Cloudy,23,4,3,20,30.3,68.3,1009.58,0.0,-0.009999999999990905
2026-03-20 23:22:40.964884,30.3,68.26,1.0,0.0,1009.56,Cloudy,Cloudy,23,4,3,20,30.3,68.28,1009.57,0.0,-0.010000000000104592
2026-03-20 23:22:43.026423,30.3,68.24,1.0,0.0,1009.56,Cloudy,Cloudy,23,4,3,20,30.3,68.26,1009.56,0.0,0.0
2026-03-20 23:22:47.697092,30.3,68.22,1.0,0.0,1009.55,Cloudy,Cloudy,23,4,3,20,30.3,68.24,1009.56,0.0,-0.009999999999990905
2026-03-20 23:22:47.867726,30.3,68.22,1.0,0.0,1009.54,Cloudy,Cloudy,23,4,3,20,30.3,68.22,1009.55,0.0,-0.009999999999990905
2026-03-20 23:22:49.210451,30.32,68.24,1.0,0.0,1009.55,Cloudy,Cloudy,23,4,3,20,30.3,68.22,1009.54,0.019999999999999574,0.009999999999990905
2026-03-20 23:22:51.267190,30.32,68.24,1.0,0.0,1009.57,Cloudy,Cloudy,23,4,3,20,30.32,68.24,1009.55,0.0,0.020000000000095497
2026-03-20 23:22:53.333885,30.32,68.24,1.0,0.0,1009.57,Cloudy,Cloudy,23,4,3,20,30.32,68.24,1009.57,0.0,0.0
2026-03-20 23:22:55.394202,30.32,68.26,1.0,0.0,1009.58,Cloudy,Cloudy,23,4,3,20,30.32,68.24,1009.57,0.0,0.009999999999990905
2026-03-20 23:22:57.452167,30.32,68.26,1.0,0.0,1009.59,Cloudy,Cloudy,23,4,3,20,30.32,68.26,1009.58,0.0,0.009999999999990905
2026-03-20 23:23:02.793637,30.32,68.26,1.0,0.01,1009.59,Cloudy,Cloudy,23,4,3,20,30.32,68.26,1009.59,0.0,0.0
2026-03-20 23:23:03.068848,30.34,68.28,1.0,0.04,1009.6,Cloudy,Cloudy,23,4,3,20,30.32,68.26,1009.59,0.019999999999999574,0.009999999999990905
2026-03-20 23:23:03.639791,30.34,68.3,1.0,0.07,1009.59,Cloudy,Cloudy,23,4,3,20,30.34,68.28,1009.6,0.0,-0.009999999999990905
2026-03-20 23:23:05.703335,30.36,68.3,1.0,0.1,1009.57,Cloudy,Cloudy,23,4,3,20,30.34,68.3,1009.59,0.019999999999999574,-0.01999999999998181
2026-03-20 23:23:07.756638,30.36,68.3,1.0,0.13,1009.56,Cloudy,Cloudy,23,4,3,20,30.36,68.3,1009.57,0.0,-0.010000000000104592
2026-03-20 23:23:09.819492,30.36,68.3,1.0,0.15,1009.54,Cloudy,Cloudy,23,4,3,20,30.36,68.3,1009.56,0.0,-0.01999999999998181
2026-03-20 23:23:11.878700,30.34,68.3,1.0,0.15,1009.54,Cloudy,Cloudy,23,4,3,20,30.36,68.3,1009.54,-0.019999999999999574,0.0
2026-03-20 23:23:13.940355,30.36,68.3,1.0,0.15,1009.53,Cloudy,Cloudy,23,4,3,20,30.34,68.3,1009.54,0.019999999999999574,-0.009999999999990905
2026-03-20 23:23:18.106792,30.34,68.3,1.0,0.15,1009.53,Cloudy,Cloudy,23,4,3,20,30.36,68.3,1009.53,-0.019999999999999574,0.0
2026-03-20 23:23:18.255589,30.34,68.3,1.0,0.14,1009.53,Cloudy,Cloudy,23,4,3,20,30.34,68.3,1009.53,0.0,0.0
2026-03-20 23:23:20.133405,30.32,68.3,1.0,0.14,1009.55,Cloudy,Cloudy,23,4,3,20,30.34,68.3,1009.53,-0.019999999999999574,0.01999999999998181
2026-03-20 23:23:22.184917,30.34,68.3,1.0,0.13,1009.54,Cloudy,Cloudy,23,4,3,20,30.32,68.3,1009.55,0.019999999999999574,-0.009999999999990905
2026-03-20 23:23:24.245106,30.32,68.28,1.0,0.11,1009.56,Cloudy,Cloudy,23,4,3,20,30.34,68.3,1009.54,-0.019999999999999574,0.01999999999998181
2026-03-20 23:23:26.306459,30.34,68.26,1.0,0.09,1009.57,Cloudy,Cloudy,23,4,3,20,30.32,68.28,1009.56,0.019999999999999574,0.010000000000104592
2026-03-20 23:23:28.371661,30.34,68.24,1.0,0.09,1009.57,Cloudy,Cloudy,23,4,3,20,30.34,68.26,1009.57,0.0,0.0
2026-03-20 23:23:32.950681,30.36,68.22,1.0,0.08,1009.57,Cloudy,Cloudy,23,4,3,20,30.34,68.24,1009.57,0.019999999999999574,0.0
2026-03-20 23:23:33.110894,30.34,68.2,1.0,0.08,1009.57,Cloudy,Cloudy,23,4,3,20,30.36,68.22,1009.57,-0.019999999999999574,0.0
2026-03-20 23:23:34.546449,30.34,68.2,1.0,0.08,1009.58,Cloudy,Cloudy,23,4,3,20,30.34,68.2,1009.57,0.0,0.009999999999990905
2026-03-20 23:23:36.608280,30.32,68.2,1.0,0.1,1009.59,Cloudy,Cloudy,23,4,3,20,30.34,68.2,1009.58,-0.019999999999999574,0.009999999999990905
2026-03-20 23:23:38.668952,30.34,68.2,1.0,0.16,1009.59,Cloudy,Cloudy,23,4,3,20,30.32,68.2,1009.59,0.019999999999999574,0.0
2026-03-20 23:23:40.730426,30.32,68.2,1.0,0.18,1009.59,Cloudy,Cloudy,23,4,3,20,30.34,68.2,1009.59,-0.019999999999999574,0.0
2026-03-20 23:23:42.790656,30.34,68.2,1.0,0.2,1009.58,Cloudy,Cloudy,23,4,3,20,30.32,68.2,1009.59,0.019999999999999574,-0.009999999999990905
2026-03-20 23:23:48.013995,30.36,68.2,0.8,0.23,1009.57,Cloudy,Cloudy,23,4,3,20,30.34,68.2,1009.58,0.019999999999999574,-0.009999999999990905
2026-03-20 23:23:48.194967,30.38,68.2,0.6,0.24,1009.57,Cloudy,Cloudy,23,4,3,20,30.36,68.2,1009.57,0.019999999999999574,0.0
2026-03-20 23:23:48.971553,30.38,68.2,0.4,0.2,1009.57,Cloudy,Cloudy,23,4,3,20,30.38,68.2,1009.57,0.0,0.0
2026-03-20 23:23:51.032749,30.4,68.2,0.2,0.19,1009.58,Cloudy,Cloudy,23,4,3,20,30.38,68.2,1009.57,0.019999999999999574,0.009999999999990905
2026-03-20 23:23:53.094470,30.4,68.2,0.0,0.19,1009.58,Cloudy,Cloudy,23,4,3,20,30.4,68.2,1009.58,0.0,0.0
2026-03-20 23:23:55.149556,30.38,68.2,0.0,0.21,1009.58,Cloudy,Cloudy,23,4,3,20,30.4,68.2,1009.58,-0.019999999999999574,0.0
2026-03-20 23:23:57.208583,30.36,68.2,0.0,0.17,1009.58,Cloudy,Cloudy,23,4,3,20,30.38,68.2,1009.58,-0.019999999999999574,0.0
2026-03-20 23:23:59.275982,30.36,68.18,0.0,0.13,1009.58,Cloudy,Cloudy,23,4,3,20,30.36,68.2,1009.58,0.0,0.0
2026-03-20 23:24:02.910486,30.36,68.18,0.0,0.1,1009.56,Cloudy,Cloudy,23,4,3,20,30.36,68.18,1009.58,0.0,-0.020000000000095497
2026-03-20 23:24:03.425802,30.36,68.16,0.0,0.06,1009.56,Cloudy,Cloudy,23,4,3,20,30.36,68.18,1009.56,0.0,0.0
2026-03-20 23:24:05.462360,30.38,68.14,0.0,0.0,1009.55,Cloudy,Cloudy,23,4,3,20,30.36,68.16,1009.56,0.019999999999999574,-0.009999999999990905
2026-03-20 23:24:07.518212,30.4,68.14,0.0,0.0,1009.55,Cloudy,Cloudy,23,4,3,20,30.38,68.14,1009.55,0.019999999999999574,0.0
2026-03-20 23:24:09.577963,30.4,68.14,0.0,0.0,1009.55,Cloudy,Cloudy,23,4,3,20,30.4,68.14,1009.55,0.0,0.0
2026-03-20 23:24:11.640343,30.4,68.14,0.0,0.0,1009.57,Cloudy,Cloudy,23,4,3,20,30.4,68.14,1009.55,0.0,0.020000000000095497
2026-03-20 23:24:13.700243,30.4,68.14,0.0,0.0,1009.56,Cloudy,Cloudy,23,4,3,20,30.4,68.14,1009.57,0.0,-0.010000000000104592
2026-03-20 23:24:17.865406,30.4,68.16,0.0,0.0,1009.57,Cloudy,Cloudy,23,4,3,20,30.4,68.14,1009.56,0.0,0.010000000000104592
2026-03-20 23:24:17.976796,31.04,67.3,0.0,0.0,1009.56,Cloudy,Cloudy,23,4,3,20,30.4,68.16,1009.57,0.6400000000000006,-0.010000000000104592
2026-03-20 23:24:19.881960,32.86,64.48,0.0,0.0,1009.56,Cloudy,Cloudy,23,4,3,20,31.04,67.3,1009.56,1.8200000000000003,0.0
2026-03-20 23:24:21.942771,35.5,59.86,0.0,0.0,1009.55,Cloudy,Cloudy,23,4,3,20,32.86,64.48,1009.56,2.6400000000000006,-0.009999999999990905
2026-03-20 23:24:24.005612,38.48,53.82,0.0,0.0,1009.57,Cloudy,Cloudy,23,4,3,20,35.5,59.86,1009.55,2.979999999999997,0.020000000000095497
2026-03-20 23:24:26.072376,41.46,46.68,0.0,0.0,1009.58,Cloudy,Cloudy,23,4,3,20,38.48,53.82,1009.57,2.980000000000004,0.009999999999990905
2026-03-20 23:24:28.127343,44.02,39.32,0.0,0.0,1009.61,Cloudy,Cloudy,23,4,3,20,41.46,46.68,1009.58,2.5600000000000023,0.029999999999972715
2026-03-20 23:24:33.160003,45.72,33.04,0.0,0.0,1009.63,Cloudy,Cloudy,23,4,3,20,44.02,39.32,1009.61,1.6999999999999957,0.01999999999998181
2026-03-20 23:24:33.226026,47.06,27.7,0.0,0.0,1009.64,Cloudy,Cloudy,23,4,3,20,45.72,33.04,1009.63,1.3400000000000034,0.009999999999990905
2026-03-20 23:24:34.322628,48.36,24.12,0.0,0.0,1009.66,Cloudy,Cloudy,23,4,3,20,47.06,27.7,1009.64,1.2999999999999972,0.01999999999998181
2026-03-20 23:24:36.368063,49.9,21.62,0.0,0.0,1009.68,Cloudy,Cloudy,23,4,3,20,48.36,24.12,1009.66,1.5399999999999991,0.01999999999998181
2026-03-20 23:24:38.430052,51.36,20.2,0.0,0.0,1009.69,Cloudy,Cloudy,23,4,3,20,49.9,21.62,1009.68,1.4600000000000009,0.010000000000104592
2026-03-20 23:24:40.497433,52.54,19.68,0.0,0.0,1009.73,Cloudy,Cloudy,23,4,3,20,51.36,20.2,1009.69,1.1799999999999997,0.03999999999996362
2026-03-20 23:24:42.549311,53.28,20.0,0.0,0.0,1009.76,Cloudy,Cloudy,23,4,3,20,52.54,19.68,1009.73,0.740000000000002,0.029999999999972715
2026-03-20 23:24:47.104276,53.72,20.0,0.0,0.0,1009.77,Cloudy,Cloudy,23,4,3,20,53.28,20.0,1009.76,0.4399999999999977,0.009999999999990905
2026-03-20 23:24:47.866314,53.88,20.0,0.0,0.0,1009.79,Cloudy,Cloudy,23,4,3,20,53.72,20.0,1009.77,0.1600000000000037,0.01999999999998181
2026-03-20 23:24:48.738175,53.88,23.74,0.0,0.0,1009.82,Cloudy,Cloudy,23,4,3,20,53.88,20.0,1009.79,0.0,0.030000000000086402
2026-03-20 23:24:50.793520,53.78,26.32,0.0,0.0,1009.81,Cloudy,Cloudy,23,4,3,20,53.88,23.74,1009.82,-0.10000000000000142,-0.010000000000104592
2026-03-20 23:24:52.853325,53.58,28.92,0.0,0.0,1009.8,Cloudy,Cloudy,23,4,3,20,53.78,26.32,1009.81,-0.20000000000000284,-0.009999999999990905
2026-03-20 23:24:54.914869,53.32,32.74,0.0,0.0,1009.8,Cloudy,Cloudy,23,4,3,20,53.58,28.92,1009.8,-0.259999999999998,0.0
2026-03-20 23:24:56.976582,53.02,35.4,0.0,0.0,1009.78,Cloudy,Cloudy,23,4,3,20,53.32,32.74,1009.8,-0.29999999999999716,-0.01999999999998181
2026-03-20 23:24:59.055997,52.66,41.2,0.0,0.0,1009.78,Cloudy,Cloudy,23,4,3,20,53.02,35.4,1009.78,-0.36000000000000654,0.0
2026-03-20 23:25:02.780124,52.26,38.62,0.0,0.0,1009.78,Cloudy,Cloudy,23,4,3,20,52.66,41.2,1009.78,-0.3999999999999986,0.0
2026-03-20 23:25:03.210961,51.86,36.02,0.0,0.0,1009.78,Cloudy,Cloudy,23,4,3,20,52.26,38.62,1009.78,-0.3999999999999986,0.0
2026-03-20 23:25:05.219453,51.42,32.2,0.0,0.0,1009.79,Cloudy,Cloudy,23,4,3,20,51.86,36.02,1009.78,-0.4399999999999977,0.009999999999990905
2026-03-20 23:25:07.280404,50.98,29.54,0.0,0.0,1009.78,Cloudy,Cloudy,23,4,3,20,51.42,32.2,1009.79,-0.44000000000000483,-0.009999999999990905
2026-03-20 23:25:09.343393,50.54,20.0,0.0,0.0,1009.78,Cloudy,Cloudy,23,4,3,20,50.98,29.54,1009.78,-0.4399999999999977,0.0
2026-03-20 23:25:11.400860,50.1,20.0,0.0,0.0,1009.78,Cloudy,Cloudy,23,4,3,20,50.54,20.0,1009.78,-0.4399999999999977,0.0
2026-03-20 23:25:13.452796,49.64,20.0,0.0,0.0,1009.77,Cloudy,Cloudy,23,4,3,20,50.1,20.0,1009.78,-0.46000000000000085,-0.009999999999990905
2026-03-20 23:25:17.442947,49.18,20.0,0.0,0.0,1009.77,Cloudy,Cloudy,23,4,3,20,49.64,20.0,1009.77,-0.46000000000000085,0.0
2026-03-20 23:25:17.665514,48.72,20.0,0.0,0.0,1009.78,Cloudy,Cloudy,23,4,3,20,49.18,20.0,1009.77,-0.46000000000000085,0.009999999999990905
2026-03-20 23:25:19.646223,48.26,20.0,0.0,0.0,1009.76,Cloudy,Cloudy,23,4,3,20,48.72,20.0,1009.78,-0.46000000000000085,-0.01999999999998181
2026-03-20 23:25:21.715802,47.82,20.0,0.0,0.0,1009.75,Cloudy,Sunny,23,4,3,20,48.26,20.0,1009.76,-0.4399999999999977,-0.009999999999990905
2026-03-20 23:25:23.767863,47.38,20.0,0.0,0.0,1009.74,Cloudy,Sunny,23,4,3,20,47.82,20.0,1009.75,-0.4399999999999977,-0.009999999999990905
2026-03-20 23:25:25.848615,46.94,20.0,0.0,0.0,1009.73,Cloudy,Sunny,23,4,3,20,47.38,20.0,1009.74,-0.44000000000000483,-0.009999999999990905
2026-03-20 23:25:27.909025,46.5,20.0,0.0,0.0,1009.72,Cloudy,Sunny,23,4,3,20,46.94,20.0,1009.73,-0.4399999999999977,-0.009999999999990905
2026-03-20 23:25:32.648088,46.06,20.0,0.0,0.0,1009.71,Cloudy,Sunny,23,4,3,20,46.5,20.0,1009.72,-0.4399999999999977,-0.009999999999990905
2026-03-20 23:25:32.786829,45.62,20.0,0.0,0.0,1009.72,Cloudy,Sunny,23,4,3,20,46.06,20.0,1009.71,-0.44000000000000483,0.009999999999990905
2026-03-20 23:25:34.070803,45.18,20.0,0.0,0.0,1009.71,Cloudy,Sunny,23,4,3,20,45.62,20.0,1009.72,-0.4399999999999977,-0.009999999999990905
2026-03-20 23:25:36.128152,44.78,19.84,0.0,0.0,1009.72,Cloudy,Sunny,23,4,3,20,45.18,20.0,1009.71,-0.3999999999999986,0.009999999999990905
2026-03-20 23:25:38.188062,44.38,19.9,0.0,0.0,1009.72,Cloudy,Sunny,23,4,3,20,44.78,19.84,1009.72,-0.3999999999999986,0.0
2026-03-20 23:25:40.248076,43.98,20.14,0.0,0.0,1009.71,Cloudy,Sunny,23,4,3,20,44.38,19.9,1009.72,-0.4000000000000057,-0.009999999999990905
2026-03-20 23:25:42.308730,43.58,20.56,0.0,0.0,1009.71,Cloudy,Sunny,23,4,3,20,43.98,20.14,1009.71,-0.3999999999999986,0.0
2026-03-20 23:25:44.375312,43.22,21.14,0.0,0.0,1009.7,Cloudy,Sunny,23,4,3,20,43.58,20.56,1009.71,-0.35999999999999943,-0.009999999999990905
2026-03-20 23:25:47.490503,42.86,22.1,0.0,0.0,1009.68,Cloudy,Sunny,23,4,3,20,43.22,21.14,1009.7,-0.35999999999999943,-0.020000000000095497
2026-03-20 23:25:48.500661,42.5,23.02,0.0,0.0,1009.67,Cloudy,Sunny,23,4,3,20,42.86,22.1,1009.68,-0.35999999999999943,-0.009999999999990905
2026-03-20 23:25:50.547754,42.16,23.92,0.0,0.0,1009.68,Cloudy,Sunny,23,4,3,20,42.5,23.02,1009.67,-0.3400000000000034,0.009999999999990905
2026-03-20 23:25:52.614957,41.84,24.84,0.0,0.0,1009.67,Cloudy,Sunny,23,4,3,20,42.16,23.92,1009.68,-0.3199999999999932,-0.009999999999990905
2026-03-20 23:25:54.684417,41.52,25.78,0.0,0.0,1009.67,Cloudy,Sunny,23,4,3,20,41.84,24.84,1009.67,-0.3200000000000003,0.0
2026-03-20 23:25:56.734973,41.18,26.64,0.0,0.0,1009.69,Cloudy,Sunny,23,4,3,20,41.52,25.78,1009.67,-0.3400000000000034,0.020000000000095497
2026-03-20 23:25:58.796884,40.86,27.54,0.0,0.0,1009.67,Cloudy,Sunny,23,4,3,20,41.18,26.64,1009.69,-0.3200000000000003,-0.020000000000095497
2026-03-20 23:26:03.096570,40.54,28.44,0.0,0.0,1009.66,Cloudy,Sunny,23,4,3,20,40.86,27.54,1009.67,-0.3200000000000003,-0.009999999999990905
2026-03-20 23:26:03.214724,40.24,29.32,0.0,0.0,1009.66,Cloudy,Sunny,23,4,3,20,40.54,28.44,1009.66,-0.29999999999999716,0.0
2026-03-20 23:26:04.978609,39.94,30.16,0.0,0.0,1009.67,Cloudy,Sunny,23,4,3,20,40.24,29.32,1009.66,-0.30000000000000426,0.009999999999990905
2026-03-20 23:26:07.062181,39.66,31.02,0.0,0.0,1009.66,Cloudy,Sunny,23,4,3,20,39.94,30.16,1009.67,-0.28000000000000114,-0.009999999999990905
2026-03-20 23:26:09.726018,39.4,31.84,0.0,0.0,1009.67,Cloudy,Sunny,23,4,3,20,39.66,31.02,1009.66,-0.259999999999998,0.009999999999990905
2026-03-23 10:15:31.660857,30.9,60.5,0.0,11.0,1012.76,Sunny,Sunny,10,0,3,23,39.4,31.84,1009.67,-8.5,3.090000000000032
2026-03-23 10:15:33.555429,30.85,60.5,0.0,11.0,1012.78,Sunny,Sunny,10,0,3,23,30.9,60.5,1012.76,-0.04999999999999716,0.01999999999998181
2026-03-23 10:15:35.614664,30.87,60.5,0.0,11.0,1012.78,Sunny,Sunny,10,0,3,23,30.85,60.5,1012.78,0.019999999999999574,0.0
2026-03-23 10:15:38.730272,30.88,60.5,0.0,11.0,1012.78,Sunny,Sunny,10,0,3,23,30.87,60.5,1012.78,0.00999999999999801,0.0
2026-03-23 10:15:40.862544,30.88,60.5,0.0,11.0,1012.78,Sunny,Sunny,10,0,3,23,30.88,60.5,1012.78,0.0,0.0
2026-03-23 10:15:43.541051,30.88,60.5,0.0,11.0,1012.78,Sunny,Sunny,10,0,3,23,30.88,60.5,1012.78,0.0,0.0
2026-03-23 10:15:44.306787,30.9,60.48,0.0,11.0,1012.77,Sunny,Sunny,10,0,3,23,30.88,60.5,1012.78,0.019999999999999574,-0.009999999999990905
2026-03-23 10:15:45.946526,30.9,60.46,0.0,11.0,1012.76,Sunny,Sunny,10,0,3,23,30.9,60.48,1012.77,0.0,-0.009999999999990905
2026-03-23 10:15:47.983024,30.9,60.42,0.0,11.0,1012.77,Sunny,Sunny,10,0,3,23,30.9,60.46,1012.76,0.0,0.009999999999990905
2026-03-23 10:15:50.040702,30.9,60.36,0.0,11.0,1012.77,Sunny,Sunny,10,0,3,23,30.9,60.42,1012.77,0.0,0.0
2026-03-23 10:15:53.457269,30.9,60.32,0.0,11.0,1012.78,Sunny,Sunny,10,0,3,23,30.9,60.36,1012.77,0.0,0.009999999999990905
2026-03-23 10:15:55.553282,30.9,60.3,0.0,11.0,1012.78,Sunny,Sunny,10,0,3,23,30.9,60.32,1012.78,0.0,0.0
2026-03-23 10:15:56.238671,30.9,60.28,0.0,11.0,1012.78,Sunny,Sunny,10,0,3,23,30.9,60.3,1012.78,0.0,0.0
2026-03-23 10:15:58.280735,30.9,60.26,0.0,11.0,1012.77,Sunny,Sunny,10,0,3,23,30.9,60.28,1012.78,0.0,-0.009999999999990905
2026-03-23 10:16:00.341798,30.9,60.26,0.0,11.0,1012.75,Sunny,Sunny,10,0,3,23,30.9,60.26,1012.77,0.0,-0.01999999999998181
2026-03-23 10:16:02.402768,30.9,60.26,0.0,11.0,1012.75,Sunny,Sunny,10,0,3,23,30.9,60.26,1012.75,0.0,0.0
2026-03-23 10:16:04.465177,30.9,60.26,0.0,11.0,1012.74,Sunny,Sunny,10,0,3,23,30.9,60.26,1012.75,0.0,-0.009999999999990905
2026-03-23 10:16:09.318932,30.9,60.24,0.0,11.0,1012.74,Sunny,Sunny,10,0,3,23,30.9,60.26,1012.74,0.0,0.0
2026-03-23 10:16:10.996687,30.9,60.24,0.0,11.0,1012.75,Sunny,Sunny,10,0,3,23,30.9,60.24,1012.74,0.0,0.009999999999990905
2026-03-23 10:16:11.141977,30.9,60.26,0.0,11.0,1012.75,Sunny,Sunny,10,0,3,23,30.9,60.24,1012.75,0.0,0.0
2026-03-23 10:16:12.705730,30.9,60.26,0.0,11.0,1012.75,Sunny,Sunny,10,0,3,23,30.9,60.26,1012.75,0.0,0.0
2026-03-23 10:16:14.767736,30.9,60.26,0.0,11.0,1012.77,Sunny,Sunny,10,0,3,23,30.9,60.26,1012.75,0.0,0.01999999999998181
2026-03-23 10:16:16.827325,30.9,60.3,0.0,11.0,1012.77,Sunny,Sunny,10,0,3,23,30.9,60.26,1012.77,0.0,0.0
2026-03-23 10:16:18.888471,30.9,60.34,0.0,11.0,1012.77,Sunny,Sunny,10,0,3,23,30.9,60.3,1012.77,0.0,0.0
2026-03-23 10:16:20.949781,30.9,60.36,0.0,11.0,1012.81,Sunny,Sunny,10,0,3,23,30.9,60.34,1012.77,0.0,0.03999999999996362
2026-03-23 10:16:24.696849,30.9,60.38,0.0,11.0,1012.81,Sunny,Sunny,10,0,3,23,30.9,60.36,1012.81,0.0,0.0
2026-03-23 10:16:25.090119,30.9,60.38,0.0,11.0,1012.8,Sunny,Sunny,10,0,3,23,30.9,60.38,1012.81,0.0,-0.009999999999990905
2026-03-23 10:16:27.135249,30.9,60.36,0.0,11.0,1012.81,Sunny,Sunny,10,0,3,23,30.9,60.38,1012.8,0.0,0.009999999999990905
2026-03-23 10:16:29.192877,30.9,60.34,0.0,11.0,1012.79,Sunny,Sunny,10,0,3,23,30.9,60.36,1012.81,0.0,-0.01999999999998181
2026-03-23 10:16:31.254533,30.9,60.32,0.0,11.0,1012.79,Sunny,Sunny,10,0,3,23,30.9,60.34,1012.79,0.0,0.0
2026-03-23 10:16:33.310624,30.9,60.3,0.0,11.0,1012.85,Sunny,Sunny,10,0,3,23,30.9,60.32,1012.79,0.0,0.06000000000005912
2026-03-23 10:16:35.372526,30.9,60.28,0.0,11.0,1012.86,Sunny,Sunny,10,0,3,23,30.9,60.3,1012.85,0.0,0.009999999999990905
2026-03-23 10:16:39.183904,30.9,60.26,0.0,11.0,1012.84,Sunny,Sunny,10,0,3,23,30.9,60.28,1012.86,0.0,-0.01999999999998181
2026-03-23 10:16:39.542837,30.9,60.24,0.0,11.0,1012.9,Sunny,Sunny,10,0,3,23,30.9,60.26,1012.84,0.0,0.05999999999994543
2026-03-23 10:16:41.552349,30.9,60.22,0.0,11.0,1012.86,Sunny,Sunny,10,0,3,23,30.9,60.24,1012.9,0.0,-0.03999999999996362
2026-03-23 10:16:43.612165,30.9,60.2,0.0,11.0,1012.8,Sunny,Sunny,10,0,3,23,30.9,60.22,1012.86,0.0,-0.06000000000005912
2026-03-23 10:16:45.675125,30.9,60.2,0.0,11.0,1012.79,Sunny,Sunny,10,0,3,23,30.9,60.2,1012.8,0.0,-0.009999999999990905
2026-03-23 10:16:47.734400,30.9,60.2,0.0,11.0,1012.74,Sunny,Sunny,10,0,3,23,30.9,60.2,1012.79,0.0,-0.049999999999954525
2026-03-23 10:16:49.795910,30.9,60.2,0.0,11.0,1012.57,Sunny,Sunny,10,0,3,23,30.9,60.2,1012.74,0.0,-0.16999999999995907
2026-03-23 10:16:53.113263,30.92,60.18,0.0,11.0,1012.47,Sunny,Sunny,10,0,3,23,30.9,60.2,1012.57,0.020000000000003126,-0.10000000000002274
2026-03-23 10:16:54.324044,30.94,60.16,0.0,11.0,1012.38,Sunny,Sunny,10,0,3,23,30.92,60.18,1012.47,0.019999999999999574,-0.09000000000003183
2026-03-23 10:16:55.977854,30.96,60.14,0.0,11.0,1012.3,Sunny,Sunny,10,0,3,23,30.94,60.16,1012.38,0.019999999999999574,-0.08000000000004093
2026-03-23 10:16:58.040265,30.98,60.12,0.0,11.0,1012.35,Sunny,Sunny,10,0,3,23,30.96,60.14,1012.3,0.019999999999999574,0.05000000000006821
2026-03-23 10:17:00.097091,31.0,60.1,0.0,11.0,1012.48,Sunny,Sunny,10,0,3,23,30.98,60.12,1012.35,0.019999999999999574,0.12999999999999545
2026-03-23 10:17:02.159097,31.0,60.1,0.0,11.0,1012.61,Sunny,Sunny,10,0,3,23,31.0,60.1,1012.48,0.0,0.12999999999999545
2026-03-23 10:17:04.218431,31.0,60.12,0.0,11.0,1012.73,Sunny,Sunny,10,0,3,23,31.0,60.1,1012.61,0.0,0.12000000000000455
2026-03-23 10:17:08.142641,31.0,60.12,0.0,11.0,1012.85,Sunny,Sunny,10,0,3,23,31.0,60.12,1012.73,0.0,0.12000000000000455
2026-03-23 10:17:10.386677,31.0,60.12,0.0,11.0,1012.88,Sunny,Sunny,10,0,3,23,31.0,60.12,1012.85,0.0,0.029999999999972715
2026-03-23 10:17:10.545887,31.0,60.12,0.0,11.0,1012.9,Sunny,Sunny,10,0,3,23,31.0,60.12,1012.88,0.0,0.01999999999998181
2026-03-23 10:17:12.463240,31.0,60.12,0.0,11.0,1012.9,Sunny,Sunny,10,0,3,23,31.0,60.12,1012.9,0.0,0.0
2026-03-23 10:17:14.525253,31.0,60.1,0.0,11.0,1012.91,Sunny,Sunny,10,0,3,23,31.0,60.12,1012.9,0.0,0.009999999999990905
2026-03-23 10:17:16.581754,31.0,60.08,0.0,11.0,1012.91,Sunny,Sunny,10,0,3,23,31.0,60.1,1012.91,0.0,0.0
2026-03-23 10:17:18.645870,31.0,60.06,0.0,11.0,1012.91,Sunny,Sunny,10,0,3,23,31.0,60.08,1012.91,0.0,0.0
2026-03-23 10:17:20.703068,31.0,60.06,0.0,11.0,1012.92,Sunny,Sunny,10,0,3,23,31.0,60.06,1012.91,0.0,0.009999999999990905
2026-03-23 10:17:24.392737,31.0,60.06,0.0,11.0,1012.93,Sunny,Sunny,10,0,3,23,31.0,60.06,1012.92,0.0,0.009999999999990905
2026-03-23 10:17:24.862007,31.0,60.06,0.0,11.0,1012.91,Sunny,Sunny,10,0,3,23,31.0,60.06,1012.93,0.0,-0.01999999999998181
2026-03-23 10:17:26.885874,31.0,60.08,0.0,11.0,1012.92,Sunny,Sunny,10,0,3,23,31.0,60.06,1012.91,0.0,0.009999999999990905
2026-03-23 10:17:28.947235,31.0,60.1,0.0,11.0,1012.93,Sunny,Cloudy,10,0,3,23,31.0,60.08,1012.92,0.0,0.009999999999990905
2026-03-23 10:17:31.007125,31.0,60.1,0.0,11.0,1012.93,Sunny,Cloudy,10,0,3,23,31.0,60.1,1012.93,0.0,0.0
2026-03-23 10:17:33.067503,31.0,60.1,0.0,11.0,1012.93,Sunny,Cloudy,10,0,3,23,31.0,60.1,1012.93,0.0,0.0
2026-03-23 10:17:35.128154,31.0,60.32,0.0,11.0,1012.94,Sunny,Sunny,10,0,3,23,31.0,60.1,1012.93,0.0,0.010000000000104592
2026-03-23 10:17:38.986859,31.02,61.56,0.0,11.0,1012.94,Sunny,Sunny,10,0,3,23,31.0,60.32,1012.94,0.019999999999999574,0.0
2026-03-23 10:17:39.290397,31.06,62.86,0.0,11.0,1012.91,Sunny,Sunny,10,0,3,23,31.02,61.56,1012.94,0.03999999999999915,-0.030000000000086402
2026-03-23 10:17:41.311058,31.1,63.98,0.0,11.0,1012.9,Sunny,Sunny,10,0,3,23,31.06,62.86,1012.91,0.0400000000000027,-0.009999999999990905
2026-03-23 10:17:43.370336,31.14,64.92,0.0,11.0,1012.88,Sunny,Sunny,10,0,3,23,31.1,63.98,1012.9,0.03999999999999915,-0.01999999999998181
2026-03-23 10:17:45.432043,31.18,65.46,0.0,11.0,1012.86,Sunny,Sunny,10,0,3,23,31.14,64.92,1012.88,0.03999999999999915,-0.01999999999998181
2026-03-23 10:17:47.493968,31.26,67.26,0.0,11.0,1012.85,Sunny,Sunny,10,0,3,23,31.18,65.46,1012.86,0.08000000000000185,-0.009999999999990905
2026-03-23 10:17:49.545948,31.28,69.12,0.0,11.0,1012.86,Sunny,Sunny,10,0,3,23,31.26,67.26,1012.85,0.019999999999999574,0.009999999999990905
2026-03-23 10:17:54.197950,31.3,70.72,0.0,11.0,1012.87,Sunny,Sunny,10,0,3,23,31.28,69.12,1012.86,0.019999999999999574,0.009999999999990905
2026-03-23 10:17:54.387806,31.32,72.12,0.0,11.0,1012.87,Sunny,Sunny,10,0,3,23,31.3,70.72,1012.87,0.019999999999999574,0.0
2026-03-23 10:17:55.742917,31.34,73.44,0.0,11.0,1012.88,Sunny,Sunny,10,0,3,23,31.32,72.12,1012.87,0.019999999999999574,0.009999999999990905
2026-03-23 10:17:57.797790,31.3,72.14,0.0,11.0,1012.88,Sunny,Sunny,10,0,3,23,31.34,73.44,1012.88,-0.03999999999999915,0.0
2026-03-23 10:17:59.857726,31.3,70.38,0.0,11.0,1012.88,Sunny,Sunny,10,0,3,23,31.3,72.14,1012.88,0.0,0.0
2026-03-23 10:18:01.918250,31.3,68.84,0.0,11.0,1012.87,Sunny,Sunny,10,0,3,23,31.3,70.38,1012.88,0.0,-0.009999999999990905
2026-03-23 10:18:03.980895,31.3,67.48,0.0,11.0,1012.86,Sunny,Sunny,10,0,3,23,31.3,68.84,1012.87,0.0,-0.009999999999990905
2026-03-23 10:18:06.039468,31.3,66.2,0.0,11.0,1012.85,Sunny,Sunny,10,0,3,23,31.3,67.48,1012.86,0.0,-0.009999999999990905
2026-03-23 10:18:09.456998,31.28,65.16,0.0,9.15,1012.85,Sunny,Sunny,10,0,3,23,31.3,66.2,1012.85,-0.019999999999999574,0.0
2026-03-23 10:18:10.166261,31.28,64.32,0.0,6.95,1012.86,Sunny,Sunny,10,0,3,23,31.28,65.16,1012.85,0.0,0.009999999999990905
2026-03-23 10:18:12.220651,31.26,63.66,0.0,4.75,1012.87,Sunny,Sunny,10,0,3,23,31.28,64.32,1012.86,-0.019999999999999574,0.009999999999990905
2026-03-23 10:18:14.281998,31.26,63.12,0.0,2.55,1012.87,Sunny,Sunny,10,0,3,23,31.26,63.66,1012.87,0.0,0.0
2026-03-23 10:18:16.342591,31.24,62.72,0.0,0.35,1012.89,Sunny,Sunny,10,0,3,23,31.26,63.12,1012.87,-0.020000000000003126,0.01999999999998181
2026-03-23 10:18:18.403438,31.26,62.36,0.0,0.0,1012.9,Cloudy,Sunny,10,0,3,23,31.24,62.72,1012.89,0.020000000000003126,0.009999999999990905
2026-03-23 10:18:20.464123,31.26,62.1,0.0,0.0,1012.89,Cloudy,Sunny,10,0,3,23,31.26,62.36,1012.9,0.0,-0.009999999999990905
2026-03-23 10:18:23.905710,31.28,61.84,0.0,1.79,1012.88,Cloudy,Sunny,10,0,3,23,31.26,62.1,1012.89,0.019999999999999574,-0.009999999999990905
2026-03-23 10:18:24.591299,31.28,61.62,0.0,3.99,1012.88,Sunny,Sunny,10,0,3,23,31.28,61.84,1012.88,0.0,0.0
2026-03-23 10:18:26.654406,31.3,61.42,0.0,6.19,1012.88,Sunny,Sunny,10,0,3,23,31.28,61.62,1012.88,0.019999999999999574,0.0
2026-03-23 10:18:28.708612,31.3,61.26,0.0,8.39,1012.87,Sunny,Sunny,10,0,3,23,31.3,61.42,1012.88,0.0,-0.009999999999990905
2026-03-23 10:18:30.768636,31.3,61.12,0.0,10.59,1012.86,Sunny,Sunny,10,0,3,23,31.3,61.26,1012.87,0.0,-0.009999999999990905
2026-03-23 10:18:32.829452,31.3,61.0,0.0,11.0,1012.86,Sunny,Sunny,10,0,3,23,31.3,61.12,1012.86,0.0,0.0
2026-03-23 10:18:34.895969,31.3,60.92,0.0,11.0,1012.85,Sunny,Sunny,10,0,3,23,31.3,61.0,1012.86,0.0,-0.009999999999990905
2026-03-23 10:18:38.993748,31.3,60.84,0.0,11.0,1012.84,Sunny,Sunny,10,0,3,23,31.3,60.92,1012.85,0.0,-0.009999999999990905
2026-03-23 10:18:39.079358,31.3,60.74,0.0,11.0,1012.86,Sunny,Sunny,10,0,3,23,31.3,60.84,1012.84,0.0,0.01999999999998181
2026-03-23 10:18:41.077624,31.3,60.64,0.0,11.0,1012.87,Sunny,Sunny,10,0,3,23,31.3,60.74,1012.86,0.0,0.009999999999990905
2026-03-23 10:18:43.134700,31.3,60.56,0.0,11.0,1012.87,Sunny,Sunny,10,0,3,23,31.3,60.64,1012.87,0.0,0.0
2026-03-23 10:18:45.195717,31.3,60.46,0.0,11.0,1012.88,Sunny,Sunny,10,0,3,23,31.3,60.56,1012.87,0.0,0.009999999999990905
2026-03-23 10:18:47.259960,31.3,60.36,0.0,11.0,1012.9,Sunny,Sunny,10,0,3,23,31.3,60.46,1012.88,0.0,0.01999999999998181
2026-03-23 10:18:49.328457,31.28,60.32,0.0,11.0,1012.88,Sunny,Sunny,10,0,3,23,31.3,60.36,1012.9,-0.019999999999999574,-0.01999999999998181
2026-03-23 10:18:52.553040,31.26,60.3,0.0,11.0,1012.88,Sunny,Sunny,10,0,3,23,31.28,60.32,1012.88,-0.019999999999999574,0.0
2026-03-23 10:18:53.939212,31.26,60.24,0.0,11.0,1012.86,Sunny,Sunny,10,0,3,23,31.26,60.3,1012.88,0.0,-0.01999999999998181
2026-03-23 10:18:55.499246,31.24,60.22,0.0,11.0,1012.86,Sunny,Sunny,10,0,3,23,31.26,60.24,1012.86,-0.020000000000003126,0.0
2026-03-23 10:18:57.549517,31.22,60.22,0.0,11.0,1012.83,Sunny,Sunny,10,0,3,23,31.24,60.22,1012.86,-0.019999999999999574,-0.029999999999972715
2026-03-23 10:18:59.618715,31.22,60.2,0.0,11.0,1012.84,Sunny,Cloudy,10,0,3,23,31.22,60.22,1012.83,0.0,0.009999999999990905
2026-03-29 14:59:46.616631,31.78,39.51,5.29,11.37,1019.42,Sunny,Cloudy,14,6,3,29,31.22,60.2,1012.84,0.5600000000000023,6.579999999999927
2026-03-29 14:59:48.962592,31.96,36.89,4.36,10.26,1018.45,Sunny,Cloudy,14,6,3,29,31.78,39.51,1019.42,0.17999999999999972,-0.9699999999999136
2026-03-29 14:59:51.370634,31.49,35.62,3.98,10.39,1017.23,Sunny,Cloudy,14,6,3,29,31.96,36.89,1018.45,-0.4700000000000024,-1.2200000000000273
2026-03-29 14:59:53.700942,31.21,35.75,3.68,10.58,1017.29,Sunny,Cloudy,14,6,3,29,31.49,35.62,1017.23,-0.2799999999999976,0.05999999999994543
2026-03-29 14:59:56.047357,31.82,36.71,3.08,10.66,1017.67,Sunny,Cloudy,14,6,3,29,31.21,35.75,1017.29,0.6099999999999994,0.37999999999999545
2026-03-29 14:59:58.385665,31.01,34.71,2.09,10.61,1016.47,Sunny,Cloudy,14,6,3,29,31.82,36.71,1017.67,-0.8099999999999987,-1.1999999999999318
2026-03-29 15:00:00.668096,30.44,36.74,1.87,11.1,1016.39,Sunny,Cloudy,15,6,3,29,31.01,34.71,1016.47,-0.5700000000000003,-0.08000000000004093
2026-03-29 15:00:02.973903,30.36,39.0,1.57,10.93,1016.0,Sunny,Cloudy,15,6,3,29,30.44,36.74,1016.39,-0.08000000000000185,-0.38999999999998636
2026-03-29 15:00:05.433974,31.0,40.43,1.2,10.54,1015.51,Sunny,Cloudy,15,6,3,29,30.36,39.0,1016.0,0.6400000000000006,-0.4900000000000091
2026-03-29 15:00:07.925829,30.67,39.94,0.72,10.81,1014.15,Sunny,Cloudy,15,6,3,29,31.0,40.43,1015.51,-0.3299999999999983,-1.3600000000000136
2026-03-29 15:00:10.368020,31.34,40.95,1.24,10.47,1014.23,Sunny,Cloudy,15,6,3,29,30.67,39.94,1014.15,0.6699999999999982,0.08000000000004093
2026-03-29 15:00:12.700761,32.27,40.94,1.95,9.99,1013.18,Sunny,Cloudy,15,6,3,29,31.34,40.95,1014.23,0.9300000000000033,-1.0500000000000682
2026-03-29 15:00:14.974699,32.17,38.88,2.15,10.28,1012.81,Sunny,Cloudy,15,6,3,29,32.27,40.94,1013.18,-0.10000000000000142,-0.37000000000000455
2026-03-29 15:00:17.357060,31.88,38.46,2.85,10.28,1012.56,Sunny,Cloudy,15,6,3,29,32.17,38.88,1012.81,-0.2900000000000027,-0.25
2026-03-29 15:00:19.776283,31.49,38.63,4.19,9.65,1013.96,Sunny,Cloudy,15,6,3,29,31.88,38.46,1012.56,-0.39000000000000057,1.400000000000091
2026-03-29 15:00:22.115097,31.49,38.98,4.63,9.58,1013.55,Sunny,Cloudy,15,6,3,29,31.49,38.63,1013.96,0.0,-0.41000000000008185
2026-03-29 15:00:24.622374,30.92,38.07,4.27,9.81,1014.33,Sunny,Cloudy,15,6,3,29,31.49,38.98,1013.55,-0.5699999999999967,0.7800000000000864
2026-03-29 15:00:27.039347,31.75,38.07,5.0,9.63,1014.27,Sunny,Cloudy,15,6,3,29,30.92,38.07,1014.33,0.8299999999999983,-0.06000000000005912
2026-03-29 15:00:29.359686,32.15,37.15,4.96,9.87,1013.63,Sunny,Cloudy,15,6,3,29,31.75,38.07,1014.27,0.3999999999999986,-0.6399999999999864
2026-03-29 15:00:31.695231,30.32,41.9,7.1,8.96,1011.99,Sunny,Cloudy,15,6,3,29,32.15,37.15,1013.63,-1.8299999999999983,-1.6399999999999864
2026-03-29 15:00:34.044451,28.66,49.59,11.24,7.92,1010.89,Sunny,Rainy,15,6,3,29,30.32,41.9,1011.99,-1.6600000000000001,-1.1000000000000227
2026-03-29 15:00:36.348586,26.17,54.63,13.32,6.75,1009.01,Sunny,Rainy,15,6,3,29,28.66,49.59,1010.89,-2.4899999999999984,-1.8799999999999955
2026-03-29 15:00:38.641146,23.46,62.63,15.72,5.38,1009.33,Sunny,Rainy,15,6,3,29,26.17,54.63,1009.01,-2.710000000000001,0.32000000000005
2026-03-29 15:00:40.974198,21.44,69.26,17.51,4.17,1008.61,Cloudy,Rainy,15,6,3,29,23.46,62.63,1009.33,-2.0199999999999996,-0.7200000000000273
2026-03-29 15:00:43.303234,22.07,69.7,19.49,4.48,1008.63,Cloudy,Rainy,15,6,3,29,21.44,69.26,1008.61,0.629999999999999,0.01999999999998181
2026-03-29 15:00:45.596314,21.41,68.97,19.63,4.62,1009.09,Cloudy,Rainy,15,6,3,29,22.07,69.7,1008.63,-0.6600000000000001,0.4600000000000364
2026-03-29 15:00:47.957087,21.79,67.86,21.45,4.71,1010.15,Cloudy,Rainy,15,6,3,29,21.41,68.97,1009.09,0.379999999999999,1.0599999999999454
2026-03-29 15:00:50.251864,22.28,66.37,23.0,4.62,1008.35,Cloudy,Rainy,15,6,3,29,21.79,67.86,1010.15,0.490000000000002,-1.7999999999999545
2026-03-29 15:00:52.523324,21.06,66.91,24.82,4.84,1007.32,Cloudy,Rainy,15,6,3,29,22.28,66.37,1008.35,-1.2200000000000024,-1.0299999999999727
2026-03-29 15:00:54.809178,19.84,67.72,22.44,4.53,1006.49,Cloudy,Rainy,15,6,3,29,21.06,66.91,1007.32,-1.2199999999999989,-0.8300000000000409
2026-03-29 15:00:57.092043,20.19,67.13,21.45,4.64,1004.88,Cloudy,Rainy,15,6,3,29,19.84,67.72,1006.49,0.3500000000000014,-1.6100000000000136
2026-03-29 15:00:59.386490,20.16,67.52,19.7,4.33,1003.38,Cloudy,Rainy,15,6,3,29,20.19,67.13,1004.88,-0.030000000000001137,-1.5
2026-03-29 15:01:01.681457,19.76,66.76,16.82,4.17,1005.0,Cloudy,Rainy,15,6,3,29,20.16,67.52,1003.38,-0.3999999999999986,1.6200000000000045
2026-03-29 15:01:03.986326,20.94,67.28,16.42,3.72,1007.0,Cloudy,Rainy,15,6,3,29,19.76,66.76,1005.0,1.1799999999999997,2.0
2026-03-29 15:01:06.397505,21.05,67.41,18.39,3.69,1005.79,Cloudy,Rainy,15,6,3,29,20.94,67.28,1007.0,0.10999999999999943,-1.2100000000000364
2026-03-29 15:01:08.722890,21.08,66.93,19.19,3.34,1006.56,Cloudy,Rainy,15,6,3,29,21.05,67.41,1005.79,0.029999999999997584,0.7699999999999818
2026-03-29 15:01:11.017358,21.83,68.42,19.03,3.73,1006.35,Cloudy,Cloudy,15,6,3,29,21.08,66.93,1006.56,0.75,-0.2099999999999227
2026-03-29 15:01:13.320098,21.65,68.95,18.95,3.91,1005.27,Cloudy,Cloudy,15,6,3,29,21.83,68.42,1006.35,-0.17999999999999972,-1.080000000000041
2026-03-29 15:01:15.636898,20.61,68.45,20.41,4.18,1004.13,Cloudy,Sunny,15,6,3,29,21.65,68.95,1005.27,-1.0399999999999991,-1.1399999999999864
2026-03-29 15:01:17.910891,20.4,72.21,29.1,3.57,1003.92,Cloudy,Sunny,15,6,3,29,20.61,68.45,1004.13,-0.21000000000000085,-0.21000000000003638
2026-03-29 15:01:20.206812,18.56,76.77,36.25,3.32,1002.93,Cloudy,Sunny,15,6,3,29,20.4,72.21,1003.92,-1.8399999999999999,-0.9900000000000091
2026-03-29 15:01:22.480440,16.39,81.28,47.77,2.53,1002.78,Cloudy,Sunny,15,6,3,29,18.56,76.77,1002.93,-2.169999999999998,-0.14999999999997726
2026-03-29 15:01:24.762814,15.43,87.28,60.07,2.44,1000.85,Cloudy,Sunny,15,6,3,29,16.39,81.28,1002.78,-0.9600000000000009,-1.92999999999995
2026-03-29 15:01:27.043030,15.4,90.17,72.59,1.69,1000.35,Cloudy,Sunny,15,6,3,29,15.43,87.28,1000.85,-0.02999999999999936,-0.5
2026-03-29 15:01:29.302688,14.37,89.9,73.77,1.93,1000.89,Rainy,Sunny,15,6,3,29,15.4,90.17,1000.35,-1.0300000000000011,0.5399999999999636
2026-03-29 15:01:31.586557,14.76,90.69,75.3,1.86,1000.23,Rainy,Sunny,15,6,3,29,14.37,89.9,1000.89,0.39000000000000057,-0.6599999999999682
2026-03-29 15:01:34.070388,14.89,88.77,73.03,1.72,998.9,Rainy,Sunny,15,6,3,29,14.76,90.69,1000.23,0.13000000000000078,-1.330000000000041
2026-03-29 15:01:36.344483,15.0,88.21,73.56,1.75,998.45,Rainy,Sunny,15,6,3,29,14.89,88.77,998.9,0.10999999999999943,-0.4499999999999318
2026-03-29 15:01:38.605758,14.14,87.36,72.4,2.21,998.66,Rainy,Sunny,15,6,3,29,15.0,88.21,998.45,-0.8599999999999994,0.2099999999999227
2026-03-29 15:01:40.889767,14.12,87.98,74.59,1.83,998.52,Rainy,Sunny,15,6,3,29,14.14,87.36,998.66,-0.02000000000000135,-0.13999999999998636
2026-03-29 15:01:43.169234,14.18,87.6,74.71,1.46,999.73,Rainy,Sunny,15,6,3,29,14.12,87.98,998.52,0.0600000000000005,1.2100000000000364
2026-03-29 15:01:45.461982,13.95,89.22,79.8,1.71,1001.56,Rainy,Sunny,15,6,3,29,14.18,87.6,999.73,-0.23000000000000043,1.8299999999999272
2026-03-29 15:01:47.721223,13.32,87.89,79.53,1.19,1002.83,Rainy,Sunny,15,6,3,29,13.95,89.22,1001.56,-0.629999999999999,1.2700000000000955
2026-03-29 15:01:49.980087,13.89,89.62,77.06,0.59,1002.72,Rainy,Sunny,15,6,3,29,13.32,87.89,1002.83,0.5700000000000003,-0.11000000000001364
2026-03-29 15:01:52.262458,14.75,88.57,71.1,0.7,1000.5,Rainy,Sunny,15,6,3,29,13.89,89.62,1002.72,0.8599999999999994,-2.2200000000000273
2026-03-29 15:01:54.525266,15.61,89.15,67.66,1.23,999.16,Rainy,Sunny,15,6,3,29,14.75,88.57,1000.5,0.8599999999999994,-1.3400000000000318
2026-03-29 15:01:56.817864,15.86,89.14,65.5,0.97,996.57,Rainy,Sunny,15,6,3,29,15.61,89.15,999.16,0.25,-2.589999999999918
2026-03-29 15:01:59.150090,17.09,89.87,68.5,1.11,995.39,Rainy,Sunny,15,6,3,29,15.86,89.14,996.57,1.2300000000000004,-1.1800000000000637
2026-03-29 15:02:01.412431,16.37,90.3,70.72,1.49,995.15,Rainy,Sunny,15,6,3,29,17.09,89.87,995.39,-0.7199999999999989,-0.2400000000000091
2026-03-29 15:02:03.662450,18.89,80.17,60.5,3.5,999.36,Rainy,Cloudy,15,6,3,29,16.37,90.3,995.15,2.5199999999999996,4.210000000000036
2026-03-29 15:02:05.965476,21.34,70.31,50.14,5.08,1003.35,Cloudy,Cloudy,15,6,3,29,18.89,80.17,999.36,2.4499999999999993,3.990000000000009
2026-03-29 15:02:08.299262,24.67,59.18,35.74,7.19,1008.72,Cloudy,Cloudy,15,6,3,29,21.34,70.31,1003.35,3.330000000000002,5.3700000000000045
2026-03-29 15:02:10.625982,27.15,49.32,18.32,9.33,1013.47,Sunny,Cloudy,15,6,3,29,24.67,59.18,1008.72,2.479999999999997,4.75
2026-03-29 15:02:12.911147,30.71,38.87,2.28,11.07,1016.5,Sunny,Cloudy,15,6,3,29,27.15,49.32,1013.47,3.5600000000000023,3.0299999999999727
2026-03-29 15:02:15.172315,30.83,38.55,2.67,10.92,1016.38,Sunny,Cloudy,15,6,3,29,30.71,38.87,1016.5,0.11999999999999744,-0.12000000000000455
2026-03-29 15:02:17.436018,31.43,35.96,2.97,11.2,1015.71,Sunny,Cloudy,15,6,3,29,30.83,38.55,1016.38,0.6000000000000014,-0.6699999999999591
2026-03-29 15:02:19.705791,31.95,36.16,3.4,10.86,1015.03,Sunny,Cloudy,15,6,3,29,31.43,35.96,1015.71,0.5199999999999996,-0.6800000000000637
2026-03-29 15:02:21.978644,31.87,36.59,3.79,10.76,1013.84,Sunny,Cloudy,15,6,3,29,31.95,36.16,1015.03,-0.0799999999999983,-1.1899999999999409
2026-03-29 15:02:24.251075,32.14,34.91,3.72,10.68,1014.4,Sunny,Cloudy,15,6,3,29,31.87,36.59,1013.84,0.2699999999999996,0.5599999999999454
2026-03-29 15:02:26.544324,32.24,36.13,4.05,10.15,1014.41,Sunny,Cloudy,15,6,3,29,32.14,34.91,1014.4,0.10000000000000142,0.009999999999990905
2026-03-29 15:02:28.814961,31.91,38.99,4.02,9.96,1014.62,Sunny,Cloudy,15,6,3,29,32.24,36.13,1014.41,-0.33000000000000185,0.21000000000003638
2026-03-29 15:02:31.097290,31.43,40.72,3.01,10.03,1014.2,Sunny,Cloudy,15,6,3,29,31.91,38.99,1014.62,-0.4800000000000004,-0.4199999999999591
2026-03-29 15:02:33.429251,31.83,39.26,2.81,9.9,1014.63,Sunny,Cloudy,15,6,3,29,31.43,40.72,1014.2,0.3999999999999986,0.42999999999995
2026-03-29 15:02:35.711824,31.48,39.07,2.53,10.22,1012.79,Sunny,Cloudy,15,6,3,29,31.83,39.26,1014.63,-0.34999999999999787,-1.8400000000000318
2026-03-29 15:02:38.026465,31.73,37.12,2.22,10.2,1014.47,Sunny,Cloudy,15,6,3,29,31.48,39.07,1012.79,0.25,1.6800000000000637
2026-03-29 15:02:40.288235,31.63,35.78,2.36,9.96,1015.24,Sunny,Cloudy,15,6,3,29,31.73,37.12,1014.47,-0.10000000000000142,0.7699999999999818
2026-03-29 15:02:42.583092,31.4,34.84,3.36,9.78,1014.88,Sunny,Cloudy,15,6,3,29,31.63,35.78,1015.24,-0.23000000000000043,-0.36000000000001364
2026-03-29 15:02:44.853169,30.75,34.49,3.05,9.73,1014.76,Sunny,Cloudy,15,6,3,29,31.4,34.84,1014.88,-0.6499999999999986,-0.12000000000000455
2026-03-29 15:02:47.239310,31.03,36.21,2.95,9.4,1016.31,Sunny,Cloudy,15,6,3,29,30.75,34.49,1014.76,0.28000000000000114,1.5499999999999545
2026-03-29 15:02:49.520143,29.42,44.24,7.82,8.78,1014.0,Sunny,Cloudy,15,6,3,29,31.03,36.21,1016.31,-1.6099999999999994,-2.3099999999999454
2026-03-29 15:02:51.800828,27.77,49.7,11.23,7.95,1011.78,Sunny,Cloudy,15,6,3,29,29.42,44.24,1014.0,-1.6500000000000021,-2.2200000000000273
2026-03-29 15:02:54.083867,26.09,54.67,14.58,6.77,1009.64,Sunny,Cloudy,15,6,3,29,27.77,49.7,1011.78,-1.6799999999999997,-2.1399999999999864
2026-03-29 15:02:56.389244,23.75,61.42,18.78,5.15,1007.49,Sunny,Cloudy,15,6,3,29,26.09,54.67,1009.64,-2.34,-2.1499999999999773
2026-03-29 15:02:58.670733,21.11,68.04,24.0,3.52,1006.16,Cloudy,Cloudy,15,6,3,29,23.75,61.42,1007.49,-2.6400000000000006,-1.330000000000041
2026-03-29 15:03:00.991167,20.31,69.11,22.28,3.04,1006.59,Cloudy,Cloudy,15,6,3,29,21.11,68.04,1006.16,-0.8000000000000007,0.43000000000006366
2026-03-29 15:03:03.284704,19.77,69.59,23.09,2.75,1006.78,Cloudy,Cloudy,15,6,3,29,20.31,69.11,1006.59,-0.5399999999999991,0.18999999999994088
2026-03-29 15:03:05.566744,19.32,71.39,22.85,2.96,1008.3,Cloudy,Cloudy,15,6,3,29,19.77,69.59,1006.78,-0.4499999999999993,1.5199999999999818
2026-03-29 15:03:07.848052,20.21,71.05,24.29,3.23,1009.48,Cloudy,Cloudy,15,6,3,29,19.32,71.39,1008.3,0.8900000000000006,1.1800000000000637
2026-03-29 15:03:10.205441,20.65,70.44,23.24,3.44,1008.07,Cloudy,Cloudy,15,6,3,29,20.21,71.05,1009.48,0.4399999999999977,-1.4099999999999682
2026-03-29 15:03:12.520353,20.63,68.26,24.62,3.35,1007.85,Cloudy,Cloudy,15,6,3,29,20.65,70.44,1008.07,-0.019999999999999574,-0.22000000000002728
2026-03-29 15:03:14.804945,20.36,69.36,23.79,3.27,1006.92,Cloudy,Cloudy,15,6,3,29,20.63,68.26,1007.85,-0.2699999999999996,-0.9300000000000637
2026-03-29 15:03:17.118744,20.14,68.85,23.78,3.37,1005.9,Cloudy,Cloudy,15,6,3,29,20.36,69.36,1006.92,-0.21999999999999886,-1.0199999999999818
2026-03-29 19:46:49.789549,30.6,76.7,0.0,0.0,1005.07,Cloudy,Cloudy,19,6,3,29,20.14,68.85,1005.9,10.46,-0.8299999999999272
2026-03-29 19:46:50.852043,30.6,76.7,0.0,0.0,1005.06,Cloudy,Cloudy,19,6,3,29,30.6,76.7,1005.07,0.0,-0.010000000000104592
2026-03-29 19:46:52.889740,30.6,76.67,0.0,0.0,1005.03,Cloudy,Cloudy,19,6,3,29,30.6,76.7,1005.06,0.0,-0.029999999999972715
2026-03-29 19:46:58.348661,30.6,76.65,0.0,0.0,1005.02,Cloudy,Cloudy,19,6,3,29,30.6,76.67,1005.03,0.0,-0.009999999999990905
2026-03-29 19:46:59.145774,30.58,76.64,0.0,0.0,1005.01,Cloudy,Cloudy,19,6,3,29,30.6,76.65,1005.02,-0.020000000000003126,-0.009999999999990905
2026-03-29 19:46:59.882112,30.56,76.64,0.0,0.0,1004.98,Cloudy,Cloudy,19,6,3,29,30.58,76.64,1005.01,-0.019999999999999574,-0.029999999999972715
2026-03-29 19:47:02.830740,30.54,76.64,0.0,0.0,1004.96,Cloudy,Cloudy,19,6,3,29,30.56,76.64,1004.98,-0.019999999999999574,-0.01999999999998181
2026-03-29 19:47:03.453604,30.52,76.68,0.0,0.0,1004.94,Cloudy,Cloudy,19,6,3,29,30.54,76.64,1004.96,-0.019999999999999574,-0.01999999999998181
2026-03-29 19:47:05.474220,30.5,76.72,0.0,0.0,1004.94,Cloudy,Cloudy,19,6,3,29,30.52,76.68,1004.94,-0.019999999999999574,0.0
2026-03-29 19:47:07.401301,30.5,76.8,0.0,0.0,1004.92,Cloudy,Cloudy,19,6,3,29,30.5,76.72,1004.94,0.0,-0.020000000000095497
2026-03-29 19:47:09.429164,30.5,76.88,0.0,0.0,1004.93,Cloudy,Cloudy,19,6,3,29,30.5,76.8,1004.92,0.0,0.009999999999990905
2026-03-29 19:47:12.983559,30.5,76.96,0.0,0.0,1004.92,Cloudy,Cloudy,19,6,3,29,30.5,76.88,1004.93,0.0,-0.009999999999990905
2026-03-29 19:47:13.598769,30.5,77.04,0.0,0.0,1004.92,Cloudy,Cloudy,19,6,3,29,30.5,76.96,1004.92,0.0,0.0
2026-03-29 19:47:18.376085,30.48,77.14,0.0,0.0,1004.91,Cloudy,Cloudy,19,6,3,29,30.5,77.04,1004.92,-0.019999999999999574,-0.009999999999990905
2026-03-29 19:47:18.968592,30.46,77.2,0.0,0.0,1004.91,Cloudy,Cloudy,19,6,3,29,30.48,77.14,1004.91,-0.019999999999999574,0.0
2026-03-29 19:47:19.829306,30.44,77.26,0.0,0.0,1004.9,Cloudy,Cloudy,19,6,3,29,30.46,77.2,1004.91,-0.019999999999999574,-0.009999999999990905
2026-03-29 19:47:22.015831,30.42,77.32,0.0,0.0,1004.9,Cloudy,Cloudy,19,6,3,29,30.44,77.26,1004.9,-0.019999999999999574,0.0
2026-03-29 19:47:23.735666,30.4,77.38,0.0,0.0,1004.88,Cloudy,Cloudy,19,6,3,29,30.42,77.32,1004.9,-0.020000000000003126,-0.01999999999998181
2026-03-29 19:47:25.809258,30.4,77.42,0.0,0.0,1004.88,Cloudy,Cloudy,19,6,3,29,30.4,77.38,1004.88,0.0,0.0
2026-03-29 19:47:27.849346,30.4,77.48,0.0,0.0,1004.87,Cloudy,Cloudy,19,6,3,29,30.4,77.42,1004.88,0.0,-0.009999999999990905
2026-03-29 19:47:29.941923,30.4,77.52,0.0,0.0,1004.87,Cloudy,Cloudy,19,6,3,29,30.4,77.48,1004.87,0.0,0.0
2026-03-29 19:47:33.620266,30.4,77.56,0.0,0.0,1004.88,Cloudy,Cloudy,19,6,3,29,30.4,77.52,1004.87,0.0,0.009999999999990905
2026-03-29 19:47:34.009503,30.4,77.58,0.0,0.0,1004.89,Cloudy,Cloudy,19,6,3,29,30.4,77.56,1004.88,0.0,0.009999999999990905
2026-03-29 19:47:36.010733,30.4,77.62,0.0,0.0,1004.9,Cloudy,Cloudy,19,6,3,29,30.4,77.58,1004.89,0.0,0.009999999999990905
2026-03-29 19:47:38.067702,30.4,77.64,0.0,0.0,1004.9,Cloudy,Cloudy,19,6,3,29,30.4,77.62,1004.9,0.0,0.0
2026-03-29 19:47:40.142866,30.4,77.66,0.0,0.0,1004.91,Cloudy,Cloudy,19,6,3,29,30.4,77.64,1004.9,0.0,0.009999999999990905
2026-03-29 19:47:42.314488,30.4,77.68,0.0,0.0,1004.91,Cloudy,Cloudy,19,6,3,29,30.4,77.66,1004.91,0.0,0.0
2026-03-29 19:47:44.311271,30.4,77.72,0.0,0.0,1004.93,Cloudy,Cloudy,19,6,3,29,30.4,77.68,1004.91,0.0,0.01999999999998181
2026-03-29 19:47:48.696566,30.4,77.72,0.0,0.0,1004.94,Cloudy,Cloudy,19,6,3,29,30.4,77.72,1004.93,0.0,0.010000000000104592
2026-03-29 19:47:49.153370,30.4,77.72,0.0,0.0,1004.96,Cloudy,Cloudy,19,6,3,29,30.4,77.72,1004.94,0.0,0.01999999999998181
2026-03-29 19:47:50.553105,30.4,77.72,0.0,0.0,1004.97,Cloudy,Cloudy,19,6,3,29,30.4,77.72,1004.96,0.0,0.009999999999990905
2026-03-29 19:47:52.614092,30.42,77.7,0.0,0.0,1004.97,Cloudy,Cloudy,19,6,3,29,30.4,77.72,1004.97,0.020000000000003126,0.0
2026-03-29 19:47:54.644719,30.42,77.7,0.0,0.0,1004.97,Cloudy,Cloudy,19,6,3,29,30.42,77.7,1004.97,0.0,0.0
2026-03-29 19:47:56.732352,30.42,77.7,0.0,0.0,1004.97,Cloudy,Cloudy,19,6,3,29,30.42,77.7,1004.97,0.0,0.0
2026-03-29 19:47:58.773155,30.42,77.7,0.0,0.0,1004.99,Cloudy,Cloudy,19,6,3,29,30.42,77.7,1004.97,0.0,0.01999999999998181
2026-03-29 19:48:03.634952,30.44,77.68,0.0,0.0,1005.0,Cloudy,Cloudy,19,6,3,29,30.42,77.7,1004.99,0.019999999999999574,0.009999999999990905
2026-03-29 19:48:04.041659,30.44,77.68,0.0,0.0,1005.01,Cloudy,Cloudy,19,6,3,29,30.44,77.68,1005.0,0.0,0.009999999999990905
2026-03-29 19:48:04.922174,30.46,77.64,0.0,0.0,1005.03,Cloudy,Cloudy,19,6,3,29,30.44,77.68,1005.01,0.019999999999999574,0.01999999999998181
2026-03-29 19:48:07.073528,30.48,77.62,0.0,0.0,1005.02,Cloudy,Cloudy,19,6,3,29,30.46,77.64,1005.03,0.019999999999999574,-0.009999999999990905
2026-03-29 19:48:09.081096,30.5,77.6,0.0,0.0,1005.02,Cloudy,Cloudy,19,6,3,29,30.48,77.62,1005.02,0.019999999999999574,0.0
2026-03-29 19:48:11.176140,30.5,77.58,0.0,0.0,1005.04,Cloudy,Cloudy,19,6,3,29,30.5,77.6,1005.02,0.0,0.01999999999998181
2026-03-29 19:48:13.250499,30.5,77.56,0.0,0.0,1005.06,Cloudy,Cloudy,19,6,3,29,30.5,77.58,1005.04,0.0,0.01999999999998181
2026-03-29 19:48:15.220831,30.5,77.54,0.0,0.0,1005.07,Cloudy,Cloudy,19,6,3,29,30.5,77.56,1005.06,0.0,0.010000000000104592
2026-03-29 19:48:18.863519,30.5,77.52,0.0,0.0,1005.09,Cloudy,Cloudy,19,6,3,29,30.5,77.54,1005.07,0.0,0.01999999999998181
2026-03-29 19:48:19.430014,30.5,77.5,0.0,0.0,1005.09,Cloudy,Cloudy,19,6,3,29,30.5,77.52,1005.09,0.0,0.0
2026-03-29 19:48:21.563844,30.5,77.5,0.0,0.0,1005.09,Cloudy,Cloudy,19,6,3,29,30.5,77.5,1005.09,0.0,0.0
2026-03-29 19:48:23.545606,30.5,77.5,0.0,0.0,1005.08,Cloudy,Cloudy,19,6,3,29,30.5,77.5,1005.09,0.0,-0.009999999999990905
2026-03-29 19:48:25.560553,30.5,77.48,0.0,0.0,1005.07,Cloudy,Cloudy,19,6,3,29,30.5,77.5,1005.08,0.0,-0.009999999999990905
2026-03-29 19:48:27.583741,30.5,77.46,0.0,0.0,1005.07,Cloudy,Cloudy,19,6,3,29,30.5,77.48,1005.07,0.0,0.0
2026-03-29 19:48:29.738322,30.5,77.44,0.0,0.0,1005.09,Cloudy,Cloudy,19,6,3,29,30.5,77.46,1005.07,0.0,0.01999999999998181
2026-03-29 19:48:34.037826,30.5,77.42,0.0,0.0,1005.09,Cloudy,Cloudy,19,6,3,29,30.5,77.44,1005.09,0.0,0.0
2026-03-29 19:48:34.598415,30.5,77.38,0.0,0.0,1005.11,Cloudy,Cloudy,19,6,3,29,30.5,77.42,1005.09,0.0,0.01999999999998181
2026-03-29 19:48:35.918162,30.5,77.36,0.0,0.0,1005.12,Cloudy,Cloudy,19,6,3,29,30.5,77.38,1005.11,0.0,0.009999999999990905
2026-03-29 19:48:38.225079,30.52,77.34,0.0,0.0,1005.14,Cloudy,Cloudy,19,6,3,29,30.5,77.36,1005.12,0.019999999999999574,0.01999999999998181
2026-03-29 19:48:40.102643,30.54,77.32,0.0,0.0,1005.14,Cloudy,Cloudy,19,6,3,29,30.52,77.34,1005.14,0.019999999999999574,0.0
2026-03-29 19:48:42.048624,30.56,77.3,0.0,0.0,1005.16,Cloudy,Cloudy,19,6,3,29,30.54,77.32,1005.14,0.019999999999999574,0.01999999999998181
2026-03-29 19:48:44.269721,30.58,77.3,0.0,0.0,1005.15,Cloudy,Cloudy,19,6,3,29,30.56,77.3,1005.16,0.019999999999999574,-0.009999999999990905
2026-03-29 19:48:47.116125,30.6,77.3,0.0,0.0,1005.17,Cloudy,Cloudy,19,6,3,29,30.58,77.3,1005.15,0.020000000000003126,0.01999999999998181
2026-03-29 19:48:49.504684,30.6,77.3,0.0,0.0,1005.17,Cloudy,Cloudy,19,6,3,29,30.6,77.3,1005.17,0.0,0.0
2026-03-29 19:48:50.365502,30.6,77.28,0.0,0.0,1005.16,Cloudy,Cloudy,19,6,3,29,30.6,77.3,1005.17,0.0,-0.009999999999990905
2026-03-29 19:48:52.513566,30.6,77.26,0.0,0.0,1005.17,Cloudy,Cloudy,19,6,3,29,30.6,77.28,1005.16,0.0,0.009999999999990905
2026-03-29 19:48:54.592836,30.6,77.24,0.0,0.0,1005.16,Cloudy,Cloudy,19,6,3,29,30.6,77.26,1005.17,0.0,-0.009999999999990905
2026-03-29 19:48:56.915042,30.6,77.2,0.0,0.0,1005.15,Cloudy,Cloudy,19,6,3,29,30.6,77.24,1005.16,0.0,-0.009999999999990905
2026-03-29 19:48:58.581106,30.6,77.16,0.0,0.0,1005.15,Cloudy,Cloudy,19,6,3,29,30.6,77.2,1005.15,0.0,0.0
2026-03-29 19:49:00.577177,30.6,77.14,0.0,0.0,1005.16,Cloudy,Cloudy,19,6,3,29,30.6,77.16,1005.15,0.0,0.009999999999990905
2026-03-29 19:49:04.621159,30.6,77.12,0.0,0.0,1005.17,Cloudy,Cloudy,19,6,3,29,30.6,77.14,1005.16,0.0,0.009999999999990905
2026-03-29 19:49:05.059847,30.6,77.1,0.0,0.0,1005.2,Cloudy,Cloudy,19,6,3,29,30.6,77.12,1005.17,0.0,0.030000000000086402
2026-03-29 19:49:06.755593,30.6,77.1,0.0,0.0,1005.2,Cloudy,Cloudy,19,6,3,29,30.6,77.1,1005.2,0.0,0.0
2026-03-29 19:49:08.971720,30.6,77.1,0.0,0.0,1005.21,Cloudy,Cloudy,19,6,3,29,30.6,77.1,1005.2,0.0,0.009999999999990905
2026-03-29 19:49:10.926043,30.6,77.1,0.0,0.0,1005.21,Cloudy,Cloudy,19,6,3,29,30.6,77.1,1005.21,0.0,0.0
2026-03-29 19:49:13.015364,30.6,77.12,0.0,0.0,1005.21,Cloudy,Cloudy,19,6,3,29,30.6,77.1,1005.21,0.0,0.0
2026-03-29 19:49:15.087462,30.6,77.12,0.0,0.0,1005.19,Cloudy,Cloudy,19,6,3,29,30.6,77.12,1005.21,0.0,-0.01999999999998181
2026-03-29 19:49:19.674726,30.6,77.12,0.0,0.0,1005.21,Cloudy,Cloudy,19,6,3,29,30.6,77.12,1005.19,0.0,0.01999999999998181
2026-03-29 19:49:20.098940,30.6,77.12,0.0,0.0,1005.21,Cloudy,Cloudy,19,6,3,29,30.6,77.12,1005.21,0.0,0.0
2026-03-29 19:49:21.313053,30.6,77.12,0.0,0.0,1005.21,Cloudy,Cloudy,19,6,3,29,30.6,77.12,1005.21,0.0,0.0
2026-03-29 19:49:23.303948,30.6,77.08,0.0,0.0,1005.23,Cloudy,Cloudy,19,6,3,29,30.6,77.12,1005.21,0.0,0.01999999999998181
2026-03-29 19:49:25.364307,30.6,77.06,0.0,0.0,1005.24,Cloudy,Cloudy,19,6,3,29,30.6,77.08,1005.23,0.0,0.009999999999990905
2026-03-29 19:49:27.701968,30.6,77.0,0.0,0.0,1005.25,Cloudy,Cloudy,19,6,3,29,30.6,77.06,1005.24,0.0,0.009999999999990905
2026-03-29 19:49:29.551054,30.6,76.94,0.0,0.0,1005.26,Cloudy,Cloudy,19,6,3,29,30.6,77.0,1005.25,0.0,0.009999999999990905
2026-03-29 19:49:34.438075,30.6,76.88,0.0,0.0,1005.27,Cloudy,Cloudy,19,6,3,29,30.6,76.94,1005.26,0.0,0.009999999999990905
2026-03-29 19:49:35.262910,30.6,76.84,0.0,0.0,1005.26,Cloudy,Cloudy,19,6,3,29,30.6,76.88,1005.27,0.0,-0.009999999999990905
2026-03-29 19:49:35.810085,30.6,76.8,0.0,0.0,1005.26,Cloudy,Cloudy,19,6,3,29,30.6,76.84,1005.26,0.0,0.0
2026-03-29 19:49:37.883363,30.6,76.8,0.0,0.0,1005.26,Cloudy,Cloudy,19,6,3,29,30.6,76.8,1005.26,0.0,0.0
2026-03-29 19:49:39.969267,30.6,76.8,0.0,0.0,1005.25,Cloudy,Cloudy,19,6,3,29,30.6,76.8,1005.26,0.0,-0.009999999999990905
2026-03-29 19:49:42.027417,30.6,76.8,0.0,0.0,1005.25,Cloudy,Cloudy,19,6,3,29,30.6,76.8,1005.25,0.0,0.0
2026-03-29 19:49:44.007632,30.6,76.8,0.0,0.0,1005.25,Cloudy,Cloudy,19,6,3,29,30.6,76.8,1005.25,0.0,0.0
2026-03-29 19:49:46.114518,30.6,76.84,0.0,0.0,1005.24,Cloudy,Cloudy,19,6,3,29,30.6,76.8,1005.25,0.0,-0.009999999999990905
2026-03-29 19:49:49.983008,30.58,76.88,0.0,0.0,1005.24,Cloudy,Cloudy,19,6,3,29,30.6,76.84,1005.24,-0.020000000000003126,0.0
2026-03-29 19:49:50.618336,30.56,76.92,0.0,0.0,1005.25,Cloudy,Cloudy,19,6,3,29,30.58,76.88,1005.24,-0.019999999999999574,0.009999999999990905
2026-03-29 19:49:52.345090,30.54,76.96,0.0,0.0,1005.25,Cloudy,Cloudy,19,6,3,29,30.56,76.92,1005.25,-0.019999999999999574,0.0
2026-03-29 19:49:54.381663,30.52,77.0,0.0,0.0,1005.25,Cloudy,Cloudy,19,6,3,29,30.54,76.96,1005.25,-0.019999999999999574,0.0
2026-03-29 19:49:56.320837,30.5,77.02,0.0,0.0,1005.25,Cloudy,Cloudy,19,6,3,29,30.52,77.0,1005.25,-0.019999999999999574,0.0
2026-03-29 19:49:58.285141,30.5,77.02,0.0,0.0,1005.25,Cloudy,Cloudy,19,6,3,29,30.5,77.02,1005.25,0.0,0.0
2026-03-29 19:50:00.401378,30.5,77.04,0.0,0.0,1005.26,Cloudy,Cloudy,19,6,3,29,30.5,77.02,1005.25,0.0,0.009999999999990905
2026-03-29 19:50:05.191655,30.5,77.08,0.0,0.0,1005.26,Cloudy,Cloudy,19,6,3,29,30.5,77.04,1005.26,0.0,0.0
2026-03-29 19:50:05.805675,30.5,77.12,0.0,0.0,1005.26,Cloudy,Cloudy,19,6,3,29,30.5,77.08,1005.26,0.0,0.0
2026-03-29 19:50:06.496331,30.5,77.14,0.0,0.0,1005.27,Cloudy,Cloudy,19,6,3,29,30.5,77.12,1005.26,0.0,0.009999999999990905
2026-03-29 19:50:08.583074,30.5,77.18,0.0,0.0,1005.26,Cloudy,Cloudy,19,6,3,29,30.5,77.14,1005.27,0.0,-0.009999999999990905
2026-03-29 19:50:10.707301,30.5,77.2,0.0,0.0,1005.26,Cloudy,Cloudy,19,6,3,29,30.5,77.18,1005.26,0.0,0.0
2026-03-29 19:50:12.756231,30.5,77.2,0.0,0.0,1005.25,Cloudy,Cloudy,19,6,3,29,30.5,77.2,1005.26,0.0,-0.009999999999990905
2026-03-29 19:50:14.907949,30.5,77.2,0.0,0.0,1005.26,Cloudy,Cloudy,19,6,3,29,30.5,77.2,1005.25,0.0,0.009999999999990905
2026-03-29 19:50:19.472183,30.5,77.2,0.0,0.0,1005.28,Cloudy,Cloudy,19,6,3,29,30.5,77.2,1005.26,0.0,0.01999999999998181
2026-03-29 19:50:19.989085,30.5,77.18,0.0,0.0,1005.29,Cloudy,Cloudy,19,6,3,29,30.5,77.2,1005.28,0.0,0.009999999999990905
2026-03-29 19:50:21.010912,30.5,77.14,0.0,0.0,1005.29,Cloudy,Cloudy,19,6,3,29,30.5,77.18,1005.29,0.0,0.0
2026-03-29 19:50:23.108175,30.5,77.1,0.0,0.0,1005.29,Cloudy,Sunny,19,6,3,29,30.5,77.14,1005.29,0.0,0.0
2026-03-29 19:50:25.102488,30.5,77.06,0.0,0.0,1005.3,Cloudy,Sunny,19,6,3,29,30.5,77.1,1005.29,0.0,0.009999999999990905
2026-03-29 19:50:27.096131,30.5,77.02,0.0,0.0,1005.28,Cloudy,Sunny,19,6,3,29,30.5,77.06,1005.3,0.0,-0.01999999999998181
2026-03-29 19:50:29.278930,30.5,77.0,0.0,0.0,1005.28,Cloudy,Sunny,19,6,3,29,30.5,77.02,1005.28,0.0,0.0
2026-03-29 19:50:31.481801,30.5,77.0,0.0,0.0,1005.28,Cloudy,Sunny,19,6,3,29,30.5,77.0,1005.28,0.0,0.0
2026-03-29 19:50:34.757213,30.5,77.0,0.0,0.0,1005.28,Cloudy,Sunny,19,6,3,29,30.5,77.0,1005.28,0.0,0.0
2026-03-29 19:50:35.413863,30.5,77.0,0.0,0.0,1005.28,Cloudy,Sunny,19,6,3,29,30.5,77.0,1005.28,0.0,0.0
2026-03-29 19:50:37.454288,30.5,77.0,0.0,0.0,1005.29,Cloudy,Sunny,19,6,3,29,30.5,77.0,1005.28,0.0,0.009999999999990905
2026-03-29 19:50:39.481331,30.5,77.02,0.0,0.0,1005.3,Cloudy,Sunny,19,6,3,29,30.5,77.0,1005.29,0.0,0.009999999999990905
2026-03-29 19:50:41.607007,30.5,77.04,0.0,0.0,1005.3,Cloudy,Sunny,19,6,3,29,30.5,77.02,1005.3,0.0,0.0
2026-03-29 19:50:43.573125,30.5,77.06,0.0,0.0,1005.3,Cloudy,Sunny,19,6,3,29,30.5,77.04,1005.3,0.0,0.0
2026-03-29 19:50:45.745242,30.5,77.08,0.0,0.0,1005.3,Cloudy,Sunny,19,6,3,29,30.5,77.06,1005.3,0.0,0.0
2026-03-29 19:50:49.597914,30.5,77.12,0.0,0.0,1005.3,Cloudy,Sunny,19,6,3,29,30.5,77.08,1005.3,0.0,0.0
2026-03-29 19:50:50.019136,30.5,77.14,0.0,0.0,1005.29,Cloudy,Sunny,19,6,3,29,30.5,77.12,1005.3,0.0,-0.009999999999990905
2026-03-29 19:50:51.828944,30.5,77.14,0.0,0.0,1005.28,Cloudy,Sunny,19,6,3,29,30.5,77.14,1005.29,0.0,-0.009999999999990905
2026-03-29 19:50:53.873741,30.48,77.18,0.0,0.0,1005.28,Cloudy,Sunny,19,6,3,29,30.5,77.14,1005.28,-0.019999999999999574,0.0
2026-03-29 19:50:56.075001,30.46,77.22,0.0,0.0,1005.25,Cloudy,Sunny,19,6,3,29,30.48,77.18,1005.28,-0.019999999999999574,-0.029999999999972715
2026-03-29 19:50:58.074511,30.44,77.24,0.0,0.0,1005.24,Cloudy,Sunny,19,6,3,29,30.46,77.22,1005.25,-0.019999999999999574,-0.009999999999990905
2026-03-29 19:51:00.081471,30.42,77.28,0.0,0.0,1005.24,Cloudy,Sunny,19,6,3,29,30.44,77.24,1005.24,-0.019999999999999574,0.0
2026-03-29 19:51:04.474825,30.4,77.34,0.0,0.0,1005.24,Cloudy,Sunny,19,6,3,29,30.42,77.28,1005.24,-0.020000000000003126,0.0
2026-03-29 19:51:04.910986,30.4,77.36,0.0,0.0,1005.24,Cloudy,Sunny,19,6,3,29,30.4,77.34,1005.24,0.0,0.0
2026-03-29 19:51:06.357429,30.4,77.38,0.0,0.0,1005.26,Cloudy,Sunny,19,6,3,29,30.4,77.36,1005.24,0.0,0.01999999999998181
2026-03-29 19:51:08.425401,30.42,77.38,0.0,0.0,1005.27,Cloudy,Sunny,19,6,3,29,30.4,77.38,1005.26,0.020000000000003126,0.009999999999990905
2026-03-29 19:51:10.542936,30.42,77.38,0.0,0.0,1005.28,Cloudy,Sunny,19,6,3,29,30.42,77.38,1005.27,0.0,0.009999999999990905
2026-03-29 20:36:43.695083,31.2,74.5,0.0,0.0,1006.55,Sunny,Sunny,20,6,3,29,30.42,77.38,1005.28,0.7799999999999976,1.2699999999999818
2026-03-29 20:36:45.562958,31.2,74.5,0.0,0.0,1006.54,Sunny,Sunny,20,6,3,29,31.2,74.5,1006.55,0.0,-0.009999999999990905
2026-03-29 20:36:47.733994,31.2,74.5,0.0,0.0,1006.55,Sunny,Sunny,20,6,3,29,31.2,74.5,1006.54,0.0,0.009999999999990905
2026-03-29 20:36:49.665415,31.2,74.5,0.0,0.0,1006.55,Sunny,Sunny,20,6,3,29,31.2,74.5,1006.55,0.0,0.0
2026-03-29 20:36:51.775703,31.2,74.5,0.0,0.0,1006.56,Sunny,Sunny,20,6,3,29,31.2,74.5,1006.55,0.0,0.009999999999990905
2026-03-29 20:36:53.827281,31.18,74.5,0.0,0.0,1006.57,Sunny,Sunny,20,6,3,29,31.2,74.5,1006.56,-0.019999999999999574,0.010000000000104592
2026-03-29 20:36:58.495536,31.18,74.5,0.0,0.0,1006.58,Sunny,Sunny,20,6,3,29,31.18,74.5,1006.57,0.0,0.009999999999990905
2026-03-29 20:36:58.987468,31.18,74.5,0.0,0.0,1006.6,Sunny,Sunny,20,6,3,29,31.18,74.5,1006.58,0.0,0.01999999999998181
2026-03-29 20:37:00.015659,31.18,74.5,0.0,0.0,1006.61,Sunny,Sunny,20,6,3,29,31.18,74.5,1006.6,0.0,0.009999999999990905
2026-03-29 20:37:02.102049,31.18,74.5,0.0,0.0,1006.61,Sunny,Sunny,20,6,3,29,31.18,74.5,1006.61,0.0,0.0
2026-03-29 20:37:04.082068,31.2,74.5,0.0,0.0,1006.6,Sunny,Sunny,20,6,3,29,31.18,74.5,1006.61,0.019999999999999574,-0.009999999999990905
2026-03-29 20:37:06.161525,31.2,74.5,0.0,0.0,1006.6,Sunny,Sunny,20,6,3,29,31.2,74.5,1006.6,0.0,0.0
2026-03-29 20:37:08.243874,31.2,74.5,0.0,0.0,1006.59,Sunny,Sunny,20,6,3,29,31.2,74.5,1006.6,0.0,-0.009999999999990905
2026-03-29 20:37:10.328110,31.2,74.5,0.0,0.0,1006.58,Sunny,Sunny,20,6,3,29,31.2,74.5,1006.59,0.0,-0.009999999999990905
2026-03-29 20:37:13.994865,31.2,74.5,0.0,0.0,1006.58,Sunny,Sunny,20,6,3,29,31.2,74.5,1006.58,0.0,0.0
2026-03-29 20:37:14.505607,31.2,74.5,0.0,0.0,1006.58,Sunny,Sunny,20,6,3,29,31.2,74.5,1006.58,0.0,0.0
2026-03-29 20:37:16.557004,31.2,74.5,0.0,0.0,1006.59,Sunny,Sunny,20,6,3,29,31.2,74.5,1006.58,0.0,0.009999999999990905
2026-03-29 20:37:18.497473,31.2,74.48,0.0,0.0,1006.6,Sunny,Sunny,20,6,3,29,31.2,74.5,1006.59,0.0,0.009999999999990905
2026-03-29 20:37:20.576254,31.2,74.46,0.0,0.0,1006.61,Sunny,Sunny,20,6,3,29,31.2,74.48,1006.6,0.0,0.009999999999990905
2026-03-29 20:37:22.799295,31.2,74.46,0.0,0.0,1006.63,Sunny,Sunny,20,6,3,29,31.2,74.46,1006.61,0.0,0.01999999999998181
2026-03-29 20:37:24.770418,31.2,74.46,0.0,0.0,1006.63,Sunny,Sunny,20,6,3,29,31.2,74.46,1006.63,0.0,0.0
2026-03-29 20:37:29.489120,31.2,74.44,0.0,0.0,1006.61,Sunny,Sunny,20,6,3,29,31.2,74.46,1006.63,0.0,-0.01999999999998181
2026-03-29 20:37:29.956728,31.2,74.44,0.0,0.0,1006.62,Sunny,Sunny,20,6,3,29,31.2,74.44,1006.61,0.0,0.009999999999990905
2026-03-29 20:37:30.930234,31.2,74.46,0.0,0.0,1006.6,Sunny,Sunny,20,6,3,29,31.2,74.44,1006.62,0.0,-0.01999999999998181
2026-03-29 20:37:32.977187,31.2,74.46,0.0,0.0,1006.6,Sunny,Sunny,20,6,3,29,31.2,74.46,1006.6,0.0,0.0
2026-03-29 20:37:35.071032,31.2,74.44,0.0,0.0,1006.6,Sunny,Sunny,20,6,3,29,31.2,74.46,1006.6,0.0,0.0
2026-03-29 20:37:37.148594,31.2,74.46,0.0,0.0,1006.62,Sunny,Sunny,20,6,3,29,31.2,74.44,1006.6,0.0,0.01999999999998181
2026-03-29 20:37:39.164181,31.2,74.48,0.0,0.0,1006.62,Sunny,Sunny,20,6,3,29,31.2,74.46,1006.62,0.0,0.0
2026-03-29 20:37:44.600880,31.2,74.48,0.0,0.0,1006.63,Sunny,Sunny,20,6,3,29,31.2,74.48,1006.62,0.0,0.009999999999990905
2026-03-29 20:37:45.173722,31.2,74.48,0.0,0.0,1006.63,Sunny,Sunny,20,6,3,29,31.2,74.48,1006.63,0.0,0.0
2026-03-29 20:37:45.545356,31.2,74.5,0.0,0.0,1006.62,Sunny,Sunny,20,6,3,29,31.2,74.48,1006.63,0.0,-0.009999999999990905
2026-03-29 20:37:47.520257,31.2,74.5,0.0,0.0,1006.62,Sunny,Sunny,20,6,3,29,31.2,74.5,1006.62,0.0,0.0
2026-03-29 20:37:49.439838,31.2,74.5,0.0,0.0,1006.62,Sunny,Sunny,20,6,3,29,31.2,74.5,1006.62,0.0,0.0
2026-03-29 20:37:51.519724,31.2,74.5,0.0,0.0,1006.62,Sunny,Sunny,20,6,3,29,31.2,74.5,1006.62,0.0,0.0
2026-03-29 20:37:53.613099,31.2,74.5,0.0,0.0,1006.61,Sunny,Sunny,20,6,3,29,31.2,74.5,1006.62,0.0,-0.009999999999990905
2026-03-29 20:37:55.736423,31.2,74.5,0.0,0.0,1006.61,Sunny,Sunny,20,6,3,29,31.2,74.5,1006.61,0.0,0.0
2026-03-29 20:37:59.553288,31.2,74.5,0.0,0.0,1006.61,Sunny,Sunny,20,6,3,29,31.2,74.5,1006.61,0.0,0.0
2026-03-29 20:38:00.045777,31.2,74.5,0.0,0.0,1006.61,Sunny,Sunny,20,6,3,29,31.2,74.5,1006.61,0.0,0.0
2026-03-29 20:38:03.916517,31.2,74.5,0.0,0.0,1006.6,Sunny,Sunny,20,6,3,29,31.2,74.5,1006.61,0.0,-0.009999999999990905
2026-03-29 20:38:04.578692,31.2,74.5,0.0,0.0,1006.6,Sunny,Sunny,20,6,3,29,31.2,74.5,1006.6,0.0,0.0
2026-03-29 20:38:05.946180,31.18,74.5,0.0,0.0,1006.61,Sunny,Sunny,20,6,3,29,31.2,74.5,1006.6,-0.019999999999999574,0.009999999999990905
2026-03-29 20:38:07.946034,31.18,74.5,0.0,0.0,1006.61,Sunny,Sunny,20,6,3,29,31.18,74.5,1006.61,0.0,0.0
2026-03-29 20:38:10.172799,31.18,74.5,0.0,0.0,1006.62,Sunny,Sunny,20,6,3,29,31.18,74.5,1006.61,0.0,0.009999999999990905
2026-03-29 20:38:12.163070,31.18,74.5,0.0,0.0,1006.64,Sunny,Sunny,20,6,3,29,31.18,74.5,1006.62,0.0,0.01999999999998181
2026-03-29 20:38:14.266276,31.18,74.5,0.0,0.0,1006.63,Sunny,Sunny,20,6,3,29,31.18,74.5,1006.64,0.0,-0.009999999999990905
2026-03-29 20:38:16.240252,31.2,74.5,0.0,0.0,1006.63,Sunny,Sunny,20,6,3,29,31.18,74.5,1006.63,0.019999999999999574,0.0
2026-03-29 20:38:18.354505,31.2,74.5,0.0,0.0,1006.63,Sunny,Sunny,20,6,3,29,31.2,74.5,1006.63,0.0,0.0
2026-03-29 20:38:20.420574,31.2,74.5,0.0,0.0,1006.62,Sunny,Sunny,20,6,3,29,31.2,74.5,1006.63,0.0,-0.009999999999990905
2026-03-29 20:38:22.514920,31.2,74.5,0.0,0.0,1006.61,Sunny,Sunny,20,6,3,29,31.2,74.5,1006.62,0.0,-0.009999999999990905
2026-03-29 20:38:27.380076,31.2,74.48,0.0,0.0,1006.63,Sunny,Sunny,20,6,3,29,31.2,74.5,1006.61,0.0,0.01999999999998181
2026-03-29 20:38:27.887691,31.18,74.46,0.0,0.0,1006.63,Sunny,Sunny,20,6,3,29,31.2,74.48,1006.63,-0.019999999999999574,0.0
2026-03-29 20:38:28.681352,31.18,74.46,0.0,0.0,1006.63,Sunny,Sunny,20,6,3,29,31.18,74.46,1006.63,0.0,0.0
2026-03-29 20:38:30.864634,31.18,74.44,0.0,0.0,1006.64,Sunny,Sunny,20,6,3,29,31.18,74.46,1006.63,0.0,0.009999999999990905
2026-03-29 20:38:32.821369,31.18,74.42,0.0,0.0,1006.65,Sunny,Sunny,20,6,3,29,31.18,74.44,1006.64,0.0,0.009999999999990905
2026-03-29 20:38:34.970799,31.18,74.42,0.0,0.0,1006.64,Sunny,Sunny,20,6,3,29,31.18,74.42,1006.65,0.0,-0.009999999999990905
2026-03-29 20:38:36.960116,31.2,74.42,0.0,0.0,1006.66,Sunny,Sunny,20,6,3,29,31.18,74.42,1006.64,0.019999999999999574,0.01999999999998181
2026-03-29 20:38:41.853205,31.2,74.4,0.0,0.0,1006.65,Sunny,Sunny,20,6,3,29,31.2,74.42,1006.66,0.0,-0.009999999999990905
2026-03-29 20:38:42.476826,31.2,74.4,0.0,0.0,1006.63,Sunny,Sunny,20,6,3,29,31.2,74.4,1006.65,0.0,-0.01999999999998181
2026-03-29 20:38:43.473831,31.18,74.4,0.0,0.0,1006.61,Sunny,Sunny,20,6,3,29,31.2,74.4,1006.63,-0.019999999999999574,-0.01999999999998181
2026-03-29 20:38:45.769153,31.16,74.4,0.0,0.0,1006.61,Sunny,Sunny,20,6,3,29,31.18,74.4,1006.61,-0.019999999999999574,0.0
2026-03-29 20:38:47.438437,31.14,74.4,0.0,0.0,1006.59,Sunny,Sunny,20,6,3,29,31.16,74.4,1006.61,-0.019999999999999574,-0.01999999999998181
2026-03-29 20:38:49.658922,31.12,74.4,0.0,0.0,1006.59,Sunny,Sunny,20,6,3,29,31.14,74.4,1006.59,-0.019999999999999574,0.0
2026-03-29 20:38:51.605812,31.1,74.4,0.0,0.0,1006.59,Sunny,Sunny,20,6,3,29,31.12,74.4,1006.59,-0.019999999999999574,0.0
2026-03-29 20:38:53.667003,31.1,74.38,0.0,0.0,1006.6,Sunny,Sunny,20,6,3,29,31.1,74.4,1006.59,0.0,0.009999999999990905
2026-03-29 20:38:58.070459,31.1,74.38,0.0,0.0,1006.58,Sunny,Sunny,20,6,3,29,31.1,74.38,1006.6,0.0,-0.01999999999998181
2026-03-29 20:38:58.783794,31.1,74.38,0.0,0.0,1006.58,Sunny,Sunny,20,6,3,29,31.1,74.38,1006.58,0.0,0.0
2026-03-29 20:38:59.641404,31.1,74.38,0.0,0.0,1006.59,Sunny,Sunny,20,6,3,29,31.1,74.38,1006.58,0.0,0.009999999999990905
2026-03-29 20:39:01.825461,31.1,74.38,0.0,0.0,1006.59,Sunny,Sunny,20,6,3,29,31.1,74.38,1006.59,0.0,0.0
2026-03-29 20:39:03.776159,31.1,74.4,0.0,0.0,1006.6,Sunny,Sunny,20,6,3,29,31.1,74.38,1006.59,0.0,0.009999999999990905
2026-03-29 20:39:05.861978,31.1,74.4,0.0,0.0,1006.62,Sunny,Sunny,20,6,3,29,31.1,74.4,1006.6,0.0,0.01999999999998181
2026-03-29 20:39:07.872906,31.1,74.42,0.0,0.0,1006.64,Sunny,Sunny,20,6,3,29,31.1,74.4,1006.62,0.0,0.01999999999998181
2026-03-29 20:39:12.250407,31.1,74.44,0.0,0.0,1006.63,Sunny,Sunny,20,6,3,29,31.1,74.42,1006.64,0.0,-0.009999999999990905
2026-03-29 20:39:12.639420,31.1,74.46,0.0,0.0,1006.63,Sunny,Sunny,20,6,3,29,31.1,74.44,1006.63,0.0,0.0
2026-03-29 20:39:14.030303,31.1,74.48,0.0,0.0,1006.64,Sunny,Sunny,20,6,3,29,31.1,74.46,1006.63,0.0,0.009999999999990905
2026-03-29 20:39:16.086366,31.1,74.5,0.0,0.0,1006.65,Sunny,Sunny,20,6,3,29,31.1,74.48,1006.64,0.0,0.009999999999990905
2026-03-29 20:39:18.246402,31.1,74.5,0.0,0.0,1006.64,Sunny,Sunny,20,6,3,29,31.1,74.5,1006.65,0.0,-0.009999999999990905
2026-03-29 20:39:20.156782,31.1,74.5,0.0,0.0,1006.65,Sunny,Sunny,20,6,3,29,31.1,74.5,1006.64,0.0,0.009999999999990905
2026-03-29 20:39:22.163951,31.1,74.5,0.0,0.0,1006.66,Sunny,Sunny,20,6,3,29,31.1,74.5,1006.65,0.0,0.009999999999990905
2026-03-29 20:39:27.308515,31.1,74.5,0.0,0.0,1006.65,Sunny,Sunny,20,6,3,29,31.1,74.5,1006.66,0.0,-0.009999999999990905
2026-03-29 20:39:27.800188,31.1,74.5,0.0,0.0,1006.65,Sunny,Sunny,20,6,3,29,31.1,74.5,1006.65,0.0,0.0
2026-03-29 20:39:28.435660,31.1,74.5,0.0,0.0,1006.65,Sunny,Sunny,20,6,3,29,31.1,74.5,1006.65,0.0,0.0
2026-03-29 20:39:30.439962,31.1,74.5,0.0,0.0,1006.64,Sunny,Sunny,20,6,3,29,31.1,74.5,1006.65,0.0,-0.009999999999990905
2026-03-29 20:39:32.510322,31.08,74.5,0.0,0.0,1006.63,Sunny,Sunny,20,6,3,29,31.1,74.5,1006.64,-0.020000000000003126,-0.009999999999990905
2026-03-29 20:39:34.750887,31.06,74.5,0.0,0.0,1006.62,Sunny,Sunny,20,6,3,29,31.08,74.5,1006.63,-0.019999999999999574,-0.009999999999990905
2026-03-29 20:39:36.783946,31.04,74.5,0.0,0.0,1006.61,Sunny,Sunny,20,6,3,29,31.06,74.5,1006.62,-0.019999999999999574,-0.009999999999990905
2026-03-29 20:39:38.737274,31.02,74.5,0.0,0.0,1006.6,Sunny,Sunny,20,6,3,29,31.04,74.5,1006.61,-0.019999999999999574,-0.009999999999990905
2026-03-29 20:39:42.835453,31.0,74.5,0.0,0.0,1006.6,Sunny,Sunny,20,6,3,29,31.02,74.5,1006.6,-0.019999999999999574,0.0
2026-03-29 20:39:43.330113,31.0,74.5,0.0,0.0,1006.61,Sunny,Sunny,20,6,3,29,31.0,74.5,1006.6,0.0,0.009999999999990905
2026-03-29 20:39:45.042907,31.0,74.5,0.0,0.0,1006.61,Sunny,Sunny,20,6,3,29,31.0,74.5,1006.61,0.0,0.0
2026-03-29 20:39:46.959221,31.0,74.52,0.0,0.0,1006.61,Sunny,Sunny,20,6,3,29,31.0,74.5,1006.61,0.0,0.0
2026-03-29 20:39:48.998831,31.0,74.54,0.0,0.0,1006.61,Sunny,Sunny,20,6,3,29,31.0,74.52,1006.61,0.0,0.0
2026-03-29 20:39:50.993045,31.0,74.56,0.0,0.0,1006.61,Sunny,Sunny,20,6,3,29,31.0,74.54,1006.61,0.0,0.0
2026-03-29 20:39:53.381725,31.0,74.58,0.0,0.0,1006.62,Sunny,Sunny,20,6,3,29,31.0,74.56,1006.61,0.0,0.009999999999990905
2026-03-29 20:39:57.817864,31.0,74.6,0.0,0.0,1006.62,Sunny,Sunny,20,6,3,29,31.0,74.58,1006.62,0.0,0.0
2026-03-29 20:39:58.441613,31.0,74.6,0.0,0.0,1006.63,Sunny,Sunny,20,6,3,29,31.0,74.6,1006.62,0.0,0.009999999999990905
2026-03-29 20:39:59.403752,31.0,74.6,0.0,0.0,1006.63,Sunny,Sunny,20,6,3,29,31.0,74.6,1006.63,0.0,0.0
2026-03-29 20:40:01.480425,31.0,74.62,0.0,0.0,1006.64,Sunny,Sunny,20,6,3,29,31.0,74.6,1006.63,0.0,0.009999999999990905
2026-03-29 20:40:03.571739,31.0,74.62,0.0,0.0,1006.64,Sunny,Sunny,20,6,3,29,31.0,74.62,1006.64,0.0,0.0
2026-03-29 20:40:05.695587,31.0,74.64,0.0,0.0,1006.65,Sunny,Sunny,20,6,3,29,31.0,74.62,1006.64,0.0,0.009999999999990905
2026-03-29 20:40:07.646574,31.0,74.66,0.0,0.0,1006.64,Sunny,Sunny,20,6,3,29,31.0,74.64,1006.65,0.0,-0.009999999999990905
2026-03-29 20:40:12.563429,31.0,74.68,0.0,0.0,1006.65,Sunny,Sunny,20,6,3,29,31.0,74.66,1006.64,0.0,0.009999999999990905
2026-03-29 20:40:13.119607,31.0,74.68,0.0,0.0,1006.64,Sunny,Sunny,20,6,3,29,31.0,74.68,1006.65,0.0,-0.009999999999990905
2026-03-29 20:40:13.852772,31.0,74.7,0.0,0.0,1006.63,Sunny,Sunny,20,6,3,29,31.0,74.68,1006.64,0.0,-0.009999999999990905
2026-03-29 20:40:15.896721,31.0,74.7,0.0,0.0,1006.63,Sunny,Sunny,20,6,3,29,31.0,74.7,1006.63,0.0,0.0
2026-03-29 20:40:17.853911,31.0,74.7,0.0,0.0,1006.64,Sunny,Sunny,20,6,3,29,31.0,74.7,1006.63,0.0,0.009999999999990905
2026-03-29 20:40:19.895303,31.0,74.7,0.0,0.0,1006.64,Sunny,Sunny,20,6,3,29,31.0,74.7,1006.64,0.0,0.0
2026-03-29 20:40:22.039141,31.0,74.7,0.0,0.0,1006.65,Sunny,Sunny,20,6,3,29,31.0,74.7,1006.64,0.0,0.009999999999990905
2026-03-29 20:40:26.760819,31.0,74.7,0.0,0.0,1006.65,Sunny,Sunny,20,6,3,29,31.0,74.7,1006.65,0.0,0.0
2026-03-29 20:40:27.474928,31.0,74.7,0.0,0.0,1006.64,Sunny,Sunny,20,6,3,29,31.0,74.7,1006.65,0.0,-0.009999999999990905
2026-03-29 20:40:28.356184,31.0,74.7,0.0,0.0,1006.64,Sunny,Sunny,20,6,3,29,31.0,74.7,1006.64,0.0,0.0
2026-03-29 20:40:30.319634,31.0,74.7,0.0,0.0,1006.66,Sunny,Sunny,20,6,3,29,31.0,74.7,1006.64,0.0,0.01999999999998181
2026-03-29 20:40:32.369994,31.0,74.7,0.0,0.0,1006.66,Sunny,Sunny,20,6,3,29,31.0,74.7,1006.66,0.0,0.0
2026-03-29 20:40:34.330606,31.0,74.7,0.0,0.0,1006.66,Sunny,Sunny,20,6,3,29,31.0,74.7,1006.66,0.0,0.0
2026-03-29 20:40:36.381305,31.0,74.7,0.0,0.0,1006.67,Sunny,Sunny,20,6,3,29,31.0,74.7,1006.66,0.0,0.009999999999990905
2026-03-29 20:40:38.440066,31.0,74.7,0.0,0.0,1006.66,Sunny,Sunny,20,6,3,29,31.0,74.7,1006.67,0.0,-0.009999999999990905
2026-03-29 20:40:42.407109,31.0,74.68,0.0,0.0,1006.66,Sunny,Sunny,20,6,3,29,31.0,74.7,1006.66,0.0,0.0
2026-03-29 20:40:42.842080,31.0,74.68,0.0,0.0,1006.66,Sunny,Sunny,20,6,3,29,31.0,74.68,1006.66,0.0,0.0
2026-03-29 20:40:44.642602,31.0,74.68,0.0,0.0,1006.67,Sunny,Sunny,20,6,3,29,31.0,74.68,1006.66,0.0,0.009999999999990905
2026-03-29 20:40:46.706658,31.0,74.68,0.0,0.0,1006.67,Sunny,Sunny,20,6,3,29,31.0,74.68,1006.67,0.0,0.0
2026-03-29 20:40:48.774708,31.0,74.68,0.0,0.0,1006.67,Sunny,Sunny,20,6,3,29,31.0,74.68,1006.67,0.0,0.0
2026-03-29 20:40:50.900555,31.0,74.7,0.0,0.0,1006.67,Sunny,Sunny,20,6,3,29,31.0,74.68,1006.67,0.0,0.0
2026-03-29 20:40:52.889913,31.0,74.7,0.0,0.0,1006.68,Sunny,Sunny,20,6,3,29,31.0,74.7,1006.67,0.0,0.009999999999990905
2026-03-29 20:40:57.490487,31.0,74.7,0.0,0.0,1006.67,Sunny,Sunny,20,6,3,29,31.0,74.7,1006.68,0.0,-0.009999999999990905
2026-03-29 20:40:57.892150,31.0,74.7,0.0,0.0,1006.67,Sunny,Sunny,20,6,3,29,31.0,74.7,1006.67,0.0,0.0
2026-03-29 20:40:59.101362,31.0,74.7,0.0,0.0,1006.68,Sunny,Sunny,20,6,3,29,31.0,74.7,1006.67,0.0,0.009999999999990905
2026-03-29 20:41:01.252268,31.0,74.7,0.0,0.0,1006.69,Sunny,Sunny,20,6,3,29,31.0,74.7,1006.68,0.0,0.010000000000104592
2026-03-29 20:41:03.340472,31.0,74.7,0.0,0.0,1006.68,Sunny,Sunny,20,6,3,29,31.0,74.7,1006.69,0.0,-0.010000000000104592
2026-03-29 20:41:05.350503,31.0,74.68,0.0,0.0,1006.68,Sunny,Sunny,20,6,3,29,31.0,74.7,1006.68,0.0,0.0
2026-03-29 20:41:07.353203,31.0,74.68,0.0,0.0,1006.69,Sunny,Sunny,20,6,3,29,31.0,74.68,1006.68,0.0,0.010000000000104592
2026-03-29 20:41:12.328568,31.0,74.68,0.0,0.0,1006.68,Sunny,Sunny,20,6,3,29,31.0,74.68,1006.69,0.0,-0.010000000000104592
2026-03-29 20:41:12.987029,31.0,74.68,0.0,0.0,1006.69,Sunny,Sunny,20,6,3,29,31.0,74.68,1006.68,0.0,0.010000000000104592
2026-03-29 20:41:13.577258,31.0,74.68,0.0,0.0,1006.69,Sunny,Sunny,20,6,3,29,31.0,74.68,1006.69,0.0,0.0
2026-03-29 20:41:15.570481,31.0,74.7,0.0,0.0,1006.68,Sunny,Sunny,20,6,3,29,31.0,74.68,1006.69,0.0,-0.010000000000104592
2026-03-29 20:41:17.605840,31.0,74.7,0.0,0.0,1006.67,Sunny,Sunny,20,6,3,29,31.0,74.7,1006.68,0.0,-0.009999999999990905
2026-03-29 20:41:19.626029,31.0,74.68,0.0,0.0,1006.68,Sunny,Sunny,20,6,3,29,31.0,74.7,1006.67,0.0,0.009999999999990905
2026-03-29 20:41:21.722768,31.0,74.68,0.0,0.0,1006.66,Sunny,Sunny,20,6,3,29,31.0,74.68,1006.68,0.0,-0.01999999999998181
2026-03-29 20:41:23.808752,31.0,74.68,0.0,0.0,1006.66,Sunny,Sunny,20,6,3,29,31.0,74.68,1006.66,0.0,0.0
2026-03-29 20:41:27.501757,31.0,74.68,0.0,0.0,1006.66,Sunny,Sunny,20,6,3,29,31.0,74.68,1006.66,0.0,0.0
2026-03-29 20:41:27.911322,31.0,74.68,0.0,0.0,1006.66,Sunny,Sunny,20,6,3,29,31.0,74.68,1006.66,0.0,0.0
2026-03-29 20:41:29.993022,31.02,74.7,0.0,0.0,1006.67,Sunny,Sunny,20,6,3,29,31.0,74.68,1006.66,0.019999999999999574,0.009999999999990905
2026-03-29 20:41:32.175627,31.02,74.68,0.0,0.0,1006.67,Sunny,Sunny,20,6,3,29,31.02,74.7,1006.67,0.0,0.0
2026-03-29 20:41:34.403346,31.02,74.68,0.0,0.0,1006.69,Sunny,Sunny,20,6,3,29,31.02,74.68,1006.67,0.0,0.020000000000095497
2026-03-29 20:41:36.164789,31.02,74.68,0.0,0.0,1006.7,Sunny,Sunny,20,6,3,29,31.02,74.68,1006.69,0.0,0.009999999999990905
2026-03-29 20:41:38.245002,31.04,74.68,0.0,0.0,1006.71,Sunny,Sunny,20,6,3,29,31.02,74.68,1006.7,0.019999999999999574,0.009999999999990905
2026-03-29 20:41:42.710412,31.04,74.68,0.0,0.0,1006.7,Sunny,Sunny,20,6,3,29,31.04,74.68,1006.71,0.0,-0.009999999999990905
2026-03-29 20:41:43.098683,31.06,74.7,0.0,0.0,1006.68,Sunny,Sunny,20,6,3,29,31.04,74.68,1006.7,0.019999999999999574,-0.020000000000095497
2026-03-29 20:41:44.483772,31.08,74.7,0.0,0.0,1006.67,Sunny,Sunny,20,6,3,29,31.06,74.7,1006.68,0.019999999999999574,-0.009999999999990905
2026-03-29 20:41:46.588960,31.1,74.7,0.0,0.0,1006.68,Sunny,Sunny,20,6,3,29,31.08,74.7,1006.67,0.020000000000003126,0.009999999999990905
2026-03-29 20:41:48.549414,31.1,74.7,0.0,0.0,1006.67,Sunny,Sunny,20,6,3,29,31.1,74.7,1006.68,0.0,-0.009999999999990905
2026-03-29 20:41:50.520420,31.1,74.68,0.0,0.0,1006.68,Sunny,Sunny,20,6,3,29,31.1,74.7,1006.67,0.0,0.009999999999990905
2026-03-29 20:41:56.714707,31.1,74.68,0.0,0.0,1006.7,Sunny,Sunny,20,6,3,29,31.1,74.68,1006.68,0.0,0.020000000000095497
2026-03-29 20:41:57.212297,31.1,74.66,0.0,0.0,1006.71,Sunny,Sunny,20,6,3,29,31.1,74.68,1006.7,0.0,0.009999999999990905
2026-03-29 20:41:57.571943,31.1,74.66,0.0,0.0,1006.7,Sunny,Sunny,20,6,3,29,31.1,74.66,1006.71,0.0,-0.009999999999990905
2026-03-29 20:41:58.852461,31.1,74.66,0.0,0.0,1006.7,Sunny,Sunny,20,6,3,29,31.1,74.66,1006.7,0.0,0.0
2026-03-29 20:42:00.863693,31.1,74.66,0.0,0.0,1006.69,Sunny,Sunny,20,6,3,29,31.1,74.66,1006.7,0.0,-0.009999999999990905
2026-03-29 20:42:03.057415,31.1,74.64,0.0,0.0,1006.69,Sunny,Sunny,20,6,3,29,31.1,74.66,1006.69,0.0,0.0
2026-03-29 20:42:05.476702,31.1,74.66,0.0,0.0,1006.69,Sunny,Sunny,20,6,3,29,31.1,74.64,1006.69,0.0,0.0
2026-03-29 20:42:10.340415,31.1,74.64,0.0,0.0,1006.69,Sunny,Sunny,20,6,3,29,31.1,74.66,1006.69,0.0,0.0
2026-03-29 20:42:11.346578,31.1,74.64,0.0,0.0,1006.7,Sunny,Sunny,20,6,3,29,31.1,74.64,1006.69,0.0,0.009999999999990905
2026-03-29 20:42:12.308927,31.1,74.64,0.0,0.0,1006.72,Sunny,Sunny,20,6,3,29,31.1,74.64,1006.7,0.0,0.01999999999998181
2026-03-29 20:42:13.525879,31.1,74.64,0.0,0.0,1006.74,Sunny,Sunny,20,6,3,29,31.1,74.64,1006.72,0.0,0.01999999999998181
2026-03-29 20:42:15.368900,31.1,74.62,0.0,0.0,1006.75,Sunny,Sunny,20,6,3,29,31.1,74.64,1006.74,0.0,0.009999999999990905
2026-03-29 20:42:17.356180,31.1,74.62,0.0,0.0,1006.77,Sunny,Sunny,20,6,3,29,31.1,74.62,1006.75,0.0,0.01999999999998181
2026-03-29 20:42:19.429864,31.1,74.6,0.0,0.0,1006.77,Sunny,Sunny,20,6,3,29,31.1,74.62,1006.77,0.0,0.0
2026-03-29 20:42:21.540783,31.1,74.6,0.0,0.0,1006.76,Sunny,Sunny,20,6,3,29,31.1,74.6,1006.77,0.0,-0.009999999999990905
2026-03-29 20:42:25.795045,31.1,74.6,0.0,0.0,1006.75,Sunny,Sunny,20,6,3,29,31.1,74.6,1006.76,0.0,-0.009999999999990905
2026-03-29 20:42:26.422554,31.1,74.6,0.0,0.0,1006.74,Sunny,Sunny,20,6,3,29,31.1,74.6,1006.75,0.0,-0.009999999999990905
2026-03-29 20:42:27.991287,31.1,74.58,0.0,0.0,1006.74,Sunny,Sunny,20,6,3,29,31.1,74.6,1006.74,0.0,0.0
2026-03-29 20:42:29.809027,31.1,74.56,0.0,0.0,1006.74,Sunny,Sunny,20,6,3,29,31.1,74.58,1006.74,0.0,0.0
2026-03-29 20:42:31.845553,31.1,74.54,0.0,0.0,1006.76,Sunny,Sunny,20,6,3,29,31.1,74.56,1006.74,0.0,0.01999999999998181
2026-03-29 20:42:33.872264,31.1,74.52,0.0,0.0,1006.75,Sunny,Sunny,20,6,3,29,31.1,74.54,1006.76,0.0,-0.009999999999990905
2026-03-29 20:42:35.935438,31.1,74.5,0.0,0.0,1006.76,Sunny,Sunny,20,6,3,29,31.1,74.52,1006.75,0.0,0.009999999999990905
2026-03-29 20:42:40.552472,31.1,74.5,0.0,0.0,1006.75,Sunny,Sunny,20,6,3,29,31.1,74.5,1006.76,0.0,-0.009999999999990905
2026-03-29 20:42:41.020967,31.1,74.5,0.0,0.0,1006.74,Sunny,Sunny,20,6,3,29,31.1,74.5,1006.75,0.0,-0.009999999999990905
2026-03-29 20:42:42.282045,31.1,74.5,0.0,0.0,1006.75,Sunny,Sunny,20,6,3,29,31.1,74.5,1006.74,0.0,0.009999999999990905
2026-03-29 20:42:44.217664,31.1,74.5,0.0,0.0,1006.75,Sunny,Sunny,20,6,3,29,31.1,74.5,1006.75,0.0,0.0
2026-03-29 20:42:46.388291,31.1,74.5,0.0,0.0,1006.75,Sunny,Sunny,20,6,3,29,31.1,74.5,1006.75,0.0,0.0
2026-03-29 20:42:48.497745,31.1,74.5,0.0,0.0,1006.76,Sunny,Sunny,20,6,3,29,31.1,74.5,1006.75,0.0,0.009999999999990905
2026-03-29 20:42:50.480749,31.1,74.5,0.0,0.0,1006.76,Sunny,Sunny,20,6,3,29,31.1,74.5,1006.76,0.0,0.0
2026-03-29 20:42:55.453018,31.1,74.5,0.0,0.0,1006.76,Sunny,Sunny,20,6,3,29,31.1,74.5,1006.76,0.0,0.0
2026-03-29 20:42:56.106683,31.1,74.5,0.0,0.0,1006.77,Sunny,Sunny,20,6,3,29,31.1,74.5,1006.76,0.0,0.009999999999990905
2026-03-29 20:42:56.728320,31.1,74.5,0.0,0.0,1006.77,Sunny,Sunny,20,6,3,29,31.1,74.5,1006.77,0.0,0.0
2026-03-29 20:42:58.945720,31.1,74.5,0.0,0.0,1006.75,Sunny,Sunny,20,6,3,29,31.1,74.5,1006.77,0.0,-0.01999999999998181
2026-03-29 20:43:01.039430,31.1,74.5,0.0,0.0,1006.75,Sunny,Sunny,20,6,3,29,31.1,74.5,1006.75,0.0,0.0
2026-03-29 21:29:55.291925,31.73,43.72,1.21,11.71,1018.67,Sunny,Cloudy,21,6,3,29,31.1,74.5,1006.75,0.629999999999999,11.919999999999959
2026-03-29 21:29:57.452846,32.38,38.3,0.65,10.4,1017.87,Sunny,Cloudy,21,6,3,29,31.73,43.72,1018.67,0.6500000000000021,-0.7999999999999545
2026-03-29 21:29:59.598978,32.0,37.39,1.29,10.89,1016.44,Sunny,Cloudy,21,6,3,29,32.38,38.3,1017.87,-0.38000000000000256,-1.42999999999995
2026-03-29 21:30:01.757992,32.16,36.11,0.67,10.19,1016.1,Sunny,Cloudy,21,6,3,29,32.0,37.39,1016.44,0.1599999999999966,-0.34000000000003183
2026-03-29 21:30:03.903443,32.63,37.33,0.91,10.44,1016.61,Sunny,Cloudy,21,6,3,29,32.16,36.11,1016.1,0.47000000000000597,0.5099999999999909
2026-03-29 21:30:06.056692,32.7,35.98,1.16,10.26,1015.55,Sunny,Cloudy,21,6,3,29,32.63,37.33,1016.61,0.07000000000000028,-1.0600000000000591
2026-03-29 21:30:08.210805,31.86,37.89,2.2,10.06,1015.1,Sunny,Cloudy,21,6,3,29,32.7,35.98,1015.55,-0.8400000000000034,-0.4499999999999318
2026-03-29 21:30:10.354269,32.27,40.01,2.25,9.53,1015.07,Sunny,Cloudy,21,6,3,29,31.86,37.89,1015.1,0.4100000000000037,-0.029999999999972715
2026-03-29 21:30:12.487109,31.89,40.87,2.51,9.95,1015.0,Sunny,Cloudy,21,6,3,29,32.27,40.01,1015.07,-0.38000000000000256,-0.07000000000005002
2026-03-29 21:30:14.611377,31.29,41.12,2.79,9.78,1013.7,Sunny,Sunny,21,6,3,29,31.89,40.87,1015.0,-0.6000000000000014,-1.2999999999999545
2026-03-29 21:30:16.766222,31.22,40.08,3.13,9.95,1013.76,Sunny,Cloudy,21,6,3,29,31.29,41.12,1013.7,-0.07000000000000028,0.05999999999994543
2026-03-29 21:30:18.954505,31.79,39.61,3.14,10.17,1013.24,Sunny,Cloudy,21,6,3,29,31.22,40.08,1013.76,0.5700000000000003,-0.5199999999999818
2026-03-29 21:30:21.165171,30.89,36.78,3.42,10.49,1012.67,Sunny,Cloudy,21,6,3,29,31.79,39.61,1013.24,-0.8999999999999986,-0.57000000000005
2026-03-29 21:30:23.334424,30.66,36.86,3.66,10.28,1012.38,Sunny,Cloudy,21,6,3,29,30.89,36.78,1012.67,-0.23000000000000043,-0.2899999999999636
2026-03-29 21:30:25.496383,31.06,35.39,3.72,10.09,1012.46,Sunny,Cloudy,21,6,3,29,30.66,36.86,1012.38,0.3999999999999986,0.08000000000004093
2026-03-29 21:30:27.650295,31.13,36.04,2.95,9.74,1013.29,Sunny,Cloudy,21,6,3,29,31.06,35.39,1012.46,0.07000000000000028,0.8299999999999272
2026-03-29 21:30:29.818400,30.83,35.84,2.71,10.26,1014.39,Sunny,Cloudy,21,6,3,29,31.13,36.04,1013.29,-0.3000000000000007,1.1000000000000227
2026-03-29 21:30:31.991732,31.46,36.43,2.22,9.91,1014.69,Sunny,Cloudy,21,6,3,29,30.83,35.84,1014.39,0.6300000000000026,0.3000000000000682
2026-03-29 21:30:34.145361,31.59,36.03,2.76,10.19,1014.37,Sunny,Cloudy,21,6,3,29,31.46,36.43,1014.69,0.129999999999999,-0.32000000000005
2026-03-29 21:30:36.302497,29.37,43.39,7.74,9.42,1013.1,Sunny,Cloudy,21,6,3,29,31.59,36.03,1014.37,-2.219999999999999,-1.2699999999999818
2026-03-29 21:30:38.458527,26.93,50.97,10.4,7.96,1010.84,Sunny,Cloudy,21,6,3,29,29.37,43.39,1013.1,-2.4400000000000013,-2.259999999999991
2026-03-29 21:30:40.619021,25.14,57.49,12.88,6.0,1009.29,Sunny,Cloudy,21,6,3,29,26.93,50.97,1010.84,-1.7899999999999991,-1.5500000000000682
2026-03-29 21:30:42.839750,23.3,64.77,16.12,5.12,1009.1,Sunny,Cloudy,21,6,3,29,25.14,57.49,1009.29,-1.8399999999999999,-0.18999999999994088
2026-03-29 21:30:44.996248,21.34,69.92,19.45,3.72,1007.74,Sunny,Cloudy,21,6,3,29,23.3,64.77,1009.1,-1.9600000000000009,-1.3600000000000136
2026-03-29 21:30:47.172927,21.69,69.86,16.76,3.07,1006.43,Cloudy,Cloudy,21,6,3,29,21.34,69.92,1007.74,0.3500000000000014,-1.3100000000000591
2026-03-29 21:30:49.327694,21.27,68.91,16.22,3.74,1006.73,Cloudy,Cloudy,21,6,3,29,21.69,69.86,1006.43,-0.4200000000000017,0.3000000000000682
2026-03-29 21:30:51.483607,20.7,67.36,15.0,3.91,1006.29,Cloudy,Cloudy,21,6,3,29,21.27,68.91,1006.73,-0.5700000000000003,-0.44000000000005457
2026-03-29 21:30:53.636336,20.97,66.39,15.38,3.52,1005.77,Cloudy,Cloudy,21,6,3,29,20.7,67.36,1006.29,0.2699999999999996,-0.5199999999999818
2026-03-29 21:30:55.805605,20.71,68.45,14.16,3.35,1006.78,Cloudy,Cloudy,21,6,3,29,20.97,66.39,1005.77,-0.259999999999998,1.009999999999991
2026-03-29 21:30:57.973379,20.87,68.32,15.11,3.77,1007.37,Cloudy,Cloudy,21,6,3,29,20.71,68.45,1006.78,0.16000000000000014,0.5900000000000318
2026-03-29 21:31:00.138984,21.39,66.8,17.4,3.41,1007.38,Cloudy,Cloudy,21,6,3,29,20.87,68.32,1007.37,0.5199999999999996,0.009999999999990905
2026-03-29 21:31:02.292563,22.71,66.74,19.81,3.46,1006.25,Cloudy,Cloudy,21,6,3,29,21.39,66.8,1007.38,1.3200000000000003,-1.1299999999999955
2026-03-29 21:31:04.472397,21.55,66.28,20.65,3.83,1006.37,Cloudy,Cloudy,21,6,3,29,22.71,66.74,1006.25,-1.1600000000000001,0.12000000000000455
2026-03-29 21:31:06.612844,21.95,65.79,19.89,4.08,1004.32,Sunny,Rainy,21,6,3,29,21.55,66.28,1006.37,0.3999999999999986,-2.0499999999999545
2026-03-29 21:31:08.781782,21.03,64.88,19.14,3.56,1004.39,Cloudy,Rainy,21,6,3,29,21.95,65.79,1004.32,-0.9199999999999982,0.06999999999993634
2026-03-29 21:31:10.953221,20.87,65.34,17.45,3.23,1005.01,Cloudy,Rainy,21,6,3,29,21.03,64.88,1004.39,-0.16000000000000014,0.6200000000000045
2026-03-29 21:31:13.109874,20.72,65.59,15.96,3.16,1005.11,Cloudy,Rainy,21,6,3,29,20.87,65.34,1005.01,-0.15000000000000213,0.10000000000002274
2026-03-29 21:31:15.265168,21.12,65.07,13.94,2.93,1005.53,Cloudy,Sunny,21,6,3,29,20.72,65.59,1005.11,0.40000000000000213,0.4199999999999591
2026-03-29 21:31:17.432525,21.11,66.0,15.66,2.94,1006.9,Cloudy,Sunny,21,6,3,29,21.12,65.07,1005.53,-0.010000000000001563,1.3700000000000045
2026-03-29 21:31:19.574618,19.9,70.7,30.31,3.03,1006.84,Cloudy,Sunny,21,6,3,29,21.11,66.0,1006.9,-1.2100000000000009,-0.05999999999994543
2026-03-29 21:31:21.727890,19.62,75.76,40.23,3.08,1003.03,Cloudy,Sunny,21,6,3,29,19.9,70.7,1006.84,-0.2799999999999976,-3.810000000000059
2026-03-29 21:31:23.923682,18.76,79.11,50.67,2.82,1000.99,Cloudy,Sunny,21,6,3,29,19.62,75.76,1003.03,-0.8599999999999994,-2.0399999999999636
2026-03-29 21:31:26.082729,18.38,82.98,58.74,2.67,997.95,Cloudy,Sunny,21,6,3,29,18.76,79.11,1000.99,-0.38000000000000256,-3.0399999999999636
2026-03-29 21:31:28.240079,17.81,86.48,65.79,2.04,995.67,Cloudy,Sunny,21,6,3,29,18.38,82.98,997.95,-0.5700000000000003,-2.2800000000000864
2026-03-29 21:31:30.395025,18.43,85.17,61.59,1.85,993.85,Cloudy,Sunny,21,6,3,29,17.81,86.48,995.67,0.620000000000001,-1.8199999999999363
2026-03-29 21:31:32.527560,17.13,84.08,66.29,1.47,995.93,Cloudy,Sunny,21,6,3,29,18.43,85.17,993.85,-1.3000000000000007,2.0799999999999272
2026-03-29 21:31:34.682186,16.46,85.52,63.81,1.26,995.96,Cloudy,Sunny,21,6,3,29,17.13,84.08,995.93,-0.6699999999999982,0.030000000000086402
2026-03-29 21:31:36.823470,15.78,86.44,64.05,0.97,995.94,Cloudy,Sunny,21,6,3,29,16.46,85.52,995.96,-0.6800000000000015,-0.01999999999998181
2026-03-29 21:31:38.976944,14.65,85.97,65.13,1.45,995.47,Cloudy,Sunny,21,6,3,29,15.78,86.44,995.94,-1.129999999999999,-0.4700000000000273
2026-03-29 21:31:41.135205,14.38,88.15,67.48,1.6,995.67,Cloudy,Sunny,21,6,3,29,14.65,85.97,995.47,-0.2699999999999996,0.1999999999999318
2026-03-29 21:31:43.336885,15.79,87.62,66.7,1.72,994.27,Cloudy,Sunny,21,6,3,29,14.38,88.15,995.67,1.4099999999999984,-1.3999999999999773
2026-03-29 21:31:45.570127,15.51,87.24,71.43,2.26,996.47,Cloudy,Sunny,21,6,3,29,15.79,87.62,994.27,-0.27999999999999936,2.2000000000000455
2026-03-29 21:31:47.722895,16.19,88.38,73.02,2.54,997.66,Cloudy,Sunny,21,6,3,29,15.51,87.24,996.47,0.6800000000000015,1.1899999999999409
2026-03-29 21:31:49.882324,17.47,88.04,75.45,2.38,999.38,Cloudy,Sunny,21,6,3,29,16.19,88.38,997.66,1.2799999999999976,1.7200000000000273
2026-03-29 21:31:52.025440,17.31,87.67,75.97,2.26,1000.73,Cloudy,Sunny,21,6,3,29,17.47,88.04,999.38,-0.16000000000000014,1.3500000000000227
2026-03-29 21:31:54.186509,16.59,87.94,77.02,2.44,1001.92,Cloudy,Sunny,21,6,3,29,17.31,87.67,1000.73,-0.7199999999999989,1.1899999999999409
2026-03-29 21:31:56.339350,16.74,86.15,73.03,1.88,1001.31,Cloudy,Sunny,21,6,3,29,16.59,87.94,1001.92,0.14999999999999858,-0.6100000000000136
2026-03-29 21:31:58.491901,16.2,85.98,75.36,1.74,999.44,Rainy,Sunny,21,6,3,29,16.74,86.15,1001.31,-0.5399999999999991,-1.8699999999998909
2026-03-29 21:32:00.625969,16.0,88.1,74.55,1.49,999.45,Rainy,Sunny,21,6,3,29,16.2,85.98,999.44,-0.1999999999999993,0.009999999999990905
2026-03-29 21:32:02.781294,19.64,76.99,58.94,2.96,1002.71,Rainy,Sunny,21,6,3,29,16.0,88.1,999.45,3.6400000000000006,3.259999999999991
2026-03-29 21:32:04.921871,22.88,67.83,41.2,4.11,1004.92,Rainy,Sunny,21,6,3,29,19.64,76.99,1002.71,3.2399999999999984,2.2099999999999227
2026-03-29 21:32:07.065672,25.23,60.0,30.22,5.59,1007.24,Sunny,Sunny,21,6,3,29,22.88,67.83,1004.92,2.3500000000000014,2.32000000000005
2026-03-29 21:32:09.221648,28.44,49.35,16.12,7.37,1012.64,Sunny,Sunny,21,6,3,29,25.23,60.0,1007.24,3.210000000000001,5.399999999999977
2026-03-29 21:32:11.351172,30.91,36.65,2.63,9.08,1015.62,Sunny,Cloudy,21,6,3,29,28.44,49.35,1012.64,2.469999999999999,2.980000000000018
2026-03-29 21:32:13.504536,30.0,36.15,2.65,9.41,1014.81,Sunny,Cloudy,21,6,3,29,30.91,36.65,1015.62,-0.9100000000000001,-0.8100000000000591
2026-03-29 21:32:15.659632,30.33,35.9,3.1,9.8,1014.87,Sunny,Cloudy,21,6,3,29,30.0,36.15,1014.81,0.3299999999999983,0.06000000000005912
2026-03-29 21:32:17.812771,30.73,37.42,2.64,10.65,1014.9,Sunny,Cloudy,21,6,3,29,30.33,35.9,1014.87,0.40000000000000213,0.029999999999972715
2026-03-29 21:32:19.953187,31.27,37.5,2.74,10.35,1013.03,Sunny,Cloudy,21,6,3,29,30.73,37.42,1014.9,0.5399999999999991,-1.8700000000000045
2026-03-29 21:32:22.094258,32.14,37.19,3.06,10.33,1013.43,Sunny,Cloudy,21,6,3,29,31.27,37.5,1013.03,0.870000000000001,0.39999999999997726
2026-03-29 21:32:24.250515,33.28,37.05,3.08,10.3,1014.66,Sunny,Cloudy,21,6,3,29,32.14,37.19,1013.43,1.1400000000000006,1.2300000000000182
2026-03-29 21:32:26.411144,33.35,38.93,2.98,10.67,1014.16,Sunny,Cloudy,21,6,3,29,33.28,37.05,1014.66,0.07000000000000028,-0.5
2026-03-29 21:32:28.563683,33.75,36.12,3.91,10.24,1015.08,Sunny,Sunny,21,6,3,29,33.35,38.93,1014.16,0.3999999999999986,0.9200000000000728
2026-03-29 21:32:30.720664,33.4,36.04,3.32,10.63,1016.16,Sunny,Sunny,21,6,3,29,33.75,36.12,1015.08,-0.3500000000000014,1.0799999999999272
2026-03-29 21:32:32.861594,33.33,36.93,3.5,10.38,1014.64,Sunny,Sunny,21,6,3,29,33.4,36.04,1016.16,-0.07000000000000028,-1.5199999999999818
2026-03-29 21:32:35.006543,32.14,36.37,3.02,10.32,1012.78,Sunny,Sunny,21,6,3,29,33.33,36.93,1014.64,-1.1899999999999977,-1.8600000000000136
2026-03-29 21:32:37.160962,31.43,35.32,3.13,9.52,1013.53,Sunny,Sunny,21,6,3,29,32.14,36.37,1012.78,-0.7100000000000009,0.75
2026-03-29 21:32:39.293454,31.33,37.48,2.8,9.78,1012.69,Sunny,Cloudy,21,6,3,29,31.43,35.32,1013.53,-0.10000000000000142,-0.8399999999999181
2026-03-29 21:32:41.485604,30.63,37.86,2.69,9.88,1013.63,Sunny,Cloudy,21,6,3,29,31.33,37.48,1012.69,-0.6999999999999993,0.9399999999999409
2026-03-29 21:32:43.645589,29.98,38.66,2.83,9.79,1013.63,Sunny,Cloudy,21,6,3,29,30.63,37.86,1013.63,-0.6499999999999986,0.0
2026-03-29 21:32:45.799846,29.16,46.25,5.05,8.28,1013.12,Sunny,Cloudy,21,6,3,29,29.98,38.66,1013.63,-0.8200000000000003,-0.5099999999999909
2026-03-29 21:32:47.931570,27.63,51.52,9.42,7.52,1010.5,Sunny,Cloudy,21,6,3,29,29.16,46.25,1013.12,-1.5300000000000011,-2.6200000000000045
2026-03-29 21:32:50.085738,26.1,56.89,14.16,6.09,1009.12,Sunny,Cloudy,21,6,3,29,27.63,51.52,1010.5,-1.5299999999999976,-1.3799999999999955
2026-03-29 21:32:52.231103,24.87,62.86,18.95,4.8,1005.73,Sunny,Cloudy,21,6,3,29,26.1,56.89,1009.12,-1.2300000000000004,-3.3899999999999864
2026-03-29 21:32:54.388161,23.14,66.52,22.96,3.88,1004.37,Sunny,Cloudy,21,6,3,29,24.87,62.86,1005.73,-1.7300000000000004,-1.3600000000000136
2026-03-29 21:32:56.529448,22.76,65.32,26.23,4.35,1004.86,Sunny,Cloudy,21,6,3,29,23.14,66.52,1004.37,-0.379999999999999,0.4900000000000091
2026-03-29 21:32:58.674679,22.38,66.57,26.7,3.91,1005.53,Sunny,Cloudy,21,6,3,29,22.76,65.32,1004.86,-0.38000000000000256,0.6699999999999591
2026-03-29 21:33:00.836153,21.23,66.47,26.22,3.95,1004.84,Sunny,Cloudy,21,6,3,29,22.38,66.57,1005.53,-1.1499999999999986,-0.6899999999999409
2026-03-29 21:33:02.980618,21.42,65.45,26.25,3.54,1005.6,Cloudy,Cloudy,21,6,3,29,21.23,66.47,1004.84,0.19000000000000128,0.7599999999999909
2026-03-29 21:33:05.143934,20.62,65.81,25.69,3.44,1007.01,Cloudy,Cloudy,21,6,3,29,21.42,65.45,1005.6,-0.8000000000000007,1.4099999999999682
2026-03-29 21:33:07.298831,19.62,66.97,24.38,3.35,1005.94,Cloudy,Cloudy,21,6,3,29,20.62,65.81,1007.01,-1.0,-1.0699999999999363
2026-03-29 21:33:09.442834,20.26,67.21,24.14,3.42,1005.48,Cloudy,Cloudy,21,6,3,29,19.62,66.97,1005.94,0.6400000000000006,-0.4600000000000364
2026-03-29 21:33:11.593784,21.3,67.79,22.76,3.48,1006.41,Cloudy,Cloudy,21,6,3,29,20.26,67.21,1005.48,1.0399999999999991,0.92999999999995
2026-03-29 21:33:13.750220,21.03,67.2,22.87,3.56,1006.86,Cloudy,Cloudy,21,6,3,29,21.3,67.79,1006.41,-0.2699999999999996,0.4500000000000455
2026-03-29 21:33:15.892988,22.2,67.2,24.55,3.64,1005.8,Cloudy,Cloudy,21,6,3,29,21.03,67.2,1006.86,1.1699999999999982,-1.0600000000000591
2026-03-29 21:33:18.037132,22.4,67.11,22.96,3.69,1006.78,Cloudy,Cloudy,21,6,3,29,22.2,67.2,1005.8,0.1999999999999993,0.9800000000000182
2026-03-29 21:33:20.189425,22.17,65.47,22.02,3.79,1008.75,Sunny,Cloudy,21,6,3,29,22.4,67.11,1006.78,-0.22999999999999687,1.9700000000000273
2026-03-29 21:33:22.341247,22.5,64.0,21.07,3.77,1008.72,Sunny,Cloudy,21,6,3,29,22.17,65.47,1008.75,0.3299999999999983,-0.029999999999972715
2026-03-29 21:33:24.475225,22.5,65.44,18.55,3.74,1007.99,Sunny,Sunny,21,6,3,29,22.5,64.0,1008.72,0.0,-0.7300000000000182
2026-03-29 21:33:26.607895,22.48,66.93,17.52,3.82,1007.75,Sunny,Sunny,21,6,3,29,22.5,65.44,1007.99,-0.019999999999999574,-0.2400000000000091
2026-03-29 21:33:28.754229,21.6,70.29,24.69,2.98,1004.0,Sunny,Sunny,21,6,3,29,22.48,66.93,1007.75,-0.879999999999999,-3.75
2026-03-29 21:33:30.907413,19.89,74.03,35.3,2.89,1000.74,Cloudy,Sunny,21,6,3,29,21.6,70.29,1004.0,-1.7100000000000009,-3.259999999999991
2026-03-29 21:33:33.062164,18.34,77.05,43.75,2.07,997.59,Cloudy,Sunny,21,6,3,29,19.89,74.03,1000.74,-1.5500000000000007,-3.1499999999999773
2026-03-29 21:33:35.219173,17.46,80.35,55.9,1.68,995.3,Cloudy,Sunny,21,6,3,29,18.34,77.05,997.59,-0.879999999999999,-2.2900000000000773
2026-03-29 21:33:37.355237,16.64,83.23,66.47,1.51,994.75,Cloudy,Sunny,21,6,3,29,17.46,80.35,995.3,-0.8200000000000003,-0.5499999999999545
2026-03-29 21:33:39.509706,16.53,84.13,68.57,1.64,995.35,Cloudy,Sunny,21,6,3,29,16.64,83.23,994.75,-0.10999999999999943,0.6000000000000227
2026-03-29 21:33:41.653217,16.18,84.77,70.88,1.54,996.38,Cloudy,Sunny,21,6,3,29,16.53,84.13,995.35,-0.3500000000000014,1.0299999999999727
2026-03-29 21:33:43.866383,15.83,84.79,69.58,1.69,997.14,Cloudy,Sunny,21,6,3,29,16.18,84.77,996.38,-0.34999999999999964,0.7599999999999909
2026-03-29 21:33:46.025852,15.2,84.6,69.5,1.81,996.73,Cloudy,Sunny,21,6,3,29,15.83,84.79,997.14,-0.6300000000000008,-0.40999999999996817
2026-03-29 21:33:48.208594,13.67,85.66,64.8,1.35,996.56,Cloudy,Sunny,21,6,3,29,15.2,84.6,996.73,-1.5299999999999994,-0.17000000000007276
2026-03-29 21:33:50.444163,14.78,85.27,66.0,1.17,996.05,Cloudy,Sunny,21,6,3,29,13.67,85.66,996.56,1.1099999999999994,-0.5099999999999909
2026-03-29 21:33:52.577018,14.75,85.59,62.21,0.92,996.73,Cloudy,Sunny,21,6,3,29,14.78,85.27,996.05,-0.02999999999999936,0.6800000000000637
2026-03-29 21:33:54.731212,15.4,86.08,63.97,1.11,996.57,Cloudy,Sunny,21,6,3,29,14.75,85.59,996.73,0.6500000000000004,-0.15999999999996817
2026-03-29 21:33:56.862879,15.22,87.79,60.15,0.94,997.55,Cloudy,Sunny,21,6,3,29,15.4,86.08,996.57,-0.17999999999999972,0.9799999999999045
2026-03-29 21:33:58.995620,15.53,88.07,61.31,1.02,996.18,Cloudy,Sunny,21,6,3,29,15.22,87.79,997.55,0.3099999999999987,-1.3700000000000045
2026-03-29 21:34:01.150527,15.34,88.02,62.55,1.2,998.25,Cloudy,Sunny,21,6,3,29,15.53,88.07,996.18,-0.1899999999999995,2.07000000000005
2026-03-29 21:34:03.305368,16.21,87.13,60.62,1.32,996.55,Cloudy,Sunny,21,6,3,29,15.34,88.02,998.25,0.870000000000001,-1.7000000000000455
2026-03-29 21:34:05.457755,16.58,89.32,64.19,1.11,997.2,Cloudy,Sunny,21,6,3,29,16.21,87.13,996.55,0.36999999999999744,0.650000000000091
2026-03-29 21:34:07.611928,17.06,87.48,65.26,0.97,996.33,Cloudy,Sunny,21,6,3,29,16.58,89.32,997.2,0.4800000000000004,-0.8700000000000045
2026-03-29 21:34:09.754651,17.9,86.68,66.27,0.87,997.72,Cloudy,Sunny,21,6,3,29,17.06,87.48,996.33,0.8399999999999999,1.3899999999999864
2026-03-29 21:34:11.887979,20.59,76.93,52.49,2.89,1000.84,Cloudy,Sunny,21,6,3,29,17.9,86.68,997.72,2.6900000000000013,3.1200000000000045
2026-03-29 21:34:14.033504,23.1,67.34,41.07,4.96,1005.02,Cloudy,Cloudy,21,6,3,29,20.59,76.93,1000.84,2.5100000000000016,4.17999999999995
2026-03-29 21:34:16.189401,24.59,55.16,26.57,6.75,1008.33,Sunny,Cloudy,21,6,3,29,23.1,67.34,1005.02,1.4899999999999984,3.310000000000059
2026-03-29 21:34:18.341675,26.95,47.25,15.35,8.61,1012.64,Sunny,Sunny,21,6,3,29,24.59,55.16,1008.33,2.3599999999999994,4.309999999999945
2026-03-29 21:34:20.497471,29.64,38.36,2.89,10.58,1016.34,Sunny,Sunny,21,6,3,29,26.95,47.25,1012.64,2.6900000000000013,3.7000000000000455
2026-03-29 21:34:22.656536,29.7,37.46,2.12,10.3,1016.29,Sunny,Sunny,21,6,3,29,29.64,38.36,1016.34,0.05999999999999872,-0.05000000000006821
2026-03-29 21:34:24.821960,29.71,37.84,2.52,10.15,1016.6,Sunny,Sunny,21,6,3,29,29.7,37.46,1016.29,0.010000000000001563,0.3100000000000591
2026-03-29 21:34:26.975712,31.19,39.88,2.13,9.9,1017.54,Sunny,Sunny,21,6,3,29,29.71,37.84,1016.6,1.4800000000000004,0.9399999999999409
2026-03-29 21:34:29.129370,31.71,38.9,2.11,10.27,1017.82,Sunny,Sunny,21,6,3,29,31.19,39.88,1017.54,0.5199999999999996,0.2800000000000864
2026-03-29 21:34:31.270860,32.21,36.74,2.23,10.18,1015.91,Sunny,Sunny,21,6,3,29,31.71,38.9,1017.82,0.5,-1.9100000000000819
2026-03-29 21:34:33.418713,32.57,36.37,2.96,9.93,1016.41,Sunny,Sunny,21,6,3,29,32.21,36.74,1015.91,0.35999999999999943,0.5
2026-03-29 21:34:35.576450,33.23,36.59,3.33,9.31,1015.7,Sunny,Cloudy,21,6,3,29,32.57,36.37,1016.41,0.6599999999999966,-0.7099999999999227
2026-03-29 21:34:37.730698,31.89,36.39,3.68,9.46,1014.39,Sunny,Cloudy,21,6,3,29,33.23,36.59,1015.7,-1.3399999999999963,-1.3100000000000591
2026-03-29 21:34:39.878513,32.08,36.33,3.21,9.11,1014.21,Sunny,Cloudy,21,6,3,29,31.89,36.39,1014.39,0.18999999999999773,-0.17999999999994998
2026-03-29 21:34:42.023698,31.86,36.41,2.91,8.8,1014.78,Sunny,Cloudy,21,6,3,29,32.08,36.33,1014.21,-0.21999999999999886,0.5699999999999363
2026-03-29 21:34:44.179404,31.32,36.23,3.06,9.47,1014.07,Sunny,Cloudy,21,6,3,29,31.86,36.41,1014.78,-0.5399999999999991,-0.7099999999999227
2026-03-29 21:34:46.331740,31.57,36.72,2.57,9.98,1013.84,Sunny,Cloudy,21,6,3,29,31.32,36.23,1014.07,0.25,-0.2300000000000182
2026-03-29 21:34:48.486372,31.94,36.32,2.74,9.76,1013.64,Sunny,Cloudy,21,6,3,29,31.57,36.72,1013.84,0.370000000000001,-0.20000000000004547
2026-03-29 21:34:50.677367,32.44,36.82,3.21,9.66,1013.64,Sunny,Cloudy,21,6,3,29,31.94,36.32,1013.64,0.49999999999999645,0.0
2026-03-29 21:34:52.830737,32.52,38.88,3.42,10.23,1013.42,Sunny,Cloudy,21,6,3,29,32.44,36.82,1013.64,0.0800000000000054,-0.22000000000002728
2026-03-29 21:34:54.986785,31.24,46.62,5.7,8.41,1012.1,Sunny,Cloudy,21,6,3,29,32.52,38.88,1013.42,-1.2800000000000047,-1.3199999999999363
2026-03-29 21:34:57.142187,29.17,50.97,9.83,6.74,1011.86,Sunny,Cloudy,21,6,3,29,31.24,46.62,1012.1,-2.0699999999999967,-0.2400000000000091
2026-03-29 21:34:59.326425,27.19,56.56,14.65,6.21,1009.59,Sunny,Cloudy,21,6,3,29,29.17,50.97,1011.86,-1.9800000000000004,-2.269999999999982
2026-03-29 21:35:01.517566,24.4,60.96,18.73,5.3,1008.02,Sunny,Cloudy,21,6,3,29,27.19,56.56,1009.59,-2.7900000000000027,-1.57000000000005
2026-03-29 21:35:03.712875,22.01,65.0,22.3,3.59,1005.95,Sunny,Cloudy,21,6,3,29,24.4,60.96,1008.02,-2.389999999999997,-2.0699999999999363
2026-03-29 21:35:05.875097,21.73,64.36,21.52,3.85,1004.63,Cloudy,Cloudy,21,6,3,29,22.01,65.0,1005.95,-0.28000000000000114,-1.32000000000005
2026-03-29 21:35:08.039992,22.16,65.13,22.65,4.28,1003.38,Cloudy,Rainy,21,6,3,29,21.73,64.36,1004.63,0.4299999999999997,-1.25
2026-03-29 21:35:10.193803,21.95,65.12,20.71,4.0,1005.04,Sunny,Rainy,21,6,3,29,22.16,65.13,1003.38,-0.21000000000000085,1.6599999999999682
2026-03-29 21:35:12.343862,22.04,64.66,19.88,3.96,1004.06,Sunny,Cloudy,21,6,3,29,21.95,65.12,1005.04,0.08999999999999986,-0.9800000000000182
2026-03-29 21:35:14.498801,21.9,65.95,21.64,4.42,1004.32,Sunny,Cloudy,21,6,3,29,22.04,64.66,1004.06,-0.14000000000000057,0.2600000000001046
2026-03-29 21:35:16.654972,21.74,65.49,22.81,4.73,1004.84,Sunny,Cloudy,21,6,3,29,21.9,65.95,1004.32,-0.16000000000000014,0.5199999999999818
2026-03-29 21:35:18.799988,21.24,66.28,21.59,4.53,1004.11,Sunny,Rainy,21,6,3,29,21.74,65.49,1004.84,-0.5,-0.7300000000000182
2026-03-29 21:35:20.956276,22.0,67.76,20.85,4.36,1003.28,Sunny,Rainy,21,6,3,29,21.24,66.28,1004.11,0.7600000000000016,-0.8300000000000409
2026-03-29 21:35:23.111314,22.1,70.16,21.74,4.25,1004.39,Sunny,Rainy,21,6,3,29,22.0,67.76,1003.28,0.10000000000000142,1.1100000000000136
2026-03-29 21:35:25.255558,21.74,70.15,18.36,3.82,1004.16,Sunny,Rainy,21,6,3,29,22.1,70.16,1004.39,-0.360000000000003,-0.2300000000000182
2026-03-29 21:35:27.401554,20.92,69.84,16.81,3.33,1004.19,Cloudy,Rainy,21,6,3,29,21.74,70.15,1004.16,-0.8199999999999967,0.030000000000086402
2026-03-29 21:35:29.554917,21.12,69.37,16.74,3.8,1005.77,Cloudy,Cloudy,21,6,3,29,20.92,69.84,1004.19,0.1999999999999993,1.5799999999999272
2026-03-29 21:35:31.712125,20.58,69.29,18.57,3.51,1005.59,Cloudy,Cloudy,21,6,3,29,21.12,69.37,1005.77,-0.5400000000000027,-0.17999999999994998
2026-03-29 21:35:33.868924,20.43,69.67,16.52,3.4,1005.95,Cloudy,Cloudy,21,6,3,29,20.58,69.29,1005.59,-0.14999999999999858,0.36000000000001364
2026-03-29 21:35:36.025444,21.93,70.02,16.79,3.65,1007.48,Cloudy,Sunny,21,6,3,29,20.43,69.67,1005.95,1.5,1.5299999999999727
2026-03-29 21:35:38.179686,20.58,74.02,27.58,3.08,1005.95,Cloudy,Sunny,21,6,3,29,21.93,70.02,1007.48,-1.3500000000000014,-1.5299999999999727
2026-03-29 21:35:40.335063,19.78,77.29,36.23,1.99,1003.57,Cloudy,Sunny,21,6,3,29,20.58,74.02,1005.95,-0.7999999999999972,-2.3799999999999955
2026-03-29 21:35:42.502313,18.63,78.67,41.87,1.75,1002.2,Cloudy,Sunny,21,6,3,29,19.78,77.29,1003.57,-1.1500000000000021,-1.3700000000000045
2026-03-29 21:35:44.660646,18.5,82.45,52.87,1.5,1000.53,Cloudy,Sunny,21,6,3,29,18.63,78.67,1002.2,-0.129999999999999,-1.6700000000000728
2026-03-29 21:35:46.825458,16.32,85.47,61.79,0.99,998.87,Cloudy,Sunny,21,6,3,29,18.5,82.45,1000.53,-2.1799999999999997,-1.6599999999999682
2026-03-29 21:35:48.993477,17.54,85.09,61.72,1.42,998.53,Cloudy,Sunny,21,6,3,29,16.32,85.47,998.87,1.2199999999999989,-0.34000000000003183
2026-03-29 21:35:51.178461,16.86,84.99,63.6,1.95,997.43,Cloudy,Sunny,21,6,3,29,17.54,85.09,998.53,-0.6799999999999997,-1.1000000000000227
2026-03-29 21:35:53.331666,16.37,86.63,64.19,2.07,997.97,Cloudy,Sunny,21,6,3,29,16.86,84.99,997.43,-0.48999999999999844,0.5400000000000773
2026-03-29 21:35:55.556578,15.81,85.73,61.12,1.62,996.11,Cloudy,Sunny,21,6,3,29,16.37,86.63,997.97,-0.5600000000000005,-1.8600000000000136
2026-03-29 21:35:57.714211,16.59,86.24,59.86,1.69,994.17,Cloudy,Sunny,21,6,3,29,15.81,85.73,996.11,0.7799999999999994,-1.9400000000000546
2026-03-29 21:35:59.861136,16.96,86.46,60.23,1.75,994.9,Rainy,Sunny,21,6,3,29,16.59,86.24,994.17,0.370000000000001,0.7300000000000182
2026-03-29 21:36:02.024067,16.58,86.86,56.8,1.61,997.21,Rainy,Sunny,21,6,3,29,16.96,86.46,994.9,-0.38000000000000256,2.310000000000059
2026-03-29 21:36:04.168452,17.2,87.45,61.15,1.56,997.39,Cloudy,Sunny,21,6,3,29,16.58,86.86,997.21,0.620000000000001,0.17999999999994998
2026-03-29 21:36:06.323742,17.39,86.3,65.42,1.74,999.25,Cloudy,Sunny,21,6,3,29,17.2,87.45,997.39,0.19000000000000128,1.8600000000000136
2026-03-29 21:36:08.466594,16.79,87.85,72.38,1.53,1000.07,Cloudy,Sunny,21,6,3,29,17.39,86.3,999.25,-0.6000000000000014,0.82000000000005
2026-03-29 21:36:10.611407,16.81,88.83,74.2,1.06,998.83,Rainy,Sunny,21,6,3,29,16.79,87.85,1000.07,0.019999999999999574,-1.240000000000009
2026-03-29 21:36:12.772484,17.01,90.64,74.54,1.23,997.06,Rainy,Sunny,21,6,3,29,16.81,88.83,998.83,0.20000000000000284,-1.7700000000000955
2026-03-29 21:36:14.928782,17.81,88.2,73.4,1.31,996.62,Rainy,Sunny,21,6,3,29,17.01,90.64,997.06,0.7999999999999972,-0.4399999999999409
2026-03-29 21:36:17.071350,16.91,88.6,73.13,1.19,995.11,Rainy,Sunny,21,6,3,29,17.81,88.2,996.62,-0.8999999999999986,-1.509999999999991
2026-03-29 21:36:19.213804,16.21,87.5,67.45,1.6,996.11,Rainy,Sunny,21,6,3,29,16.91,88.6,995.11,-0.6999999999999993,1.0
2026-03-29 21:36:21.355507,18.29,76.53,52.63,3.26,1000.38,Cloudy,Sunny,21,6,3,29,16.21,87.5,996.11,2.0799999999999983,4.269999999999982
2026-03-29 21:36:23.509278,21.3,65.49,41.15,4.37,1005.31,Cloudy,Cloudy,21,6,3,29,18.29,76.53,1000.38,3.0100000000000016,4.92999999999995
2026-03-29 21:36:25.663315,23.7,57.82,27.12,5.78,1008.12,Cloudy,Cloudy,21,6,3,29,21.3,65.49,1005.31,2.3999999999999986,2.810000000000059
2026-03-29 21:36:27.815850,27.86,49.14,12.5,8.13,1012.44,Sunny,Cloudy,21,6,3,29,23.7,57.82,1008.12,4.16,4.32000000000005
2026-03-29 21:36:29.968262,31.16,38.81,1.46,9.41,1015.27,Sunny,Sunny,21,6,3,29,27.86,49.14,1012.44,3.3000000000000007,2.8299999999999272
2026-03-29 21:36:32.099534,31.39,40.4,1.59,9.65,1014.48,Sunny,Sunny,21,6,3,29,31.16,38.81,1015.27,0.23000000000000043,-0.7899999999999636
2026-03-29 21:36:34.240814,31.47,39.67,1.91,9.76,1012.95,Sunny,Sunny,21,6,3,29,31.39,40.4,1014.48,0.0799999999999983,-1.5299999999999727
2026-03-29 21:36:36.385517,31.35,39.37,1.84,10.24,1013.54,Sunny,Cloudy,21,6,3,29,31.47,39.67,1012.95,-0.11999999999999744,0.5899999999999181
2026-03-29 21:36:38.543523,30.87,37.65,2.41,10.13,1012.81,Sunny,Cloudy,21,6,3,29,31.35,39.37,1013.54,-0.4800000000000004,-0.7300000000000182
2026-03-29 21:36:40.698625,30.62,37.27,2.43,10.17,1011.92,Sunny,Cloudy,21,6,3,29,30.87,37.65,1012.81,-0.25,-0.8899999999999864
2026-03-29 21:36:42.870891,30.17,35.59,2.64,10.0,1012.27,Sunny,Cloudy,21,6,3,29,30.62,37.27,1011.92,-0.4499999999999993,0.35000000000002274
2026-03-29 21:36:45.037671,30.09,35.48,3.12,9.95,1012.61,Sunny,Cloudy,21,6,3,29,30.17,35.59,1012.27,-0.08000000000000185,0.34000000000003183
2026-03-29 21:36:47.192705,30.42,33.63,2.96,9.63,1013.07,Sunny,Cloudy,21,6,3,29,30.09,35.48,1012.61,0.33000000000000185,0.4600000000000364
2026-03-29 21:36:49.348786,29.95,33.32,3.02,9.17,1014.11,Sunny,Sunny,21,6,3,29,30.42,33.63,1013.07,-0.4700000000000024,1.0399999999999636
2026-03-29 21:36:51.509219,30.54,34.52,2.58,9.27,1015.4,Sunny,Cloudy,21,6,3,29,29.95,33.32,1014.11,0.5899999999999999,1.2899999999999636
2026-03-29 21:36:53.661309,30.59,36.39,2.16,9.36,1016.13,Sunny,Cloudy,21,6,3,29,30.54,34.52,1015.4,0.05000000000000071,0.7300000000000182
2026-03-29 21:36:55.876676,30.82,37.45,2.03,10.01,1015.84,Sunny,Cloudy,21,6,3,29,30.59,36.39,1016.13,0.23000000000000043,-0.2899999999999636
2026-03-29 21:36:58.035781,30.24,39.17,2.55,9.77,1015.99,Sunny,Cloudy,21,6,3,29,30.82,37.45,1015.84,-0.5800000000000018,0.14999999999997726
2026-03-29 21:37:00.234317,30.57,40.91,2.36,9.9,1016.49,Sunny,Cloudy,21,6,3,29,30.24,39.17,1015.99,0.33000000000000185,0.5
2026-03-29 21:37:02.464945,31.11,41.55,2.77,9.65,1015.29,Sunny,Cloudy,21,6,3,29,30.57,40.91,1016.49,0.5399999999999991,-1.2000000000000455
2026-03-29 21:37:04.625164,30.02,47.41,5.51,8.76,1014.31,Sunny,Cloudy,21,6,3,29,31.11,41.55,1015.29,-1.0899999999999999,-0.9800000000000182
2026-03-29 21:37:06.783859,27.44,54.37,6.99,6.84,1012.55,Sunny,Cloudy,21,6,3,29,30.02,47.41,1014.31,-2.5799999999999983,-1.759999999999991
2026-03-29 21:37:08.917603,26.02,59.69,9.33,6.33,1010.87,Sunny,Cloudy,21,6,3,29,27.44,54.37,1012.55,-1.4200000000000017,-1.67999999999995
2026-03-29 21:37:11.088278,23.62,66.7,11.9,4.89,1008.21,Sunny,Cloudy,21,6,3,29,26.02,59.69,1010.87,-2.3999999999999986,-2.659999999999968
2026-03-29 21:37:13.250563,21.95,72.34,13.83,3.54,1006.47,Sunny,Cloudy,21,6,3,29,23.62,66.7,1008.21,-1.6700000000000017,-1.740000000000009
2026-03-29 21:37:15.405786,21.66,71.97,15.5,3.5,1005.23,Cloudy,Cloudy,21,6,3,29,21.95,72.34,1006.47,-0.28999999999999915,-1.240000000000009
2026-03-29 21:37:17.615223,22.33,68.77,17.54,4.08,1006.44,Cloudy,Rainy,21,6,3,29,21.66,71.97,1005.23,0.6699999999999982,1.2100000000000364
2026-03-29 21:37:19.772678,21.42,70.45,19.98,3.61,1005.04,Cloudy,Rainy,21,6,3,29,22.33,68.77,1006.44,-0.9099999999999966,-1.400000000000091
2026-03-29 21:37:21.958957,22.09,69.73,21.62,3.95,1004.04,Sunny,Rainy,21,6,3,29,21.42,70.45,1005.04,0.6699999999999982,-1.0
2026-03-29 21:37:24.102750,21.46,68.47,21.68,4.04,1004.75,Sunny,Rainy,21,6,3,29,22.09,69.73,1004.04,-0.629999999999999,0.7100000000000364
2026-03-29 21:37:26.258466,20.94,67.73,21.07,3.69,1004.53,Sunny,Rainy,21,6,3,29,21.46,68.47,1004.75,-0.5199999999999996,-0.22000000000002728
2026-03-29 21:37:28.412727,21.5,69.56,22.24,3.41,1004.2,Cloudy,Rainy,21,6,3,29,20.94,67.73,1004.53,0.5599999999999987,-0.32999999999992724
2026-03-29 21:37:30.557731,22.3,68.59,21.47,3.32,1005.16,Cloudy,Rainy,21,6,3,29,21.5,69.56,1004.2,0.8000000000000007,0.9599999999999227
2026-03-29 21:37:32.702950,21.7,68.4,21.76,3.51,1006.19,Cloudy,Cloudy,21,6,3,29,22.3,68.59,1005.16,-0.6000000000000014,1.0300000000000864
2026-03-29 21:37:34.837156,22.18,69.22,25.07,3.54,1005.69,Cloudy,Cloudy,21,6,3,29,21.7,68.4,1006.19,0.4800000000000004,-0.5
2026-03-29 21:37:36.993315,22.26,70.01,26.02,3.65,1007.01,Cloudy,Cloudy,21,6,3,29,22.18,69.22,1005.69,0.08000000000000185,1.3199999999999363
2026-03-29 21:37:39.150179,21.38,69.56,26.12,3.87,1005.36,Cloudy,Cloudy,21,6,3,29,22.26,70.01,1007.01,-0.8800000000000026,-1.6499999999999773
2026-03-29 21:37:41.297111,22.01,69.73,23.86,4.21,1004.22,Sunny,Cloudy,21,6,3,29,21.38,69.56,1005.36,0.6300000000000026,-1.1399999999999864
2026-03-29 21:37:43.454754,21.59,69.37,23.5,3.75,1005.2,Cloudy,Cloudy,21,6,3,29,22.01,69.73,1004.22,-0.4200000000000017,0.9800000000000182
2026-03-29 21:37:45.628957,21.24,68.8,22.87,3.69,1006.37,Cloudy,Sunny,21,6,3,29,21.59,69.37,1005.2,-0.3500000000000014,1.169999999999959
2026-03-29 21:37:47.784162,19.65,73.5,30.73,3.36,1003.57,Cloudy,Sunny,21,6,3,29,21.24,68.8,1006.37,-1.5899999999999999,-2.7999999999999545
2026-03-29 21:37:50.071347,18.98,76.65,36.09,2.55,1001.83,Cloudy,Sunny,21,6,3,29,19.65,73.5,1003.57,-0.6699999999999982,-1.740000000000009
2026-03-29 21:37:52.266103,17.73,80.84,44.16,1.55,1000.5,Cloudy,Sunny,21,6,3,29,18.98,76.65,1001.83,-1.25,-1.330000000000041
2026-03-29 21:37:54.495312,17.67,84.68,53.4,1.48,998.35,Cloudy,Sunny,21,6,3,29,17.73,80.84,1000.5,-0.05999999999999872,-2.1499999999999773
2026-03-29 21:37:56.661886,16.5,87.38,58.55,1.34,995.23,Cloudy,Sunny,21,6,3,29,17.67,84.68,998.35,-1.1700000000000017,-3.1200000000000045
2026-03-29 21:37:58.858843,17.16,86.91,61.33,1.36,994.91,Cloudy,Sunny,21,6,3,29,16.5,87.38,995.23,0.6600000000000001,-0.32000000000005
2026-03-29 21:38:01.043919,17.33,88.93,64.89,1.46,997.53,Cloudy,Sunny,21,6,3,29,17.16,86.91,994.91,0.16999999999999815,2.6200000000000045
2026-03-29 21:38:03.198851,16.36,87.28,69.38,1.77,998.19,Cloudy,Sunny,21,6,3,29,17.33,88.93,997.53,-0.9699999999999989,0.6600000000000819
2026-03-29 21:38:05.449395,15.49,87.86,71.9,1.7,997.53,Cloudy,Sunny,21,6,3,29,16.36,87.28,998.19,-0.8699999999999992,-0.6600000000000819
2026-03-29 21:38:07.631145,15.58,87.6,79.34,1.63,999.21,Cloudy,Sunny,21,6,3,29,15.49,87.86,997.53,0.08999999999999986,1.6800000000000637
2026-03-29 21:38:09.802340,14.85,86.39,80.21,1.26,999.98,Rainy,Sunny,21,6,3,29,15.58,87.6,999.21,-0.7300000000000004,0.7699999999999818
2026-03-29 21:38:11.978918,13.93,86.37,80.42,1.15,999.67,Rainy,Sunny,21,6,3,29,14.85,86.39,999.98,-0.9199999999999999,-0.3100000000000591
2026-03-29 21:38:14.149126,14.56,88.57,80.58,1.14,999.88,Rainy,Sunny,21,6,3,29,13.93,86.37,999.67,0.6300000000000008,0.21000000000003638
2026-03-29 21:38:16.310971,15.97,87.98,75.43,1.01,999.46,Rainy,Sunny,21,6,3,29,14.56,88.57,999.88,1.4100000000000001,-0.4199999999999591
2026-03-29 21:38:18.473053,15.13,88.04,68.31,0.82,998.74,Rainy,Sunny,21,6,3,29,15.97,87.98,999.46,-0.8399999999999999,-0.7200000000000273
2026-03-29 21:38:20.659081,16.65,89.82,69.46,1.18,997.84,Rainy,Sunny,21,6,3,29,15.13,88.04,998.74,1.5199999999999978,-0.8999999999999773
2026-03-29 21:38:22.812558,16.53,88.41,65.04,1.46,996.16,Rainy,Sunny,21,6,3,29,16.65,89.82,997.84,-0.11999999999999744,-1.6800000000000637
2026-03-29 21:38:24.946081,16.27,86.73,61.99,1.6,995.01,Cloudy,Sunny,21,6,3,29,16.53,88.41,996.16,-0.26000000000000156,-1.1499999999999773
2026-03-29 21:38:27.090113,14.83,85.91,68.27,1.71,994.03,Cloudy,Sunny,21,6,3,29,16.27,86.73,995.01,-1.4399999999999995,-0.9800000000000182
2026-03-29 21:38:29.233498,15.08,88.7,71.7,2.2,995.29,Cloudy,Sunny,21,6,3,29,14.83,85.91,994.03,0.25,1.259999999999991
2026-03-29 21:38:31.377865,17.89,78.25,54.78,3.62,999.05,Cloudy,Sunny,21,6,3,29,15.08,88.7,995.29,2.8100000000000005,3.759999999999991
2026-03-29 21:38:33.524452,22.24,69.52,45.33,5.49,1003.87,Cloudy,Sunny,21,6,3,29,17.89,78.25,999.05,4.349999999999998,4.82000000000005
2026-03-29 21:38:35.675866,25.75,60.3,33.25,7.32,1007.38,Cloudy,Sunny,21,6,3,29,22.24,69.52,1003.87,3.5100000000000016,3.509999999999991
2026-03-29 21:38:37.821168,29.34,49.68,15.78,8.54,1011.47,Sunny,Sunny,21,6,3,29,25.75,60.3,1007.38,3.59,4.090000000000032
2026-03-29 21:38:39.974299,32.03,39.17,2.1,9.85,1014.15,Sunny,Sunny,21,6,3,29,29.34,49.68,1011.47,2.6900000000000013,2.67999999999995
2026-03-29 21:38:42.117856,32.24,39.32,2.88,10.12,1015.08,Sunny,Sunny,21,6,3,29,32.03,39.17,1014.15,0.21000000000000085,0.9300000000000637
2026-03-29 21:58:08.830854,30.48,35.11,3.65,9.52,1017.9,Sunny,Sunny,21,6,3,29,32.24,39.32,1015.08,-1.7600000000000016,2.8199999999999363
2026-03-29 21:58:10.974867,32.54,34.02,3.54,9.84,1017.58,Sunny,Sunny,21,6,3,29,30.48,35.11,1017.9,2.0599999999999987,-0.31999999999993634
2026-03-29 21:58:13.132398,32.81,32.79,2.16,9.33,1017.92,Sunny,Sunny,21,6,3,29,32.54,34.02,1017.58,0.2700000000000031,0.33999999999991815
2026-03-29 21:58:15.287346,32.01,34.14,2.6,9.72,1017.5,Sunny,Sunny,21,6,3,29,32.81,32.79,1017.92,-0.8000000000000043,-0.4199999999999591
2026-03-29 21:58:17.419894,31.82,35.92,2.6,9.35,1016.77,Sunny,Sunny,21,6,3,29,32.01,34.14,1017.5,-0.18999999999999773,-0.7300000000000182
2026-03-29 21:58:19.551111,32.75,37.12,2.66,9.63,1015.83,Sunny,Sunny,21,6,3,29,31.82,35.92,1016.77,0.9299999999999997,-0.9399999999999409
2026-03-29 21:58:21.681687,32.75,37.2,2.24,9.25,1015.86,Sunny,Sunny,21,6,3,29,32.75,37.12,1015.83,0.0,0.029999999999972715
2026-03-29 21:58:23.863535,31.99,38.32,2.9,9.54,1014.36,Sunny,Sunny,21,6,3,29,32.75,37.2,1015.86,-0.7600000000000016,-1.5
2026-03-29 21:58:26.019616,31.99,38.75,2.47,9.52,1014.28,Sunny,Sunny,21,6,3,29,31.99,38.32,1014.36,0.0,-0.08000000000004093
2026-03-29 21:58:28.174917,31.56,38.16,2.64,9.73,1013.89,Sunny,Sunny,21,6,3,29,31.99,38.75,1014.28,-0.4299999999999997,-0.38999999999998636
2026-03-29 21:58:30.295983,31.0,37.03,2.28,9.51,1014.27,Sunny,Sunny,21,6,3,29,31.56,38.16,1013.89,-0.5599999999999987,0.37999999999999545
2026-03-29 21:58:32.428329,30.71,36.76,2.33,10.11,1012.81,Sunny,Sunny,21,6,3,29,31.0,37.03,1014.27,-0.28999999999999915,-1.4600000000000364
2026-03-29 21:58:34.559993,31.43,36.43,2.57,10.31,1013.97,Sunny,Sunny,21,6,3,29,30.71,36.76,1012.81,0.7199999999999989,1.1600000000000819
2026-03-29 21:58:36.690097,31.89,35.13,2.32,10.28,1013.83,Sunny,Sunny,21,6,3,29,31.43,36.43,1013.97,0.46000000000000085,-0.13999999999998636
2026-03-29 21:58:38.813404,32.18,34.25,1.93,10.13,1013.71,Sunny,Sunny,21,6,3,29,31.89,35.13,1013.83,0.28999999999999915,-0.12000000000000455
2026-03-29 21:58:40.945601,32.77,33.74,1.86,10.47,1014.47,Sunny,Cloudy,21,6,3,29,32.18,34.25,1013.71,0.5900000000000034,0.7599999999999909
2026-03-29 21:58:43.090241,32.09,36.44,2.32,10.46,1015.28,Sunny,Cloudy,21,6,3,29,32.77,33.74,1014.47,-0.6799999999999997,0.8099999999999454
2026-03-29 21:58:45.232915,31.38,37.94,1.78,10.55,1014.17,Sunny,Cloudy,21,6,3,29,32.09,36.44,1015.28,-0.7100000000000044,-1.1100000000000136
2026-03-29 21:58:47.353700,31.75,38.3,1.7,10.63,1013.11,Sunny,Cloudy,21,6,3,29,31.38,37.94,1014.17,0.370000000000001,-1.0599999999999454
2026-03-29 21:58:49.483823,29.94,43.65,6.97,9.63,1012.74,Sunny,Cloudy,21,6,3,29,31.75,38.3,1013.11,-1.8099999999999987,-0.37000000000000455
2026-03-29 21:58:51.603542,27.97,49.73,8.91,8.19,1011.24,Sunny,Cloudy,21,6,3,29,29.94,43.65,1012.74,-1.9700000000000024,-1.5
2026-03-29 21:58:53.735579,27.06,53.37,13.87,6.93,1010.0,Sunny,Cloudy,21,6,3,29,27.97,49.73,1011.24,-0.9100000000000001,-1.240000000000009
2026-03-29 21:58:55.878332,25.83,59.76,18.79,5.56,1009.97,Sunny,Cloudy,21,6,3,29,27.06,53.37,1010.0,-1.2300000000000004,-0.029999999999972715
2026-03-29 21:58:58.052731,23.47,66.09,24.04,3.91,1008.64,Sunny,Cloudy,21,6,3,29,25.83,59.76,1009.97,-2.3599999999999994,-1.330000000000041
2026-03-29 21:59:00.184755,23.82,67.25,22.83,3.85,1008.73,Sunny,Cloudy,21,6,3,29,23.47,66.09,1008.64,0.3500000000000014,0.09000000000003183
2026-03-29 21:59:02.306086,22.57,67.24,26.45,3.89,1007.44,Sunny,Cloudy,21,6,3,29,23.82,67.25,1008.73,-1.25,-1.2899999999999636
2026-03-29 21:59:04.425947,22.24,67.98,24.42,3.99,1008.13,Sunny,Cloudy,21,6,3,29,22.57,67.24,1007.44,-0.33000000000000185,0.6899999999999409
2026-03-29 21:59:06.545127,21.86,67.86,24.44,4.24,1007.34,Sunny,Cloudy,21,6,3,29,22.24,67.98,1008.13,-0.379999999999999,-0.7899999999999636
2026-03-29 21:59:08.687024,21.61,67.39,24.02,4.36,1008.4,Sunny,Cloudy,21,6,3,29,21.86,67.86,1007.34,-0.25,1.0599999999999454
2026-03-29 21:59:10.809900,20.94,65.73,22.64,4.75,1008.41,Sunny,Cloudy,21,6,3,29,21.61,67.39,1008.4,-0.6699999999999982,0.009999999999990905
2026-03-29 21:59:12.930039,21.39,66.62,21.71,4.83,1008.48,Sunny,Cloudy,21,6,3,29,20.94,65.73,1008.41,0.4499999999999993,0.07000000000005002
2026-03-29 21:59:15.097431,20.56,66.39,20.87,4.87,1008.19,Sunny,Cloudy,21,6,3,29,21.39,66.62,1008.48,-0.8300000000000018,-0.2899999999999636
2026-03-29 21:59:17.238965,20.87,65.52,21.68,4.47,1007.43,Sunny,Cloudy,21,6,3,29,20.56,66.39,1008.19,0.3100000000000023,-0.7600000000001046
2026-03-29 21:59:19.361289,20.64,67.26,20.11,4.94,1006.11,Sunny,Cloudy,21,6,3,29,20.87,65.52,1007.43,-0.23000000000000043,-1.3199999999999363
2026-03-29 21:59:21.521843,21.3,69.87,22.37,5.16,1005.96,Sunny,Cloudy,21,6,3,29,20.64,67.26,1006.11,0.6600000000000001,-0.14999999999997726
2026-03-29 21:59:23.683738,21.19,68.4,19.95,4.68,1006.5,Sunny,Cloudy,21,6,3,29,21.3,69.87,1005.96,-0.10999999999999943,0.5399999999999636
2026-03-29 22:07:54.519264,21.04,67.52,22.63,4.12,1006.42,Sunny,Cloudy,22,6,3,29,21.19,68.4,1006.5,-0.15000000000000213,-0.08000000000004093
2026-03-29 22:07:56.702752,20.42,67.42,19.77,4.4,1006.64,Sunny,Cloudy,22,6,3,29,21.04,67.52,1006.42,-0.6199999999999974,0.22000000000002728
2026-03-29 22:07:58.901846,20.37,66.44,19.9,3.87,1007.81,Sunny,Cloudy,22,6,3,29,20.42,67.42,1006.64,-0.05000000000000071,1.169999999999959
2026-03-29 22:08:01.095395,19.76,68.62,24.95,3.28,1005.85,Cloudy,Cloudy,22,6,3,29,20.37,66.44,1007.81,-0.6099999999999994,-1.9599999999999227
2026-03-29 22:08:03.310153,18.24,73.76,36.49,3.14,1002.5,Cloudy,Cloudy,22,6,3,29,19.76,68.62,1005.85,-1.5200000000000031,-3.3500000000000227
2026-03-29 22:08:05.512434,17.48,80.4,45.53,2.94,999.03,Cloudy,Cloudy,22,6,3,29,18.24,73.76,1002.5,-0.759999999999998,-3.4700000000000273
2026-03-29 22:08:07.761541,16.23,82.94,54.88,2.0,997.82,Cloudy,Cloudy,22,6,3,29,17.48,80.4,999.03,-1.25,-1.2099999999999227
2026-03-29 22:08:09.916095,16.01,87.74,63.2,1.65,996.43,Cloudy,Cloudy,22,6,3,29,16.23,82.94,997.82,-0.21999999999999886,-1.3900000000001
2026-03-29 22:08:12.191133,15.14,88.39,67.39,1.36,996.76,Cloudy,Cloudy,22,6,3,29,16.01,87.74,996.43,-0.870000000000001,0.3300000000000409
2026-03-29 22:08:14.364497,15.61,87.51,64.37,1.56,998.61,Cloudy,Cloudy,22,6,3,29,15.14,88.39,996.76,0.46999999999999886,1.8500000000000227
2026-03-29 22:08:16.561157,15.06,84.79,63.51,1.78,1000.88,Cloudy,Cloudy,22,6,3,29,15.61,87.51,998.61,-0.5499999999999989,2.269999999999982
2026-03-29 22:08:18.730408,15.55,87.14,61.45,2.22,1000.89,Cloudy,Cloudy,22,6,3,29,15.06,84.79,1000.88,0.4900000000000002,0.009999999999990905
2026-03-29 22:08:20.887484,14.53,87.7,67.44,2.53,1001.46,Cloudy,Cloudy,22,6,3,29,15.55,87.14,1000.89,-1.0200000000000014,0.57000000000005
2026-03-29 22:08:23.046492,15.3,88.61,70.78,2.42,1000.78,Cloudy,Cloudy,22,6,3,29,14.53,87.7,1001.46,0.7700000000000014,-0.6800000000000637
2026-03-29 22:08:25.204436,14.95,90.77,76.1,2.29,1001.27,Cloudy,Cloudy,22,6,3,29,15.3,88.61,1000.78,-0.3500000000000014,0.4900000000000091
2026-03-30 02:38:17.544087,29.9,78.5,0.0,0.0,1004.79,Cloudy,Cloudy,2,0,3,30,14.95,90.77,1001.27,14.95,3.519999999999982
2026-03-30 02:38:19.434849,29.9,78.55,0.0,0.0,1004.8,Cloudy,Cloudy,2,0,3,30,29.9,78.5,1004.79,0.0,0.009999999999990905
2026-03-30 02:38:21.516412,29.9,78.57,0.0,0.0,1004.79,Cloudy,Cloudy,2,0,3,30,29.9,78.55,1004.8,0.0,-0.009999999999990905
2026-03-30 02:38:23.588460,29.9,78.57,0.0,0.0,1004.79,Cloudy,Cloudy,2,0,3,30,29.9,78.57,1004.79,0.0,0.0
2026-03-30 02:38:25.583197,29.9,78.56,0.0,0.0,1004.78,Cloudy,Cloudy,2,0,3,30,29.9,78.57,1004.79,0.0,-0.009999999999990905
2026-03-30 02:38:30.205588,29.9,78.56,0.0,0.0,1004.78,Cloudy,Cloudy,2,0,3,30,29.9,78.56,1004.78,0.0,0.0
2026-03-30 02:38:30.676519,29.9,78.56,0.0,0.0,1004.77,Cloudy,Cloudy,2,0,3,30,29.9,78.56,1004.78,0.0,-0.009999999999990905
2026-03-30 02:38:31.860621,29.9,78.56,0.0,0.0,1004.77,Cloudy,Cloudy,2,0,3,30,29.9,78.56,1004.77,0.0,0.0
2026-03-30 02:38:33.872707,29.9,78.56,0.0,0.0,1004.77,Cloudy,Cloudy,2,0,3,30,29.9,78.56,1004.77,0.0,0.0
2026-03-30 02:38:35.935107,29.9,78.58,0.0,0.0,1004.79,Cloudy,Cloudy,2,0,3,30,29.9,78.56,1004.77,0.0,0.01999999999998181
2026-03-30 02:38:37.996974,29.9,78.6,0.0,0.0,1004.78,Cloudy,Cloudy,2,0,3,30,29.9,78.58,1004.79,0.0,-0.009999999999990905
2026-03-30 02:38:40.093780,29.9,78.6,0.0,0.0,1004.79,Cloudy,Cloudy,2,0,3,30,29.9,78.6,1004.78,0.0,0.009999999999990905
2026-03-30 02:38:44.860151,29.9,78.6,0.0,0.0,1004.8,Cloudy,Cloudy,2,0,3,30,29.9,78.6,1004.79,0.0,0.009999999999990905
2026-03-30 02:38:45.394535,29.9,78.6,0.0,0.0,1004.8,Cloudy,Cloudy,2,0,3,30,29.9,78.6,1004.8,0.0,0.0
2026-03-30 02:38:46.320667,29.9,78.6,0.0,0.0,1004.81,Cloudy,Cloudy,2,0,3,30,29.9,78.6,1004.8,0.0,0.009999999999990905
2026-03-30 02:38:48.545072,29.9,78.6,0.0,0.0,1004.81,Cloudy,Cloudy,2,0,3,30,29.9,78.6,1004.81,0.0,0.0
2026-03-30 02:38:50.403997,29.9,78.6,0.0,0.0,1004.81,Cloudy,Cloudy,2,0,3,30,29.9,78.6,1004.81,0.0,0.0
2026-03-30 02:38:52.451840,29.9,78.6,0.0,0.0,1004.8,Cloudy,Cloudy,2,0,3,30,29.9,78.6,1004.81,0.0,-0.009999999999990905
2026-03-30 02:38:54.466304,29.9,78.6,0.0,0.0,1004.8,Cloudy,Cloudy,2,0,3,30,29.9,78.6,1004.8,0.0,0.0
2026-03-30 02:38:56.579665,29.9,78.6,0.0,0.0,1004.8,Cloudy,Cloudy,2,0,3,30,29.9,78.6,1004.8,0.0,0.0
2026-03-30 02:39:00.610646,29.9,78.6,0.0,0.0,1004.81,Cloudy,Cloudy,2,0,3,30,29.9,78.6,1004.8,0.0,0.009999999999990905
2026-03-30 02:39:01.066697,29.9,78.6,0.0,0.0,1004.8,Cloudy,Cloudy,2,0,3,30,29.9,78.6,1004.81,0.0,-0.009999999999990905
2026-03-30 02:39:02.769846,29.9,78.6,0.0,0.0,1004.8,Cloudy,Cloudy,2,0,3,30,29.9,78.6,1004.8,0.0,0.0
2026-03-30 02:39:04.734790,29.9,78.6,0.0,0.0,1004.81,Cloudy,Cloudy,2,0,3,30,29.9,78.6,1004.8,0.0,0.009999999999990905
2026-03-30 02:39:06.889780,29.9,78.6,0.0,0.0,1004.81,Cloudy,Cloudy,2,0,3,30,29.9,78.6,1004.81,0.0,0.0
2026-03-30 02:39:08.866952,29.9,78.58,0.0,0.0,1004.81,Cloudy,Cloudy,2,0,3,30,29.9,78.6,1004.81,0.0,0.0
2026-03-30 02:39:10.974700,29.9,78.58,0.0,0.0,1004.82,Cloudy,Cloudy,2,0,3,30,29.9,78.58,1004.81,0.0,0.010000000000104592
2026-03-30 02:39:15.311784,29.9,78.58,0.0,0.0,1004.83,Cloudy,Model not loaded,2,0,3,30,29.9,78.58,1004.82,0.0,0.009999999999990905
2026-03-30 02:39:15.735382,29.9,78.58,0.0,0.0,1004.83,Cloudy,Model not loaded,2,0,3,30,29.9,78.58,1004.83,0.0,0.0
2026-03-30 02:39:17.327060,29.9,78.58,0.0,0.0,1004.84,Cloudy,Model not loaded,2,0,3,30,29.9,78.58,1004.83,0.0,0.009999999999990905
2026-03-30 02:39:19.196442,29.9,78.6,0.0,0.0,1004.84,Cloudy,Model not loaded,2,0,3,30,29.9,78.58,1004.84,0.0,0.0
2026-03-30 02:39:21.220843,29.9,78.6,0.0,0.0,1004.83,Cloudy,Model not loaded,2,0,3,30,29.9,78.6,1004.84,0.0,-0.009999999999990905
2026-03-30 02:39:23.263357,29.9,78.6,0.0,0.0,1004.83,Cloudy,Model not loaded,2,0,3,30,29.9,78.6,1004.83,0.0,0.0
2026-03-30 02:39:25.337494,29.9,78.58,0.0,0.0,1004.84,Cloudy,Model not loaded,2,0,3,30,29.9,78.6,1004.83,0.0,0.009999999999990905
2026-03-30 02:39:30.137379,29.9,78.58,0.0,0.0,1004.83,Cloudy,Model not loaded,2,0,3,30,29.9,78.58,1004.84,0.0,-0.009999999999990905
2026-03-30 02:39:30.493656,29.88,78.58,0.0,0.0,1004.83,Cloudy,Model not loaded,2,0,3,30,29.9,78.58,1004.83,-0.019999999999999574,0.0
2026-03-30 02:39:31.558171,29.86,78.56,0.0,0.0,1004.83,Cloudy,Model not loaded,2,0,3,30,29.88,78.58,1004.83,-0.019999999999999574,0.0
2026-03-30 02:39:33.604920,29.84,78.56,0.0,0.0,1004.83,Cloudy,Model not loaded,2,0,3,30,29.86,78.56,1004.83,-0.019999999999999574,0.0
2026-03-30 02:39:35.645895,29.82,78.58,0.0,0.0,1004.83,Cloudy,Model not loaded,2,0,3,30,29.84,78.56,1004.83,-0.019999999999999574,0.0
2026-03-30 02:39:37.744041,29.8,78.58,0.0,0.0,1004.83,Cloudy,Model not loaded,2,0,3,30,29.82,78.58,1004.83,-0.019999999999999574,0.0
2026-03-30 02:39:39.932695,29.8,78.58,0.0,0.0,1004.84,Cloudy,Model not loaded,2,0,3,30,29.8,78.58,1004.83,0.0,0.009999999999990905
2026-03-30 02:39:41.891897,29.8,78.6,0.0,0.0,1004.84,Cloudy,Model not loaded,2,0,3,30,29.8,78.58,1004.84,0.0,0.0
2026-03-30 02:39:45.341558,29.8,78.6,0.0,0.0,1004.84,Cloudy,Model not loaded,2,0,3,30,29.8,78.6,1004.84,0.0,0.0
2026-03-30 02:39:45.998386,29.8,78.6,0.0,0.0,1004.82,Cloudy,Model not loaded,2,0,3,30,29.8,78.6,1004.84,0.0,-0.01999999999998181
2026-03-30 02:39:48.118863,29.8,78.6,0.0,0.0,1004.83,Cloudy,Model not loaded,2,0,3,30,29.8,78.6,1004.82,0.0,0.009999999999990905
2026-03-30 02:39:50.124921,29.8,78.64,0.0,0.0,1004.83,Cloudy,Model not loaded,2,0,3,30,29.8,78.6,1004.83,0.0,0.0
2026-03-30 02:39:52.140822,29.8,78.68,0.0,0.0,1004.83,Cloudy,Model not loaded,2,0,3,30,29.8,78.64,1004.83,0.0,0.0
2026-03-30 02:39:54.213800,29.8,78.72,0.0,0.0,1004.82,Cloudy,Model not loaded,2,0,3,30,29.8,78.68,1004.83,0.0,-0.009999999999990905
2026-03-30 02:39:56.261692,29.8,78.76,0.0,0.0,1004.82,Cloudy,Model not loaded,2,0,3,30,29.8,78.72,1004.82,0.0,0.0
2026-03-30 02:40:00.059095,29.8,78.8,0.0,0.0,1004.81,Cloudy,Model not loaded,2,0,3,30,29.8,78.76,1004.82,0.0,-0.010000000000104592
2026-03-30 02:40:00.388246,29.8,78.8,0.0,0.0,1004.8,Cloudy,Model not loaded,2,0,3,30,29.8,78.8,1004.81,0.0,-0.009999999999990905
2026-03-30 03:44:25.644866,29.2,76.3,0.0,0.0,1005.19,Model not loaded,Model not loaded,3,0,3,30,29.8,78.8,1004.8,-0.6000000000000014,0.39000000000010004
2026-03-30 03:44:29.076796,29.25,77.75,0.0,0.0,1005.18,Model not loaded,Model not loaded,3,0,3,30,29.2,76.3,1005.19,0.05000000000000071,-0.010000000000104592
2026-03-30 03:44:29.572126,29.3,78.43,0.0,0.0,1005.16,Model not loaded,Model not loaded,3,0,3,30,29.25,77.75,1005.18,0.05000000000000071,-0.01999999999998181
2026-03-30 03:44:31.624129,29.33,78.88,0.0,0.0,1005.16,Model not loaded,Model not loaded,3,0,3,30,29.3,78.43,1005.16,0.029999999999997584,0.0
2026-03-30 03:44:33.682234,29.34,79.14,0.0,0.0,1005.15,Model not loaded,Model not loaded,3,0,3,30,29.33,78.88,1005.16,0.010000000000001563,-0.009999999999990905
2026-03-30 03:44:35.781857,29.4,79.92,0.0,0.0,1005.14,Model not loaded,Model not loaded,3,0,3,30,29.34,79.14,1005.15,0.05999999999999872,-0.009999999999990905
2026-03-30 03:44:37.792548,29.44,80.12,0.0,0.0,1005.14,Model not loaded,Sunny,3,0,3,30,29.4,79.92,1005.14,0.0400000000000027,0.0
2026-03-30 03:44:39.941289,29.46,80.24,0.0,0.0,1005.13,Model not loaded,Sunny,3,0,3,30,29.44,80.12,1005.14,0.019999999999999574,-0.009999999999990905
2026-03-30 03:44:44.094638,29.48,80.24,0.0,0.0,1005.13,Model not loaded,Sunny,3,0,3,30,29.46,80.24,1005.13,0.019999999999999574,0.0
2026-03-30 03:44:44.267895,29.5,80.24,0.0,0.0,1005.13,Model not loaded,Sunny,3,0,3,30,29.48,80.24,1005.13,0.019999999999999574,0.0
2026-03-30 03:44:46.062852,29.5,80.24,0.0,0.0,1005.14,Model not loaded,Sunny,3,0,3,30,29.5,80.24,1005.13,0.0,0.009999999999990905
2026-03-30 03:44:48.168154,29.5,80.24,0.0,0.0,1005.15,Model not loaded,Sunny,3,0,3,30,29.5,80.24,1005.14,0.0,0.009999999999990905
2026-03-30 03:44:50.224745,29.5,80.2,0.0,0.0,1005.16,Model not loaded,Sunny,3,0,3,30,29.5,80.24,1005.15,0.0,0.009999999999990905
2026-03-30 03:44:52.257052,29.5,80.2,0.0,0.0,1005.16,Model not loaded,Sunny,3,0,3,30,29.5,80.2,1005.16,0.0,0.0
2026-03-30 03:44:54.283439,29.5,80.18,0.0,0.0,1005.16,Model not loaded,Sunny,3,0,3,30,29.5,80.2,1005.16,0.0,0.0
2026-03-30 03:44:56.881949,29.5,80.16,0.0,0.0,1005.16,Model not loaded,Sunny,3,0,3,30,29.5,80.18,1005.16,0.0,0.0
2026-03-30 03:44:59.280272,29.5,80.14,0.0,0.0,1005.15,Model not loaded,Sunny,3,0,3,30,29.5,80.16,1005.16,0.0,-0.009999999999990905
2026-03-30 03:45:00.464982,29.5,80.12,0.0,0.0,1005.16,Model not loaded,Sunny,3,0,3,30,29.5,80.14,1005.15,0.0,0.009999999999990905
2026-03-30 03:45:02.600536,29.5,80.1,0.0,0.0,1005.16,Model not loaded,Sunny,3,0,3,30,29.5,80.12,1005.16,0.0,0.0
2026-03-30 03:45:04.616015,29.5,80.1,0.0,0.0,1005.16,Model not loaded,Sunny,3,0,3,30,29.5,80.1,1005.16,0.0,0.0
2026-03-30 03:45:06.669240,29.5,80.1,0.0,0.0,1005.17,Model not loaded,Sunny,3,0,3,30,29.5,80.1,1005.16,0.0,0.009999999999990905
2026-03-30 03:45:08.812403,29.5,80.1,0.0,0.0,1005.17,Model not loaded,Sunny,3,0,3,30,29.5,80.1,1005.17,0.0,0.0
2026-03-30 03:45:10.825726,29.5,80.06,0.0,0.0,1005.16,Model not loaded,Sunny,3,0,3,30,29.5,80.1,1005.17,0.0,-0.009999999999990905
2026-03-30 03:45:14.447681,29.5,80.02,0.0,0.0,1005.18,Model not loaded,Sunny,3,0,3,30,29.5,80.06,1005.16,0.0,0.01999999999998181
2026-03-30 03:45:14.994013,29.5,79.98,0.0,0.0,1005.21,Model not loaded,Sunny,3,0,3,30,29.5,80.02,1005.18,0.0,0.030000000000086402
2026-03-30 03:45:17.052439,29.5,79.94,0.0,0.0,1005.22,Model not loaded,Sunny,3,0,3,30,29.5,79.98,1005.21,0.0,0.009999999999990905
2026-03-30 03:45:19.044927,29.5,79.9,0.0,0.0,1005.23,Model not loaded,Sunny,3,0,3,30,29.5,79.94,1005.22,0.0,0.009999999999990905
2026-03-30 03:45:21.093772,29.5,79.9,0.0,0.0,1005.23,Model not loaded,Sunny,3,0,3,30,29.5,79.9,1005.23,0.0,0.0
2026-03-30 03:45:23.957391,29.5,79.86,0.0,0.0,1005.23,Model not loaded,Sunny,3,0,3,30,29.5,79.9,1005.23,0.0,0.0
2026-03-30 03:45:25.231093,29.5,79.82,0.0,0.0,1005.21,Model not loaded,Sunny,3,0,3,30,29.5,79.86,1005.23,0.0,-0.01999999999998181
2026-03-30 06:15:09.507409,31.94,30.39,4.88,11.62,1012.72,Sunny,Sunny,6,0,3,30,29.5,79.82,1005.21,2.4400000000000013,7.509999999999991
2026-03-30 06:15:11.659293,32.82,31.68,4.12,11.69,1012.16,Sunny,Sunny,6,0,3,30,31.94,30.39,1012.72,0.879999999999999,-0.5600000000000591
2026-03-30 06:15:13.813786,33.27,35.47,3.38,11.24,1011.91,Sunny,Sunny,6,0,3,30,32.82,31.68,1012.16,0.45000000000000284,-0.25
2026-03-30 06:15:15.942646,32.17,36.61,2.82,11.05,1013.09,Sunny,Sunny,6,0,3,30,33.27,35.47,1011.91,-1.1000000000000014,1.1800000000000637
2026-03-30 06:15:18.068782,32.3,36.21,2.68,10.92,1013.99,Sunny,Sunny,6,0,3,30,32.17,36.61,1013.09,0.12999999999999545,0.8999999999999773
2026-03-30 06:15:20.197355,31.66,37.38,1.75,10.81,1013.8,Sunny,Sunny,6,0,3,30,32.3,36.21,1013.99,-0.639999999999997,-0.19000000000005457
2026-03-30 06:15:22.343504,30.59,37.19,1.78,10.65,1015.03,Sunny,Sunny,6,0,3,30,31.66,37.38,1013.8,-1.0700000000000003,1.2300000000000182
2026-03-30 06:15:24.459653,30.07,36.44,1.8,11.02,1016.31,Sunny,Sunny,6,0,3,30,30.59,37.19,1015.03,-0.5199999999999996,1.2799999999999727
2026-03-30 06:15:26.600776,30.02,35.16,2.26,11.16,1016.17,Sunny,Sunny,6,0,3,30,30.07,36.44,1016.31,-0.05000000000000071,-0.13999999999998636
2026-03-30 06:15:28.716995,30.21,36.35,2.49,11.35,1016.41,Sunny,Sunny,6,0,3,30,30.02,35.16,1016.17,0.19000000000000128,0.2400000000000091
2026-03-30 06:15:30.857912,30.66,36.81,2.79,10.8,1017.41,Sunny,Sunny,6,0,3,30,30.21,36.35,1016.41,0.4499999999999993,1.0
2026-03-30 06:15:33.027874,31.12,37.0,2.66,10.23,1017.65,Sunny,Sunny,6,0,3,30,30.66,36.81,1017.41,0.46000000000000085,0.2400000000000091
2026-03-30 06:15:35.168998,31.8,35.14,2.83,9.54,1016.86,Sunny,Sunny,6,0,3,30,31.12,37.0,1017.65,0.6799999999999997,-0.7899999999999636
2026-03-30 06:15:37.337067,32.7,37.26,2.38,9.05,1016.05,Sunny,Sunny,6,0,3,30,31.8,35.14,1016.86,0.9000000000000021,-0.8100000000000591
2026-03-30 06:15:39.483623,31.97,36.1,1.89,9.02,1016.27,Sunny,Sunny,6,0,3,30,32.7,37.26,1016.05,-0.730000000000004,0.22000000000002728
2026-03-30 06:15:41.612786,31.99,36.3,2.31,8.98,1016.43,Sunny,Sunny,6,0,3,30,31.97,36.1,1016.27,0.019999999999999574,0.15999999999996817
2026-03-30 06:15:43.728719,32.14,38.38,2.25,9.12,1015.77,Sunny,Sunny,6,0,3,30,31.99,36.3,1016.43,0.15000000000000213,-0.6599999999999682
2026-03-30 06:15:45.875792,31.12,40.6,1.97,9.24,1016.0,Sunny,Sunny,6,0,3,30,32.14,38.38,1015.77,-1.0199999999999996,0.2300000000000182
2026-03-30 06:15:48.014252,30.85,38.93,1.57,9.31,1017.05,Sunny,Sunny,6,0,3,30,31.12,40.6,1016.0,-0.2699999999999996,1.0499999999999545
2026-03-30 06:15:50.175561,30.92,40.42,2.3,8.8,1016.57,Sunny,Sunny,6,0,3,30,30.85,38.93,1017.05,0.07000000000000028,-0.4799999999999045
2026-03-30 06:15:52.302876,30.15,39.25,2.46,8.87,1016.21,Sunny,Sunny,6,0,3,30,30.92,40.42,1016.57,-0.7700000000000031,-0.36000000000001364
2026-03-30 06:15:54.431070,29.61,38.53,2.91,9.5,1016.3,Sunny,Sunny,6,0,3,30,30.15,39.25,1016.21,-0.5399999999999991,0.08999999999991815
2026-03-30 06:15:56.548070,30.53,37.53,2.57,10.0,1016.91,Sunny,Sunny,6,0,3,30,29.61,38.53,1016.3,0.9200000000000017,0.6100000000000136
2026-03-30 06:15:58.665109,30.96,37.58,3.31,10.25,1016.42,Sunny,Sunny,6,0,3,30,30.53,37.53,1016.91,0.4299999999999997,-0.4900000000000091
2026-03-30 06:16:00.784309,30.72,38.05,3.81,10.54,1016.54,Sunny,Sunny,6,0,3,30,30.96,37.58,1016.42,-0.240000000000002,0.12000000000000455
2026-03-30 06:16:02.912803,31.78,39.17,3.67,10.43,1016.46,Sunny,Sunny,6,0,3,30,30.72,38.05,1016.54,1.0600000000000023,-0.07999999999992724
2026-03-30 06:16:05.049732,32.17,37.28,3.46,9.61,1016.94,Sunny,Sunny,6,0,3,30,31.78,39.17,1016.46,0.39000000000000057,0.4800000000000182
2026-03-30 06:16:07.176703,31.42,36.19,3.79,9.25,1015.46,Sunny,Sunny,6,0,3,30,32.17,37.28,1016.94,-0.75,-1.4800000000000182
2026-03-30 06:16:09.294673,30.92,36.61,3.13,9.12,1015.34,Sunny,Sunny,6,0,3,30,31.42,36.19,1015.46,-0.5,-0.12000000000000455
2026-03-30 06:16:11.412395,31.19,35.63,2.37,9.45,1015.22,Sunny,Sunny,6,0,3,30,30.92,36.61,1015.34,0.2699999999999996,-0.12000000000000455
2026-03-30 06:16:13.554733,30.87,34.93,2.37,9.91,1015.61,Sunny,Sunny,6,0,3,30,31.19,35.63,1015.22,-0.3200000000000003,0.38999999999998636
2026-03-30 06:16:15.708529,31.22,35.75,1.84,10.58,1015.04,Sunny,Sunny,6,0,3,30,30.87,34.93,1015.61,0.34999999999999787,-0.57000000000005
2026-03-30 06:16:17.894989,31.77,37.82,2.63,10.46,1015.61,Sunny,Sunny,6,0,3,30,31.22,35.75,1015.04,0.5500000000000007,0.57000000000005
2026-03-30 06:16:20.047301,31.26,36.1,3.44,10.79,1015.78,Sunny,Sunny,6,0,3,30,31.77,37.82,1015.61,-0.509999999999998,0.16999999999995907
2026-03-30 06:16:22.186624,31.83,36.28,2.93,10.52,1016.02,Sunny,Sunny,6,0,3,30,31.26,36.1,1015.78,0.5699999999999967,0.2400000000000091
2026-03-30 06:16:24.363189,32.38,36.76,2.46,10.3,1015.76,Sunny,Sunny,6,0,3,30,31.83,36.28,1016.02,0.5500000000000043,-0.2599999999999909
2026-03-30 06:16:26.518817,31.9,37.82,3.58,10.36,1014.7,Sunny,Sunny,6,0,3,30,32.38,36.76,1015.76,-0.480000000000004,-1.0599999999999454
2026-03-30 06:16:28.649534,31.5,36.89,3.75,10.57,1015.8,Sunny,Sunny,6,0,3,30,31.9,37.82,1014.7,-0.3999999999999986,1.099999999999909
2026-03-30 06:16:30.778789,31.46,39.05,3.73,9.96,1015.28,Sunny,Sunny,6,0,3,30,31.5,36.89,1015.8,-0.03999999999999915,-0.5199999999999818
2026-03-30 06:16:32.917091,30.42,38.63,3.67,10.15,1015.52,Sunny,Sunny,6,0,3,30,31.46,39.05,1015.28,-1.0399999999999991,0.2400000000000091
2026-03-30 06:16:35.034770,30.37,39.45,3.87,10.1,1014.46,Sunny,Sunny,6,0,3,30,30.42,38.63,1015.52,-0.05000000000000071,-1.0599999999999454
2026-03-30 06:16:37.161944,31.02,39.33,3.21,9.38,1014.54,Sunny,Sunny,6,0,3,30,30.37,39.45,1014.46,0.6499999999999986,0.07999999999992724
2026-03-30 06:16:39.312651,31.35,39.49,2.89,9.29,1013.6,Sunny,Sunny,6,0,3,30,31.02,39.33,1014.54,0.33000000000000185,-0.9399999999999409
2026-03-30 06:16:41.453058,31.88,39.57,3.03,9.95,1014.83,Sunny,Sunny,6,0,3,30,31.35,39.49,1013.6,0.5299999999999976,1.2300000000000182
2026-03-30 06:16:43.570955,32.05,37.8,4.12,9.71,1013.83,Sunny,Sunny,6,0,3,30,31.88,39.57,1014.83,0.16999999999999815,-1.0
2026-03-30 06:16:45.699812,31.74,37.53,4.44,9.67,1014.36,Sunny,Sunny,6,0,3,30,32.05,37.8,1013.83,-0.3099999999999987,0.5299999999999727
2026-03-30 06:16:47.838459,31.95,37.64,3.89,9.76,1014.64,Sunny,Sunny,6,0,3,30,31.74,37.53,1014.36,0.21000000000000085,0.2799999999999727
2026-03-30 06:16:49.955321,31.16,37.93,2.92,9.54,1015.1,Sunny,Sunny,6,0,3,30,31.95,37.64,1014.64,-0.7899999999999991,0.4600000000000364
2026-03-30 06:16:52.070895,30.67,37.13,1.93,9.36,1013.56,Sunny,Sunny,6,0,3,30,31.16,37.93,1015.1,-0.48999999999999844,-1.5400000000000773
2026-03-30 06:16:54.189112,30.64,38.72,1.37,9.42,1014.58,Sunny,Sunny,6,0,3,30,30.67,37.13,1013.56,-0.030000000000001137,1.0200000000000955
2026-03-30 06:16:56.315931,30.13,38.27,0.97,9.91,1014.08,Sunny,Sunny,6,0,3,30,30.64,38.72,1014.58,-0.5100000000000016,-0.5
2026-03-30 06:16:58.433234,29.68,36.8,1.03,9.79,1013.89,Sunny,Sunny,6,0,3,30,30.13,38.27,1014.08,-0.4499999999999993,-0.19000000000005457
2026-03-30 06:17:00.570791,29.91,36.49,1.3,9.87,1014.19,Sunny,Sunny,6,0,3,30,29.68,36.8,1013.89,0.23000000000000043,0.3000000000000682
2026-03-30 06:17:02.686575,30.25,38.14,1.76,9.88,1014.53,Sunny,Sunny,6,0,3,30,29.91,36.49,1014.19,0.33999999999999986,0.33999999999991815
2026-03-30 06:17:04.814250,30.82,38.56,0.94,9.82,1013.5,Sunny,Sunny,6,0,3,30,30.25,38.14,1014.53,0.5700000000000003,-1.0299999999999727
2026-03-30 06:17:06.941116,32.03,37.83,1.14,9.84,1014.23,Sunny,Sunny,6,0,3,30,30.82,38.56,1013.5,1.2100000000000009,0.7300000000000182
2026-03-30 06:17:09.057893,31.19,38.71,1.7,10.0,1015.84,Sunny,Sunny,6,0,3,30,32.03,37.83,1014.23,-0.8399999999999999,1.6100000000000136
2026-03-30 06:17:11.184530,31.49,38.24,1.84,10.02,1014.8,Sunny,Sunny,6,0,3,30,31.19,38.71,1015.84,0.29999999999999716,-1.0400000000000773
2026-03-30 06:17:13.338740,31.34,35.23,1.73,9.88,1014.89,Sunny,Sunny,6,0,3,30,31.49,38.24,1014.8,-0.14999999999999858,0.09000000000003183
2026-03-30 06:17:15.461613,30.87,35.7,2.25,10.15,1014.04,Sunny,Sunny,6,0,3,30,31.34,35.23,1014.89,-0.46999999999999886,-0.8500000000000227
2026-03-30 06:17:17.631104,29.42,36.15,1.84,10.11,1013.71,Sunny,Sunny,6,0,3,30,30.87,35.7,1014.04,-1.4499999999999993,-0.32999999999992724
2026-03-30 06:17:19.758405,30.75,36.54,1.45,10.08,1012.15,Sunny,Sunny,6,0,3,30,29.42,36.15,1013.71,1.3299999999999983,-1.5600000000000591
2026-03-30 06:17:21.877004,30.36,36.03,1.37,10.43,1013.54,Sunny,Sunny,6,0,3,30,30.75,36.54,1012.15,-0.39000000000000057,1.3899999999999864
2026-03-30 06:17:24.003903,30.42,37.15,1.22,10.58,1014.29,Sunny,Sunny,6,0,3,30,30.36,36.03,1013.54,0.060000000000002274,0.75
2026-03-30 06:17:26.131077,30.45,37.56,1.37,10.46,1014.46,Sunny,Sunny,6,0,3,30,30.42,37.15,1014.29,0.029999999999997584,0.17000000000007276
2026-03-30 06:17:28.248631,31.61,36.27,1.29,9.94,1013.96,Sunny,Sunny,6,0,3,30,30.45,37.56,1014.46,1.1600000000000001,-0.5
2026-03-30 06:17:30.365346,30.51,36.2,1.47,10.58,1014.87,Sunny,Sunny,6,0,3,30,31.61,36.27,1013.96,-1.0999999999999979,0.9099999999999682
2026-03-30 06:17:32.492124,30.49,37.13,2.2,10.0,1013.13,Sunny,Sunny,6,0,3,30,30.51,36.2,1014.87,-0.020000000000003126,-1.740000000000009
2026-03-30 06:17:34.611438,30.87,36.27,2.58,9.82,1011.84,Sunny,Cloudy,6,0,3,30,30.49,37.13,1013.13,0.38000000000000256,-1.2899999999999636
2026-03-30 06:17:36.750737,31.26,34.16,2.54,9.68,1013.38,Sunny,Cloudy,6,0,3,30,30.87,36.27,1011.84,0.39000000000000057,1.5399999999999636
2026-03-30 06:17:38.876295,30.09,36.1,2.49,9.61,1013.54,Sunny,Cloudy,6,0,3,30,31.26,34.16,1013.38,-1.1700000000000017,0.15999999999996817
2026-03-30 06:17:41.023278,30.65,36.24,2.81,9.62,1013.97,Sunny,Cloudy,6,0,3,30,30.09,36.1,1013.54,0.5599999999999987,0.43000000000006366
2026-03-30 06:17:43.177193,31.6,35.37,1.77,9.73,1014.07,Sunny,Cloudy,6,0,3,30,30.65,36.24,1013.97,0.9500000000000028,0.10000000000002274
2026-03-30 06:17:45.295601,32.07,35.37,1.92,9.5,1015.06,Sunny,Cloudy,6,0,3,30,31.6,35.37,1014.07,0.46999999999999886,0.9899999999998954
2026-03-30 06:17:47.422726,31.88,35.12,1.95,9.57,1014.65,Sunny,Cloudy,6,0,3,30,32.07,35.37,1015.06,-0.19000000000000128,-0.40999999999996817
2026-03-30 06:17:49.538394,32.95,35.15,2.38,10.32,1015.37,Sunny,Cloudy,6,0,3,30,31.88,35.12,1014.65,1.0700000000000038,0.7200000000000273
2026-03-30 06:17:51.654104,33.07,33.69,1.66,10.44,1015.27,Sunny,Cloudy,6,0,3,30,32.95,35.15,1015.37,0.11999999999999744,-0.10000000000002274
2026-03-30 06:17:53.769594,32.88,33.23,2.15,10.37,1016.6,Sunny,Cloudy,6,0,3,30,33.07,33.69,1015.27,-0.18999999999999773,1.330000000000041
2026-03-30 06:17:55.900368,31.7,35.01,1.63,10.6,1016.77,Sunny,Cloudy,6,0,3,30,32.88,33.23,1016.6,-1.1800000000000033,0.16999999999995907
2026-03-30 06:17:58.016317,32.04,35.85,2.31,10.17,1015.62,Sunny,Cloudy,6,0,3,30,31.7,35.01,1016.77,0.33999999999999986,-1.1499999999999773
2026-03-30 06:18:00.131939,31.85,34.69,2.13,9.43,1015.28,Sunny,Cloudy,6,0,3,30,32.04,35.85,1015.62,-0.18999999999999773,-0.34000000000003183
2026-03-30 06:18:02.259420,31.28,35.9,2.4,8.85,1014.29,Sunny,Cloudy,6,0,3,30,31.85,34.69,1015.28,-0.5700000000000003,-0.9900000000000091
2026-03-30 06:18:04.376311,30.43,38.55,2.2,9.17,1013.94,Sunny,Cloudy,6,0,3,30,31.28,35.9,1014.29,-0.8500000000000014,-0.34999999999990905
2026-03-30 06:18:06.530783,31.72,36.86,2.64,8.93,1013.75,Sunny,Cloudy,6,0,3,30,30.43,38.55,1013.94,1.2899999999999991,-0.19000000000005457
2026-03-30 06:18:08.645691,32.2,36.95,2.27,9.22,1014.35,Sunny,Cloudy,6,0,3,30,31.72,36.86,1013.75,0.480000000000004,0.6000000000000227
2026-03-30 06:18:10.761633,31.57,38.84,1.99,9.71,1014.52,Sunny,Cloudy,6,0,3,30,32.2,36.95,1014.35,-0.6300000000000026,0.16999999999995907
2026-03-30 06:18:12.887516,31.82,38.8,1.96,9.58,1015.01,Sunny,Cloudy,6,0,3,30,31.57,38.84,1014.52,0.25,0.4900000000000091
2026-03-30 06:18:15.001722,31.93,38.59,2.49,9.44,1014.32,Sunny,Cloudy,6,0,3,30,31.82,38.8,1015.01,0.10999999999999943,-0.6899999999999409
2026-03-30 06:18:17.118028,30.78,40.14,2.72,9.56,1015.03,Sunny,Cloudy,6,0,3,30,31.93,38.59,1014.32,-1.1499999999999986,0.7099999999999227
2026-03-30 06:18:19.247194,30.18,40.3,2.28,9.56,1015.08,Sunny,Cloudy,6,0,3,30,30.78,40.14,1015.03,-0.6000000000000014,0.05000000000006821
2026-03-30 06:18:21.373040,29.88,39.26,2.34,9.4,1014.74,Sunny,Cloudy,6,0,3,30,30.18,40.3,1015.08,-0.3000000000000007,-0.34000000000003183
2026-03-30 06:18:23.492727,30.36,39.08,2.77,9.71,1014.01,Sunny,Cloudy,6,0,3,30,29.88,39.26,1014.74,0.4800000000000004,-0.7300000000000182
2026-03-31 02:56:49.843437,30.6,78.7,0.0,0.0,1006.77,Cloudy,Cloudy,2,1,3,31,30.36,39.08,1014.01,0.240000000000002,-7.240000000000009
2026-03-31 02:56:51.743478,30.6,78.75,0.0,0.0,1006.76,Cloudy,Cloudy,2,1,3,31,30.6,78.7,1006.77,0.0,-0.009999999999990905
2026-03-31 02:56:53.801537,30.6,78.73,0.0,0.0,1006.78,Cloudy,Cloudy,2,1,3,31,30.6,78.75,1006.76,0.0,0.01999999999998181
2026-03-31 02:56:55.947184,30.6,78.72,0.0,0.0,1006.78,Cloudy,Cloudy,2,1,3,31,30.6,78.73,1006.78,0.0,0.0
2026-03-31 02:56:57.889228,30.6,78.72,0.0,0.0,1006.78,Cloudy,Cloudy,2,1,3,31,30.6,78.72,1006.78,0.0,0.0
2026-03-31 02:56:59.986236,30.6,78.72,0.0,0.0,1006.79,Cloudy,Cloudy,2,1,3,31,30.6,78.72,1006.78,0.0,0.009999999999990905
2026-03-31 02:57:03.984670,30.6,78.66,0.0,0.0,1006.81,Cloudy,Cloudy,2,1,3,31,30.6,78.72,1006.79,0.0,0.01999999999998181
2026-03-31 02:57:04.425299,30.6,78.62,0.0,0.0,1006.8,Cloudy,Cloudy,2,1,3,31,30.6,78.66,1006.81,0.0,-0.009999999999990905
2026-03-31 02:57:06.184365,30.6,78.54,0.0,0.0,1006.79,Cloudy,Cloudy,2,1,3,31,30.6,78.62,1006.8,0.0,-0.009999999999990905
2026-03-31 02:57:08.207641,30.62,78.46,0.0,0.0,1006.78,Cloudy,Cloudy,2,1,3,31,30.6,78.54,1006.79,0.019999999999999574,-0.009999999999990905
2026-03-31 02:57:10.267086,30.62,78.38,0.0,0.0,1006.78,Cloudy,Cloudy,2,1,3,31,30.62,78.46,1006.78,0.0,0.0
2026-03-31 02:57:12.354238,30.64,78.32,0.0,0.0,1006.78,Cloudy,Cloudy,2,1,3,31,30.62,78.38,1006.78,0.019999999999999574,0.0
2026-03-31 02:57:14.508698,30.66,78.26,0.0,0.0,1006.77,Cloudy,Cloudy,2,1,3,31,30.64,78.32,1006.78,0.019999999999999574,-0.009999999999990905
2026-03-31 02:57:19.046111,30.68,78.24,0.0,0.0,1006.78,Cloudy,Cloudy,2,1,3,31,30.66,78.26,1006.77,0.019999999999999574,0.009999999999990905
2026-03-31 02:57:19.389342,30.68,78.18,0.0,0.0,1006.79,Cloudy,Cloudy,2,1,3,31,30.68,78.24,1006.78,0.0,0.009999999999990905
2026-03-31 02:57:20.635304,30.7,78.12,0.0,0.0,1006.79,Cloudy,Cloudy,2,1,3,31,30.68,78.18,1006.79,0.019999999999999574,0.0
2026-03-31 02:57:22.696124,30.7,78.08,0.0,0.0,1006.79,Cloudy,Cloudy,2,1,3,31,30.7,78.12,1006.79,0.0,0.0
2026-03-31 02:57:24.676461,30.7,78.0,0.0,0.0,1006.79,Cloudy,Cloudy,2,1,3,31,30.7,78.08,1006.79,0.0,0.0
2026-03-31 02:57:26.765615,30.7,77.92,0.0,0.0,1006.79,Cloudy,Cloudy,2,1,3,31,30.7,78.0,1006.79,0.0,0.0
2026-03-31 02:57:28.789505,30.7,77.88,0.0,0.0,1006.79,Cloudy,Cloudy,2,1,3,31,30.7,77.92,1006.79,0.0,0.0
2026-03-31 02:57:33.725050,30.7,77.84,0.0,0.0,1006.78,Cloudy,Cloudy,2,1,3,31,30.7,77.88,1006.79,0.0,-0.009999999999990905
2026-03-31 02:57:34.196544,30.7,77.8,0.0,0.0,1006.78,Cloudy,Cloudy,2,1,3,31,30.7,77.84,1006.78,0.0,0.0
2026-03-31 02:57:35.058420,30.7,77.8,0.0,0.0,1006.78,Cloudy,Cloudy,2,1,3,31,30.7,77.8,1006.78,0.0,0.0
2026-03-31 02:57:37.136654,30.7,77.78,0.0,0.0,1006.77,Cloudy,Cloudy,2,1,3,31,30.7,77.8,1006.78,0.0,-0.009999999999990905
2026-03-31 02:57:39.107060,30.7,77.76,0.0,0.0,1006.77,Cloudy,Cloudy,2,1,3,31,30.7,77.78,1006.77,0.0,0.0
2026-03-31 02:57:41.237758,30.7,77.74,0.0,0.0,1006.77,Cloudy,Cloudy,2,1,3,31,30.7,77.76,1006.77,0.0,0.0
2026-03-31 02:57:43.250174,30.7,77.7,0.0,0.0,1006.76,Cloudy,Cloudy,2,1,3,31,30.7,77.74,1006.77,0.0,-0.009999999999990905
2026-03-31 02:57:45.451337,30.7,77.66,0.0,0.0,1006.76,Cloudy,Cloudy,2,1,3,31,30.7,77.7,1006.76,0.0,0.0
2026-03-31 02:57:49.083287,30.72,77.62,0.0,0.0,1006.76,Cloudy,Cloudy,2,1,3,31,30.7,77.66,1006.76,0.019999999999999574,0.0
2026-03-31 02:57:49.476127,30.74,77.56,0.0,0.0,1006.77,Cloudy,Cloudy,2,1,3,31,30.72,77.62,1006.76,0.019999999999999574,0.009999999999990905
2026-03-31 02:57:51.579832,30.76,77.5,0.0,0.0,1006.77,Cloudy,Cloudy,2,1,3,31,30.74,77.56,1006.77,0.020000000000003126,0.0
2026-03-31 02:57:53.598630,30.78,77.46,0.0,0.0,1006.77,Cloudy,Cloudy,2,1,3,31,30.76,77.5,1006.77,0.019999999999999574,0.0
2026-03-31 02:57:55.626043,30.8,77.42,0.0,0.0,1006.76,Cloudy,Cloudy,2,1,3,31,30.78,77.46,1006.77,0.019999999999999574,-0.009999999999990905
2026-03-31 02:57:57.670396,30.8,77.4,0.0,0.0,1006.77,Cloudy,Cloudy,2,1,3,31,30.8,77.42,1006.76,0.0,0.009999999999990905
2026-03-31 02:57:59.722975,30.8,77.4,0.0,0.0,1006.76,Cloudy,Cloudy,2,1,3,31,30.8,77.4,1006.77,0.0,-0.009999999999990905
2026-03-31 02:58:04.040001,30.8,77.4,0.0,0.0,1006.78,Cloudy,Cloudy,2,1,3,31,30.8,77.4,1006.76,0.0,0.01999999999998181
2026-03-31 02:58:04.478578,30.8,77.38,0.0,0.0,1006.79,Cloudy,Cloudy,2,1,3,31,30.8,77.4,1006.78,0.0,0.009999999999990905
2026-03-31 02:58:05.910205,30.8,77.36,0.0,0.0,1006.8,Cloudy,Cloudy,2,1,3,31,30.8,77.38,1006.79,0.0,0.009999999999990905
2026-03-31 02:58:07.987550,30.8,77.34,0.0,0.0,1006.81,Cloudy,Cloudy,2,1,3,31,30.8,77.36,1006.8,0.0,0.009999999999990905
2026-03-31 02:58:10.080309,30.8,77.32,0.0,0.0,1006.83,Cloudy,Cloudy,2,1,3,31,30.8,77.34,1006.81,0.0,0.020000000000095497
2026-03-31 02:58:12.214393,30.8,77.3,0.0,0.0,1006.82,Cloudy,Cloudy,2,1,3,31,30.8,77.32,1006.83,0.0,-0.009999999999990905
2026-03-31 02:58:14.251980,30.8,77.3,0.0,0.0,1006.84,Cloudy,Cloudy,2,1,3,31,30.8,77.3,1006.82,0.0,0.01999999999998181
2026-03-31 02:58:19.294865,30.8,77.3,0.0,0.0,1006.83,Cloudy,Cloudy,2,1,3,31,30.8,77.3,1006.84,0.0,-0.009999999999990905
2026-03-31 02:58:19.721254,30.8,77.3,0.0,0.0,1006.81,Cloudy,Cloudy,2,1,3,31,30.8,77.3,1006.83,0.0,-0.020000000000095497
2026-03-31 02:58:20.392955,30.8,77.3,0.0,0.0,1006.8,Cloudy,Cloudy,2,1,3,31,30.8,77.3,1006.81,0.0,-0.009999999999990905
2026-03-31 02:58:22.418868,30.8,77.28,0.0,0.0,1006.79,Cloudy,Cloudy,2,1,3,31,30.8,77.3,1006.8,0.0,-0.009999999999990905
2026-03-31 02:58:24.481794,30.8,77.26,0.0,0.0,1006.79,Cloudy,Cloudy,2,1,3,31,30.8,77.28,1006.79,0.0,0.0
2026-03-31 02:58:26.560283,30.8,77.24,0.0,0.0,1006.79,Cloudy,Cloudy,2,1,3,31,30.8,77.26,1006.79,0.0,0.0
2026-03-31 02:58:28.666578,30.8,77.22,0.0,0.0,1006.81,Cloudy,Cloudy,2,1,3,31,30.8,77.24,1006.79,0.0,0.01999999999998181
2026-03-31 02:58:30.683590,30.8,77.2,0.0,0.0,1006.81,Cloudy,Cloudy,2,1,3,31,30.8,77.22,1006.81,0.0,0.0
2026-03-31 02:58:34.405903,30.82,77.2,0.0,0.0,1006.81,Cloudy,Cloudy,2,1,3,31,30.8,77.2,1006.81,0.019999999999999574,0.0
2026-03-31 02:58:34.876045,30.84,77.18,0.0,0.0,1006.82,Cloudy,Cloudy,2,1,3,31,30.82,77.2,1006.81,0.019999999999999574,0.010000000000104592
2026-03-31 02:58:36.805094,30.86,77.16,0.0,0.0,1006.82,Cloudy,Cloudy,2,1,3,31,30.84,77.18,1006.82,0.019999999999999574,0.0
2026-03-31 02:58:38.912963,30.88,77.14,0.0,0.0,1006.81,Cloudy,Cloudy,2,1,3,31,30.86,77.16,1006.82,0.019999999999999574,-0.010000000000104592
2026-03-31 02:58:40.945798,30.9,77.12,0.0,0.0,1006.83,Cloudy,Cloudy,2,1,3,31,30.88,77.14,1006.81,0.019999999999999574,0.020000000000095497
2026-03-31 02:58:43.023269,30.9,77.1,0.0,0.0,1006.84,Cloudy,Cloudy,2,1,3,31,30.9,77.12,1006.83,0.0,0.009999999999990905
2026-03-31 02:58:45.085371,30.9,77.08,0.0,0.0,1006.86,Cloudy,Cloudy,2,1,3,31,30.9,77.1,1006.84,0.0,0.01999999999998181
2026-03-31 02:58:49.110093,30.9,77.06,0.0,0.0,1006.86,Cloudy,Cloudy,2,1,3,31,30.9,77.08,1006.86,0.0,0.0
2026-03-31 02:58:49.498614,30.9,77.04,0.0,0.0,1006.86,Cloudy,Cloudy,2,1,3,31,30.9,77.06,1006.86,0.0,0.0
2026-03-31 02:58:51.279185,30.9,77.02,0.0,0.0,1006.87,Cloudy,Cloudy,2,1,3,31,30.9,77.04,1006.86,0.0,0.009999999999990905
2026-03-31 02:58:53.321642,30.9,77.0,0.0,0.0,1006.87,Cloudy,Cloudy,2,1,3,31,30.9,77.02,1006.87,0.0,0.0
2026-03-31 02:58:55.392569,30.9,77.0,0.0,0.0,1006.86,Cloudy,Cloudy,2,1,3,31,30.9,77.0,1006.87,0.0,-0.009999999999990905
2026-03-31 02:58:57.483043,30.9,76.98,0.0,0.0,1006.89,Cloudy,Cloudy,2,1,3,31,30.9,77.0,1006.86,0.0,0.029999999999972715
2026-03-31 02:58:59.498953,30.9,76.96,0.0,0.0,1006.9,Cloudy,Cloudy,2,1,3,31,30.9,76.98,1006.89,0.0,0.009999999999990905
2026-03-31 02:59:04.174534,30.9,76.94,0.0,0.0,1006.88,Cloudy,Cloudy,2,1,3,31,30.9,76.96,1006.9,0.0,-0.01999999999998181
2026-03-31 02:59:04.534443,30.9,76.92,0.0,0.0,1006.89,Cloudy,Cloudy,2,1,3,31,30.9,76.94,1006.88,0.0,0.009999999999990905
2026-03-31 02:59:05.808070,30.9,76.9,0.0,0.0,1006.89,Cloudy,Cloudy,2,1,3,31,30.9,76.92,1006.89,0.0,0.0
2026-03-31 02:59:07.789384,30.9,76.9,0.0,0.0,1006.87,Cloudy,Cloudy,2,1,3,31,30.9,76.9,1006.89,0.0,-0.01999999999998181
2026-03-31 02:59:09.813381,30.9,76.9,0.0,0.0,1006.87,Cloudy,Cloudy,2,1,3,31,30.9,76.9,1006.87,0.0,0.0
2026-03-31 02:59:11.828329,30.9,76.9,0.0,0.0,1006.89,Cloudy,Cloudy,2,1,3,31,30.9,76.9,1006.87,0.0,0.01999999999998181
2026-03-31 02:59:13.932578,30.9,76.9,0.0,0.0,1006.87,Cloudy,Cloudy,2,1,3,31,30.9,76.9,1006.89,0.0,-0.01999999999998181
2026-03-31 02:59:18.837518,30.9,76.86,0.0,0.0,1006.87,Cloudy,Cloudy,2,1,3,31,30.9,76.9,1006.87,0.0,0.0
2026-03-31 02:59:19.243657,30.9,76.82,0.0,0.0,1006.87,Cloudy,Cloudy,2,1,3,31,30.9,76.86,1006.87,0.0,0.0
2026-03-31 02:59:20.168645,30.9,76.82,0.0,0.0,1006.88,Cloudy,Cloudy,2,1,3,31,30.9,76.82,1006.87,0.0,0.009999999999990905
2026-03-31 02:59:22.168869,30.9,76.82,0.0,0.0,1006.89,Cloudy,Cloudy,2,1,3,31,30.9,76.82,1006.88,0.0,0.009999999999990905
2026-03-31 02:59:24.233479,30.9,76.78,0.0,0.0,1006.92,Cloudy,Cloudy,2,1,3,31,30.9,76.82,1006.89,0.0,0.029999999999972715
2026-03-31 02:59:26.290991,30.9,76.78,0.0,0.0,1006.91,Cloudy,Cloudy,2,1,3,31,30.9,76.78,1006.92,0.0,-0.009999999999990905
2026-03-31 02:59:28.323367,30.9,76.78,0.0,0.0,1006.91,Cloudy,Cloudy,2,1,3,31,30.9,76.78,1006.91,0.0,0.0
2026-03-31 02:59:30.407090,30.9,76.74,0.0,0.0,1006.92,Cloudy,Cloudy,2,1,3,31,30.9,76.78,1006.91,0.0,0.009999999999990905
2026-03-31 02:59:34.083768,30.9,76.7,0.0,0.0,1006.9,Cloudy,Cloudy,2,1,3,31,30.9,76.74,1006.92,0.0,-0.01999999999998181
2026-03-31 02:59:34.521731,30.9,76.7,0.0,0.0,1006.9,Cloudy,Cloudy,2,1,3,31,30.9,76.7,1006.9,0.0,0.0
2026-03-31 02:59:36.580552,30.9,76.7,0.0,0.0,1006.91,Cloudy,Cloudy,2,1,3,31,30.9,76.7,1006.9,0.0,0.009999999999990905
2026-03-31 02:59:38.629102,30.9,76.68,0.0,0.0,1006.91,Cloudy,Cloudy,2,1,3,31,30.9,76.7,1006.91,0.0,0.0
2026-03-31 02:59:40.721103,30.9,76.66,0.0,0.0,1006.92,Cloudy,Cloudy,2,1,3,31,30.9,76.68,1006.91,0.0,0.009999999999990905
2026-03-31 02:59:42.737641,30.9,76.64,0.0,0.0,1006.95,Cloudy,Cloudy,2,1,3,31,30.9,76.66,1006.92,0.0,0.030000000000086402
2026-03-31 02:59:44.810186,30.9,76.62,0.0,0.0,1006.94,Cloudy,Cloudy,2,1,3,31,30.9,76.64,1006.95,0.0,-0.009999999999990905
2026-03-31 02:59:49.123226,30.9,76.6,0.0,0.0,1006.95,Cloudy,Cloudy,2,1,3,31,30.9,76.62,1006.94,0.0,0.009999999999990905
2026-03-31 02:59:49.545491,30.9,76.6,0.0,0.0,1006.95,Cloudy,Cloudy,2,1,3,31,30.9,76.6,1006.95,0.0,0.0
2026-03-31 02:59:51.038696,30.9,76.6,0.0,0.0,1006.96,Cloudy,Cloudy,2,1,3,31,30.9,76.6,1006.95,0.0,0.009999999999990905
2026-03-31 02:59:53.100426,30.9,76.6,0.0,0.0,1006.93,Cloudy,Cloudy,2,1,3,31,30.9,76.6,1006.96,0.0,-0.030000000000086402
2026-03-31 02:59:55.163198,30.9,76.6,0.0,0.0,1006.95,Cloudy,Cloudy,2,1,3,31,30.9,76.6,1006.93,0.0,0.020000000000095497
2026-03-31 02:59:57.233442,30.9,76.6,0.0,0.0,1006.95,Cloudy,Cloudy,2,1,3,31,30.9,76.6,1006.95,0.0,0.0
2026-03-31 02:59:59.277876,30.9,76.58,0.0,0.0,1006.95,Cloudy,Cloudy,2,1,3,31,30.9,76.6,1006.95,0.0,0.0
2026-03-31 03:00:04.050671,30.9,76.56,0.0,0.0,1006.94,Cloudy,Cloudy,3,1,3,31,30.9,76.58,1006.95,0.0,-0.009999999999990905
2026-03-31 03:00:04.395051,30.9,76.54,0.0,0.0,1006.92,Cloudy,Cloudy,3,1,3,31,30.9,76.56,1006.94,0.0,-0.020000000000095497
2026-03-31 03:00:05.451604,30.9,76.52,0.0,0.0,1006.92,Cloudy,Cloudy,3,1,3,31,30.9,76.54,1006.92,0.0,0.0
2026-03-31 03:00:07.525635,30.92,76.5,0.0,0.0,1006.92,Cloudy,Cloudy,3,1,3,31,30.9,76.52,1006.92,0.020000000000003126,0.0
2026-03-31 03:00:09.552034,30.92,76.5,0.0,0.0,1006.92,Cloudy,Cloudy,3,1,3,31,30.92,76.5,1006.92,0.0,0.0
2026-03-31 03:00:11.608755,30.92,76.5,0.0,0.0,1006.92,Cloudy,Cloudy,3,1,3,31,30.92,76.5,1006.92,0.0,0.0
2026-03-31 03:00:13.729746,30.92,76.5,0.0,0.0,1006.93,Cloudy,Cloudy,3,1,3,31,30.92,76.5,1006.92,0.0,0.009999999999990905
2026-03-31 03:00:15.739367,30.92,76.5,0.0,0.0,1006.94,Cloudy,Cloudy,3,1,3,31,30.92,76.5,1006.93,0.0,0.010000000000104592
2026-03-31 03:00:19.048374,30.9,76.5,0.0,0.0,1006.94,Cloudy,Cloudy,3,1,3,31,30.92,76.5,1006.94,-0.020000000000003126,0.0
2026-03-31 03:00:19.878875,30.9,76.5,0.0,0.0,1006.95,Cloudy,Cloudy,3,1,3,31,30.9,76.5,1006.94,0.0,0.009999999999990905
2026-03-31 03:00:21.949599,30.9,76.52,0.0,0.0,1006.95,Cloudy,Cloudy,3,1,3,31,30.9,76.5,1006.95,0.0,0.0
2026-03-31 03:00:24.014717,30.9,76.52,0.0,0.0,1006.96,Cloudy,Cloudy,3,1,3,31,30.9,76.52,1006.95,0.0,0.009999999999990905
2026-03-31 03:00:26.051821,30.9,76.52,0.0,0.0,1006.96,Cloudy,Cloudy,3,1,3,31,30.9,76.52,1006.96,0.0,0.0
2026-03-31 03:00:28.093042,30.9,76.52,0.0,0.0,1006.97,Cloudy,Cloudy,3,1,3,31,30.9,76.52,1006.96,0.0,0.009999999999990905
2026-03-31 03:00:30.176240,30.9,76.54,0.0,0.0,1006.96,Cloudy,Cloudy,3,1,3,31,30.9,76.52,1006.97,0.0,-0.009999999999990905
2026-03-31 03:00:34.094390,30.9,76.52,0.0,0.0,1006.96,Cloudy,Cloudy,3,1,3,31,30.9,76.54,1006.96,0.0,0.0
2026-03-31 03:00:34.421691,30.9,76.54,0.0,0.0,1006.95,Cloudy,Cloudy,3,1,3,31,30.9,76.52,1006.96,0.0,-0.009999999999990905
2026-03-31 03:00:36.366436,30.9,76.54,0.0,0.0,1006.95,Cloudy,Cloudy,3,1,3,31,30.9,76.54,1006.95,0.0,0.0
2026-03-31 03:00:38.396283,30.9,76.56,0.0,0.0,1006.95,Cloudy,Cloudy,3,1,3,31,30.9,76.54,1006.95,0.0,0.0
2026-03-31 03:00:40.461536,30.9,76.54,0.0,0.0,1006.95,Cloudy,Cloudy,3,1,3,31,30.9,76.56,1006.95,0.0,0.0
2026-03-31 03:00:42.519174,30.9,76.56,0.0,0.0,1006.96,Cloudy,Cloudy,3,1,3,31,30.9,76.54,1006.95,0.0,0.009999999999990905
2026-03-31 03:00:44.572048,30.9,76.56,0.0,0.0,1006.98,Cloudy,Cloudy,3,1,3,31,30.9,76.56,1006.96,0.0,0.01999999999998181
2026-03-31 03:00:49.230153,30.9,76.58,0.0,0.0,1006.97,Cloudy,Cloudy,3,1,3,31,30.9,76.56,1006.98,0.0,-0.009999999999990905
2026-03-31 03:00:49.607265,30.9,76.58,0.0,0.0,1006.96,Cloudy,Cloudy,3,1,3,31,30.9,76.58,1006.97,0.0,-0.009999999999990905
2026-03-31 03:00:50.820349,30.9,76.6,0.0,0.0,1006.97,Cloudy,Cloudy,3,1,3,31,30.9,76.58,1006.96,0.0,0.009999999999990905
2026-03-31 03:00:52.836561,30.9,76.6,0.0,0.0,1006.97,Cloudy,Cloudy,3,1,3,31,30.9,76.6,1006.97,0.0,0.0
2026-03-31 03:00:54.914599,30.9,76.6,0.0,0.0,1006.96,Cloudy,Cloudy,3,1,3,31,30.9,76.6,1006.97,0.0,-0.009999999999990905
2026-03-31 03:00:56.960475,30.9,76.6,0.0,0.0,1006.98,Cloudy,Cloudy,3,1,3,31,30.9,76.6,1006.96,0.0,0.01999999999998181
2026-03-31 03:00:59.086768,30.9,76.6,0.0,0.0,1007.0,Cloudy,Cloudy,3,1,3,31,30.9,76.6,1006.98,0.0,0.01999999999998181
2026-03-31 03:01:03.726804,30.9,76.6,0.0,0.0,1007.0,Cloudy,Cloudy,3,1,3,31,30.9,76.6,1007.0,0.0,0.0
2026-03-31 03:01:04.247088,30.9,76.6,0.0,0.0,1007.02,Cloudy,Cloudy,3,1,3,31,30.9,76.6,1007.0,0.0,0.01999999999998181
2026-03-31 03:01:05.234916,30.9,76.6,0.0,0.0,1007.03,Cloudy,Cloudy,3,1,3,31,30.9,76.6,1007.02,0.0,0.009999999999990905
2026-03-31 03:01:07.287206,30.9,76.6,0.0,0.0,1007.0,Cloudy,Cloudy,3,1,3,31,30.9,76.6,1007.03,0.0,-0.029999999999972715
2026-03-31 03:01:09.329000,30.9,76.6,0.0,0.0,1006.99,Cloudy,Cloudy,3,1,3,31,30.9,76.6,1007.0,0.0,-0.009999999999990905
2026-03-31 03:01:11.380706,30.9,76.6,0.0,0.0,1006.99,Cloudy,Cloudy,3,1,3,31,30.9,76.6,1006.99,0.0,0.0
2026-03-31 03:01:13.418150,30.9,76.6,0.0,0.0,1006.99,Cloudy,Cloudy,3,1,3,31,30.9,76.6,1006.99,0.0,0.0
2026-03-31 03:01:15.549614,30.9,76.6,0.0,0.0,1006.98,Cloudy,Cloudy,3,1,3,31,30.9,76.6,1006.99,0.0,-0.009999999999990905
2026-03-31 03:01:19.176083,30.9,76.6,0.0,0.0,1006.99,Cloudy,Cloudy,3,1,3,31,30.9,76.6,1006.98,0.0,0.009999999999990905
2026-03-31 03:01:19.642919,30.9,76.6,0.0,0.0,1006.98,Cloudy,Cloudy,3,1,3,31,30.9,76.6,1006.99,0.0,-0.009999999999990905
2026-03-31 03:01:21.690603,30.9,76.6,0.0,0.0,1006.98,Cloudy,Cloudy,3,1,3,31,30.9,76.6,1006.98,0.0,0.0
2026-03-31 03:01:23.735877,30.9,76.6,0.0,0.0,1006.98,Cloudy,Cloudy,3,1,3,31,30.9,76.6,1006.98,0.0,0.0
2026-03-31 03:01:25.794456,30.9,76.6,0.0,0.0,1006.99,Cloudy,Cloudy,3,1,3,31,30.9,76.6,1006.98,0.0,0.009999999999990905
2026-03-31 03:01:27.865826,30.9,76.6,0.0,0.0,1007.0,Cloudy,Cloudy,3,1,3,31,30.9,76.6,1006.99,0.0,0.009999999999990905
2026-03-31 03:01:29.936913,30.9,76.62,0.0,0.0,1007.01,Cloudy,Cloudy,3,1,3,31,30.9,76.6,1007.0,0.0,0.009999999999990905
2026-03-31 03:01:33.993696,30.9,76.62,0.0,0.0,1007.01,Cloudy,Cloudy,3,1,3,31,30.9,76.62,1007.01,0.0,0.0
2026-03-31 03:01:34.338224,30.9,76.64,0.0,0.0,1007.01,Cloudy,Cloudy,3,1,3,31,30.9,76.62,1007.01,0.0,0.0
2026-03-31 03:01:36.116431,30.9,76.64,0.0,0.0,1007.01,Cloudy,Cloudy,3,1,3,31,30.9,76.64,1007.01,0.0,0.0
2026-03-31 03:01:38.193881,30.9,76.64,0.0,0.0,1006.98,Cloudy,Cloudy,3,1,3,31,30.9,76.64,1007.01,0.0,-0.029999999999972715
2026-03-31 03:01:40.250704,30.9,76.64,0.0,0.0,1006.99,Cloudy,Cloudy,3,1,3,31,30.9,76.64,1006.98,0.0,0.009999999999990905
2026-03-31 03:01:42.286714,30.9,76.66,0.0,0.0,1006.99,Cloudy,Cloudy,3,1,3,31,30.9,76.64,1006.99,0.0,0.0
2026-03-31 03:01:44.349873,30.9,76.64,0.0,0.0,1007.01,Cloudy,Cloudy,3,1,3,31,30.9,76.66,1006.99,0.0,0.01999999999998181
2026-03-31 03:01:49.032959,30.9,76.64,0.0,0.0,1007.0,Cloudy,Cloudy,3,1,3,31,30.9,76.64,1007.01,0.0,-0.009999999999990905
2026-03-31 03:01:49.375804,30.9,76.64,0.0,0.0,1007.02,Cloudy,Cloudy,3,1,3,31,30.9,76.64,1007.0,0.0,0.01999999999998181
2026-03-31 03:01:50.568754,30.9,76.62,0.0,0.0,1007.01,Cloudy,Cloudy,3,1,3,31,30.9,76.64,1007.02,0.0,-0.009999999999990905
2026-03-31 03:01:52.598737,30.9,76.6,0.0,0.0,1007.0,Cloudy,Cloudy,3,1,3,31,30.9,76.62,1007.01,0.0,-0.009999999999990905
2026-03-31 03:01:54.653866,30.9,76.6,0.0,0.0,1007.0,Cloudy,Cloudy,3,1,3,31,30.9,76.6,1007.0,0.0,0.0
2026-03-31 03:01:56.735935,30.9,76.6,0.0,0.0,1007.0,Cloudy,Cloudy,3,1,3,31,30.9,76.6,1007.0,0.0,0.0
2026-03-31 03:01:58.812480,30.9,76.6,0.0,0.0,1007.01,Cloudy,Cloudy,3,1,3,31,30.9,76.6,1007.0,0.0,0.009999999999990905
2026-03-31 03:02:00.889015,30.9,76.6,0.0,0.0,1007.03,Cloudy,Cloudy,3,1,3,31,30.9,76.6,1007.01,0.0,0.01999999999998181
2026-03-31 03:02:04.154718,30.9,76.6,0.0,0.0,1007.02,Cloudy,Cloudy,3,1,3,31,30.9,76.6,1007.03,0.0,-0.009999999999990905
2026-03-31 03:02:05.000821,30.9,76.6,0.0,0.0,1007.02,Cloudy,Cloudy,3,1,3,31,30.9,76.6,1007.02,0.0,0.0
2026-03-31 03:02:07.053001,30.9,76.6,0.0,0.0,1007.01,Cloudy,Cloudy,3,1,3,31,30.9,76.6,1007.02,0.0,-0.009999999999990905
2026-03-31 03:02:09.122284,30.9,76.6,0.0,0.0,1007.0,Cloudy,Cloudy,3,1,3,31,30.9,76.6,1007.01,0.0,-0.009999999999990905
2026-03-31 03:02:11.196134,30.9,76.6,0.0,0.0,1007.0,Cloudy,Cloudy,3,1,3,31,30.9,76.6,1007.0,0.0,0.0
2026-03-31 03:02:13.217557,30.9,76.6,0.0,0.0,1007.02,Cloudy,Cloudy,3,1,3,31,30.9,76.6,1007.0,0.0,0.01999999999998181
2026-03-31 03:02:15.386064,30.9,76.6,0.0,0.0,1007.02,Cloudy,Cloudy,3,1,3,31,30.9,76.6,1007.02,0.0,0.0
2026-03-31 03:02:19.508007,30.9,76.6,0.0,0.0,1007.03,Cloudy,Cloudy,3,1,3,31,30.9,76.6,1007.02,0.0,0.009999999999990905
2026-03-31 03:02:20.104714,30.9,76.6,0.0,0.0,1007.04,Cloudy,Cloudy,3,1,3,31,30.9,76.6,1007.03,0.0,0.009999999999990905
2026-03-31 03:02:21.488337,30.9,76.6,0.0,0.0,1007.04,Cloudy,Cloudy,3,1,3,31,30.9,76.6,1007.04,0.0,0.0
2026-03-31 03:02:23.547318,30.9,76.6,0.0,0.0,1007.05,Cloudy,Cloudy,3,1,3,31,30.9,76.6,1007.04,0.0,0.009999999999990905
2026-03-31 03:02:25.580132,30.9,76.6,0.0,0.0,1007.05,Cloudy,Cloudy,3,1,3,31,30.9,76.6,1007.05,0.0,0.0
2026-03-31 03:02:27.680280,30.9,76.6,0.0,0.0,1007.04,Cloudy,Cloudy,3,1,3,31,30.9,76.6,1007.05,0.0,-0.009999999999990905
2026-03-31 03:02:29.730621,30.88,76.6,0.0,0.0,1007.04,Cloudy,Cloudy,3,1,3,31,30.9,76.6,1007.04,-0.019999999999999574,0.0
2026-03-31 03:02:34.140879,30.88,76.58,0.0,0.0,1007.03,Cloudy,Cloudy,3,1,3,31,30.88,76.6,1007.04,0.0,-0.009999999999990905
2026-03-31 03:02:34.497183,30.88,76.58,0.0,0.0,1007.01,Cloudy,Cloudy,3,1,3,31,30.88,76.58,1007.03,0.0,-0.01999999999998181
2026-03-31 03:02:35.966587,30.88,76.58,0.0,0.0,1007.02,Cloudy,Cloudy,3,1,3,31,30.88,76.58,1007.01,0.0,0.009999999999990905
2026-03-31 03:02:37.997658,30.86,76.58,0.0,0.0,1007.04,Cloudy,Cloudy,3,1,3,31,30.88,76.58,1007.02,-0.019999999999999574,0.01999999999998181
2026-03-31 03:02:40.036160,30.88,76.58,0.0,0.0,1007.03,Cloudy,Cloudy,3,1,3,31,30.86,76.58,1007.04,0.019999999999999574,-0.009999999999990905
2026-03-31 03:02:42.125624,30.86,76.6,0.0,0.0,1007.05,Cloudy,Cloudy,3,1,3,31,30.88,76.58,1007.03,-0.019999999999999574,0.01999999999998181
2026-03-31 03:02:44.159340,30.84,76.6,0.0,0.0,1007.07,Cloudy,Cloudy,3,1,3,31,30.86,76.6,1007.05,-0.019999999999999574,0.020000000000095497
2026-03-31 03:02:46.201148,30.82,76.6,0.0,0.0,1007.07,Cloudy,Cloudy,3,1,3,31,30.84,76.6,1007.07,-0.019999999999999574,0.0
2026-03-31 03:02:49.478988,30.82,76.6,0.0,0.0,1007.07,Cloudy,Cloudy,3,1,3,31,30.82,76.6,1007.07,0.0,0.0
2026-03-31 03:02:50.372256,30.8,76.6,0.0,0.0,1007.07,Cloudy,Cloudy,3,1,3,31,30.82,76.6,1007.07,-0.019999999999999574,0.0
2026-03-31 03:02:52.515423,30.8,76.6,0.0,0.0,1007.05,Cloudy,Cloudy,3,1,3,31,30.8,76.6,1007.07,0.0,-0.020000000000095497
2026-03-31 03:02:54.766921,30.8,76.6,0.0,0.0,1007.05,Cloudy,Cloudy,3,1,3,31,30.8,76.6,1007.05,0.0,0.0
2026-03-31 03:02:56.591632,30.8,76.6,0.0,0.0,1007.05,Cloudy,Cloudy,3,1,3,31,30.8,76.6,1007.05,0.0,0.0
2026-03-31 03:02:58.651374,30.8,76.6,0.0,0.0,1007.05,Cloudy,Cloudy,3,1,3,31,30.8,76.6,1007.05,0.0,0.0
2026-03-31 03:03:00.663564,30.8,76.6,0.0,0.0,1007.06,Cloudy,Cloudy,3,1,3,31,30.8,76.6,1007.05,0.0,0.009999999999990905
2026-03-31 03:03:04.651059,30.8,76.62,0.0,0.0,1007.08,Cloudy,Cloudy,3,1,3,31,30.8,76.6,1007.06,0.0,0.020000000000095497
2026-03-31 03:03:05.210218,30.8,76.62,0.0,0.0,1007.08,Cloudy,Cloudy,3,1,3,31,30.8,76.62,1007.08,0.0,0.0
2026-03-31 03:03:06.839866,30.8,76.64,0.0,0.0,1007.09,Cloudy,Cloudy,3,1,3,31,30.8,76.62,1007.08,0.0,0.009999999999990905
2026-03-31 03:03:08.847113,30.8,76.66,0.0,0.0,1007.08,Cloudy,Cloudy,3,1,3,31,30.8,76.64,1007.09,0.0,-0.009999999999990905
2026-03-31 03:03:10.983594,30.8,76.68,0.0,0.0,1007.08,Cloudy,Cloudy,3,1,3,31,30.8,76.66,1007.08,0.0,0.0
2026-03-31 03:03:12.998474,30.8,76.66,0.0,0.0,1007.07,Cloudy,Cloudy,3,1,3,31,30.8,76.68,1007.08,0.0,-0.009999999999990905
2026-03-31 03:03:15.111052,30.8,76.68,0.0,0.0,1007.06,Cloudy,Cloudy,3,1,3,31,30.8,76.66,1007.07,0.0,-0.010000000000104592
2026-03-31 03:03:19.416717,30.8,76.68,0.0,0.0,1007.07,Cloudy,Cloudy,3,1,3,31,30.8,76.68,1007.06,0.0,0.010000000000104592
2026-03-31 03:03:20.075157,30.8,76.68,0.0,0.0,1007.08,Cloudy,Cloudy,3,1,3,31,30.8,76.68,1007.07,0.0,0.009999999999990905
2026-03-31 03:03:21.267893,30.8,76.68,0.0,0.0,1007.08,Cloudy,Cloudy,3,1,3,31,30.8,76.68,1007.08,0.0,0.0
2026-03-31 03:03:23.323209,30.8,76.7,0.0,0.0,1007.08,Cloudy,Cloudy,3,1,3,31,30.8,76.68,1007.08,0.0,0.0
2026-03-31 03:03:25.378654,30.8,76.7,0.0,0.0,1007.08,Cloudy,Cloudy,3,1,3,31,30.8,76.7,1007.08,0.0,0.0
2026-03-31 03:03:27.450339,30.8,76.7,0.0,0.0,1007.07,Cloudy,Cloudy,3,1,3,31,30.8,76.7,1007.08,0.0,-0.009999999999990905
2026-03-31 03:03:29.490735,30.8,76.7,0.0,0.0,1007.06,Cloudy,Cloudy,3,1,3,31,30.8,76.7,1007.07,0.0,-0.010000000000104592
2026-03-31 03:03:34.463202,30.8,76.7,0.0,0.0,1007.05,Cloudy,Cloudy,3,1,3,31,30.8,76.7,1007.06,0.0,-0.009999999999990905
2026-03-31 03:03:34.928953,30.8,76.7,0.0,0.0,1007.06,Cloudy,Cloudy,3,1,3,31,30.8,76.7,1007.05,0.0,0.009999999999990905
2026-03-31 03:03:35.691296,30.8,76.7,0.0,0.0,1007.06,Cloudy,Cloudy,3,1,3,31,30.8,76.7,1007.06,0.0,0.0
2026-03-31 03:03:37.701783,30.8,76.7,0.0,0.0,1007.06,Cloudy,Cloudy,3,1,3,31,30.8,76.7,1007.06,0.0,0.0
2026-03-31 03:03:39.862307,30.8,76.7,0.0,0.0,1007.06,Cloudy,Cloudy,3,1,3,31,30.8,76.7,1007.06,0.0,0.0
2026-03-31 03:03:41.952436,30.8,76.7,0.0,0.0,1007.07,Cloudy,Cloudy,3,1,3,31,30.8,76.7,1007.06,0.0,0.010000000000104592
2026-03-31 03:03:43.932421,30.8,76.7,0.0,0.0,1007.07,Cloudy,Cloudy,3,1,3,31,30.8,76.7,1007.07,0.0,0.0
2026-03-31 03:03:46.048398,30.8,76.74,0.0,0.0,1007.08,Cloudy,Cloudy,3,1,3,31,30.8,76.7,1007.07,0.0,0.009999999999990905
2026-03-31 03:03:49.876520,30.8,76.78,0.0,0.0,1007.07,Cloudy,Cloudy,3,1,3,31,30.8,76.74,1007.08,0.0,-0.009999999999990905
2026-03-31 03:03:50.393162,30.8,76.78,0.0,0.0,1007.09,Cloudy,Cloudy,3,1,3,31,30.8,76.78,1007.07,0.0,0.01999999999998181
2026-03-31 03:03:52.244351,30.8,76.78,0.0,0.0,1007.1,Cloudy,Cloudy,3,1,3,31,30.8,76.78,1007.09,0.0,0.009999999999990905
2026-03-31 03:03:54.280084,30.8,76.78,0.0,0.0,1007.09,Cloudy,Cloudy,3,1,3,31,30.8,76.78,1007.1,0.0,-0.009999999999990905
2026-03-31 03:03:56.444754,30.8,76.78,0.0,0.0,1007.08,Cloudy,Cloudy,3,1,3,31,30.8,76.78,1007.09,0.0,-0.009999999999990905
2026-03-31 03:03:58.324986,30.8,76.74,0.0,0.0,1007.09,Cloudy,Cloudy,3,1,3,31,30.8,76.78,1007.08,0.0,0.009999999999990905
2026-03-31 03:04:00.434752,30.8,76.74,0.0,0.0,1007.08,Cloudy,Cloudy,3,1,3,31,30.8,76.74,1007.09,0.0,-0.009999999999990905
2026-03-31 03:04:04.672160,30.8,76.74,0.0,0.0,1007.06,Cloudy,Cloudy,3,1,3,31,30.8,76.74,1007.08,0.0,-0.020000000000095497
2026-03-31 03:04:05.017958,30.8,76.74,0.0,0.0,1007.06,Cloudy,Cloudy,3,1,3,31,30.8,76.74,1007.06,0.0,0.0
2026-03-31 03:04:06.638885,30.8,76.74,0.0,0.0,1007.05,Cloudy,Cloudy,3,1,3,31,30.8,76.74,1007.06,0.0,-0.009999999999990905
2026-03-31 03:04:08.686964,30.8,76.74,0.0,0.0,1007.07,Cloudy,Cloudy,3,1,3,31,30.8,76.74,1007.05,0.0,0.020000000000095497
2026-03-31 03:04:10.716067,30.8,76.74,0.0,0.0,1007.06,Cloudy,Cloudy,3,1,3,31,30.8,76.74,1007.07,0.0,-0.010000000000104592
2026-03-31 03:04:12.791780,30.8,76.74,0.0,0.0,1007.07,Cloudy,Cloudy,3,1,3,31,30.8,76.74,1007.06,0.0,0.010000000000104592
2026-03-31 03:04:14.858199,30.8,76.74,0.0,0.0,1007.08,Cloudy,Cloudy,3,1,3,31,30.8,76.74,1007.07,0.0,0.009999999999990905
2026-03-31 03:04:19.634917,30.8,76.7,0.0,0.0,1007.1,Cloudy,Cloudy,3,1,3,31,30.8,76.74,1007.08,0.0,0.01999999999998181
2026-03-31 03:04:20.058785,30.8,76.74,0.0,0.0,1007.1,Cloudy,Cloudy,3,1,3,31,30.8,76.7,1007.1,0.0,0.0
2026-03-31 03:04:21.017061,30.8,76.74,0.0,0.0,1007.1,Cloudy,Cloudy,3,1,3,31,30.8,76.74,1007.1,0.0,0.0
2026-03-31 03:04:23.166045,30.8,76.78,0.0,0.0,1007.11,Cloudy,Cloudy,3,1,3,31,30.8,76.74,1007.1,0.0,0.009999999999990905
2026-03-31 03:04:25.164948,30.8,76.78,0.0,0.0,1007.11,Cloudy,Cloudy,3,1,3,31,30.8,76.78,1007.11,0.0,0.0
2026-03-31 03:04:27.215207,30.8,76.78,0.0,0.0,1007.1,Cloudy,Cloudy,3,1,3,31,30.8,76.78,1007.11,0.0,-0.009999999999990905
2026-03-31 03:04:29.366651,30.8,76.74,0.0,0.0,1007.09,Cloudy,Cloudy,3,1,3,31,30.8,76.78,1007.1,0.0,-0.009999999999990905
2026-03-31 03:04:31.417541,30.8,76.74,0.0,0.0,1007.1,Cloudy,Cloudy,3,1,3,31,30.8,76.74,1007.09,0.0,0.009999999999990905
2026-03-31 03:04:34.576451,30.8,76.7,0.0,0.0,1007.11,Cloudy,Cloudy,3,1,3,31,30.8,76.74,1007.1,0.0,0.009999999999990905
2026-03-31 03:04:35.449681,30.8,76.7,0.0,0.0,1007.11,Cloudy,Cloudy,3,1,3,31,30.8,76.7,1007.11,0.0,0.0
2026-03-31 03:04:37.618128,30.8,76.74,0.0,0.0,1007.12,Cloudy,Cloudy,3,1,3,31,30.8,76.7,1007.11,0.0,0.009999999999990905
2026-03-31 03:04:39.704594,30.8,76.74,0.0,0.0,1007.14,Cloudy,Cloudy,3,1,3,31,30.8,76.74,1007.12,0.0,0.01999999999998181
2026-03-31 03:04:41.640495,30.8,76.74,0.0,0.0,1007.13,Cloudy,Cloudy,3,1,3,31,30.8,76.74,1007.14,0.0,-0.009999999999990905
2026-03-31 03:04:43.767080,30.8,76.74,0.0,0.0,1007.13,Cloudy,Cloudy,3,1,3,31,30.8,76.74,1007.13,0.0,0.0
2026-03-31 03:04:46.386949,30.8,76.74,0.0,0.0,1007.15,Cloudy,Cloudy,3,1,3,31,30.8,76.74,1007.13,0.0,0.01999999999998181
2026-03-31 03:04:50.300777,30.8,76.7,0.0,0.0,1007.15,Cloudy,Cloudy,3,1,3,31,30.8,76.74,1007.15,0.0,0.0
2026-03-31 03:04:50.910741,30.8,76.7,0.0,0.0,1007.15,Cloudy,Cloudy,3,1,3,31,30.8,76.7,1007.15,0.0,0.0
2026-03-31 03:04:52.586925,30.8,76.7,0.0,0.0,1007.15,Cloudy,Cloudy,3,1,3,31,30.8,76.7,1007.15,0.0,0.0
2026-03-31 03:04:54.375283,30.8,76.7,0.0,0.0,1007.16,Cloudy,Cloudy,3,1,3,31,30.8,76.7,1007.15,0.0,0.009999999999990905
2026-03-31 03:04:56.296763,30.8,76.7,0.0,0.0,1007.15,Cloudy,Cloudy,3,1,3,31,30.8,76.7,1007.16,0.0,-0.009999999999990905
2026-03-31 03:04:58.251251,30.8,76.7,0.0,0.0,1007.14,Cloudy,Cloudy,3,1,3,31,30.8,76.7,1007.15,0.0,-0.009999999999990905
2026-03-31 03:05:00.353186,30.8,76.7,0.0,0.0,1007.13,Cloudy,Cloudy,3,1,3,31,30.8,76.7,1007.14,0.0,-0.009999999999990905
2026-03-31 03:05:04.797591,30.8,76.7,0.0,0.0,1007.13,Cloudy,Cloudy,3,1,3,31,30.8,76.7,1007.13,0.0,0.0
2026-03-31 03:05:05.447868,30.8,76.7,0.0,0.0,1007.12,Cloudy,Cloudy,3,1,3,31,30.8,76.7,1007.13,0.0,-0.009999999999990905
2026-03-31 03:05:06.525855,30.8,76.7,0.0,0.0,1007.1,Cloudy,Cloudy,3,1,3,31,30.8,76.7,1007.12,0.0,-0.01999999999998181
2026-03-31 03:05:08.563000,30.8,76.74,0.0,0.0,1007.12,Cloudy,Cloudy,3,1,3,31,30.8,76.7,1007.1,0.0,0.01999999999998181
2026-03-31 03:05:10.651376,30.8,76.78,0.0,0.0,1007.12,Cloudy,Cloudy,3,1,3,31,30.8,76.74,1007.12,0.0,0.0
2026-03-31 03:05:12.725656,30.8,76.82,0.0,0.0,1007.13,Cloudy,Cloudy,3,1,3,31,30.8,76.78,1007.12,0.0,0.009999999999990905
2026-03-31 03:05:14.845234,30.8,76.86,0.0,0.0,1007.14,Cloudy,Cloudy,3,1,3,31,30.8,76.82,1007.13,0.0,0.009999999999990905
2026-03-31 03:05:19.734928,30.78,76.92,0.0,0.0,1007.15,Cloudy,Cloudy,3,1,3,31,30.8,76.86,1007.14,-0.019999999999999574,0.009999999999990905
2026-03-31 03:05:20.216406,30.78,76.92,0.0,0.0,1007.15,Cloudy,Cloudy,3,1,3,31,30.78,76.92,1007.15,0.0,0.0
2026-03-31 03:05:20.844911,30.78,76.92,0.0,0.0,1007.15,Cloudy,Cloudy,3,1,3,31,30.78,76.92,1007.15,0.0,0.0
2026-03-31 03:05:22.851869,30.78,76.92,0.0,0.0,1007.14,Cloudy,Cloudy,3,1,3,31,30.78,76.92,1007.15,0.0,-0.009999999999990905
2026-03-31 03:05:24.915888,30.76,76.96,0.0,0.0,1007.14,Cloudy,Cloudy,3,1,3,31,30.78,76.92,1007.14,-0.019999999999999574,0.0
2026-03-31 03:05:27.079890,30.78,76.94,0.0,0.0,1007.13,Cloudy,Cloudy,3,1,3,31,30.76,76.96,1007.14,0.019999999999999574,-0.009999999999990905
2026-03-31 03:05:29.513138,30.76,76.96,0.0,0.0,1007.13,Cloudy,Cloudy,3,1,3,31,30.78,76.94,1007.13,-0.019999999999999574,0.0
2026-03-31 03:05:31.363430,30.74,76.98,0.0,0.0,1007.14,Cloudy,Cloudy,3,1,3,31,30.76,76.96,1007.13,-0.020000000000003126,0.009999999999990905
2026-03-31 03:05:34.884770,30.72,77.0,0.0,0.0,1007.16,Cloudy,Cloudy,3,1,3,31,30.74,76.98,1007.14,-0.019999999999999574,0.01999999999998181
2026-03-31 03:05:35.242967,30.72,76.98,0.0,0.0,1007.16,Cloudy,Cloudy,3,1,3,31,30.72,77.0,1007.16,0.0,0.0
2026-03-31 03:05:37.290044,30.7,77.0,0.0,0.0,1007.16,Cloudy,Cloudy,3,1,3,31,30.72,76.98,1007.16,-0.019999999999999574,0.0
2026-03-31 03:05:39.370472,30.7,77.0,0.0,0.0,1007.16,Cloudy,Cloudy,3,1,3,31,30.7,77.0,1007.16,0.0,0.0
2026-03-31 03:05:41.552144,30.7,77.0,0.0,0.0,1007.17,Cloudy,Cloudy,3,1,3,31,30.7,77.0,1007.16,0.0,0.009999999999990905
2026-03-31 03:05:43.549985,30.7,77.0,0.0,0.0,1007.16,Cloudy,Cloudy,3,1,3,31,30.7,77.0,1007.17,0.0,-0.009999999999990905
2026-03-31 03:05:45.571105,30.7,77.0,0.0,0.0,1007.16,Cloudy,Cloudy,3,1,3,31,30.7,77.0,1007.16,0.0,0.0
2026-03-31 03:05:50.289749,30.7,77.0,0.0,0.0,1007.17,Cloudy,Model not loaded,3,1,3,31,30.7,77.0,1007.16,0.0,0.009999999999990905
2026-03-31 03:05:50.835925,30.7,77.0,0.0,0.0,1007.18,Cloudy,Model not loaded,3,1,3,31,30.7,77.0,1007.17,0.0,0.009999999999990905
2026-03-31 03:05:51.789202,30.7,77.0,0.0,0.0,1007.19,Cloudy,Model not loaded,3,1,3,31,30.7,77.0,1007.18,0.0,0.010000000000104592
2026-03-31 03:05:53.963756,30.7,77.0,0.0,0.0,1007.18,Cloudy,Model not loaded,3,1,3,31,30.7,77.0,1007.19,0.0,-0.010000000000104592
2026-03-31 03:05:56.054799,30.7,77.0,0.0,0.0,1007.19,Cloudy,Model not loaded,3,1,3,31,30.7,77.0,1007.18,0.0,0.010000000000104592
2026-03-31 03:05:58.207942,30.7,77.0,0.0,0.0,1007.2,Cloudy,Model not loaded,3,1,3,31,30.7,77.0,1007.19,0.0,0.009999999999990905
2026-03-31 04:18:07.570893,30.3,77.1,0.0,0.0,1007.23,Cloudy,Model not loaded,4,1,3,31,30.7,77.0,1007.2,-0.3999999999999986,0.029999999999972715
2026-03-31 04:18:09.457406,30.35,77.45,0.0,0.0,1007.2,Cloudy,Model not loaded,4,1,3,31,30.3,77.1,1007.23,0.05000000000000071,-0.029999999999972715
2026-03-31 04:18:11.536653,30.37,77.6,0.0,0.0,1007.22,Cloudy,Model not loaded,4,1,3,31,30.35,77.45,1007.2,0.019999999999999574,0.01999999999998181
2026-03-31 04:18:18.279981,30.4,77.7,0.0,0.0,1007.21,Cloudy,Model not loaded,4,1,3,31,30.37,77.6,1007.22,0.029999999999997584,-0.009999999999990905
2026-03-31 04:18:18.860434,30.42,77.76,0.0,0.0,1007.21,Cloudy,Model not loaded,4,1,3,31,30.4,77.7,1007.21,0.020000000000003126,0.0
2026-03-31 04:18:19.297637,30.46,77.9,0.0,0.0,1007.22,Cloudy,Model not loaded,4,1,3,31,30.42,77.76,1007.21,0.03999999999999915,0.009999999999990905
2026-03-31 04:18:19.845822,30.48,77.9,0.0,0.0,1007.22,Cloudy,Model not loaded,4,1,3,31,30.46,77.9,1007.22,0.019999999999999574,0.0
2026-03-31 04:18:21.836736,30.5,77.88,0.0,0.0,1007.21,Cloudy,Model not loaded,4,1,3,31,30.48,77.9,1007.22,0.019999999999999574,-0.009999999999990905
2026-03-31 04:18:23.922741,30.5,77.84,0.0,0.0,1007.21,Cloudy,Model not loaded,4,1,3,31,30.5,77.88,1007.21,0.0,0.0
2026-03-31 04:18:25.950763,30.5,77.78,0.0,0.0,1007.2,Cloudy,Model not loaded,4,1,3,31,30.5,77.84,1007.21,0.0,-0.009999999999990905
2026-03-31 04:18:32.295925,30.5,77.76,0.0,0.0,1007.18,Cloudy,Model not loaded,4,1,3,31,30.5,77.78,1007.2,0.0,-0.020000000000095497
2026-03-31 04:18:32.771989,30.5,77.74,0.0,0.0,1007.19,Cloudy,Model not loaded,4,1,3,31,30.5,77.76,1007.18,0.0,0.010000000000104592
2026-03-31 04:18:33.509492,30.5,77.7,0.0,0.0,1007.2,Cloudy,Model not loaded,4,1,3,31,30.5,77.74,1007.19,0.0,0.009999999999990905
2026-03-31 04:18:34.434463,30.5,77.66,0.0,0.0,1007.2,Cloudy,Model not loaded,4,1,3,31,30.5,77.7,1007.2,0.0,0.0
2026-03-31 04:18:36.288793,30.5,77.64,0.0,0.0,1007.21,Cloudy,Model not loaded,4,1,3,31,30.5,77.66,1007.2,0.0,0.009999999999990905
2026-03-31 04:18:38.425567,30.5,77.6,0.0,0.0,1007.22,Cloudy,Model not loaded,4,1,3,31,30.5,77.64,1007.21,0.0,0.009999999999990905
2026-03-31 04:18:41.003056,30.52,77.56,0.0,0.0,1007.22,Cloudy,Model not loaded,4,1,3,31,30.5,77.6,1007.22,0.019999999999999574,0.0
2026-03-31 04:18:48.341598,30.54,77.54,0.0,0.0,1007.22,Cloudy,Model not loaded,4,1,3,31,30.52,77.56,1007.22,0.019999999999999574,0.0
2026-08-12 11:05:19.265842,31.1,68.8,1.0,0.0,1009.48,Model not loaded,Model not loaded,11,2,8,12,30.54,77.54,1007.22,0.5600000000000023,2.259999999999991
2026-08-12 11:05:21.173610,31.1,68.8,1.0,0.0,1009.46,Model not loaded,Model not loaded,11,2,8,12,31.1,68.8,1009.48,0.0,-0.01999999999998181
2026-08-12 11:05:23.416904,31.1,68.8,1.0,0.0,1009.45,Model not loaded,Model not loaded,11,2,8,12,31.1,68.8,1009.46,0.0,-0.009999999999990905
2026-08-12 11:05:25.397309,31.1,68.8,1.0,0.0,1009.44,Model not loaded,Model not loaded,11,2,8,12,31.1,68.8,1009.45,0.0,-0.009999999999990905
2026-08-12 11:05:27.810674,31.1,68.82,1.0,0.0,1009.44,Model not loaded,Model not loaded,11,2,8,12,31.1,68.8,1009.44,0.0,0.0
2026-08-12 11:05:29.420218,31.1,68.84,1.0,0.0,1009.42,Model not loaded,Model not loaded,11,2,8,12,31.1,68.82,1009.44,0.0,-0.020000000000095497
2026-08-12 11:05:31.477983,31.1,68.86,1.0,0.0,1009.41,Model not loaded,Model not loaded,11,2,8,12,31.1,68.84,1009.42,0.0,-0.009999999999990905
2026-08-12 11:05:33.539661,31.12,68.88,1.0,0.0,1009.39,Model not loaded,Model not loaded,11,2,8,12,31.1,68.86,1009.41,0.019999999999999574,-0.01999999999998181
2026-08-12 11:05:35.600447,31.14,68.92,1.0,0.0,1009.39,Model not loaded,Model not loaded,11,2,8,12,31.12,68.88,1009.39,0.019999999999999574,0.0
2026-08-12 11:05:37.660742,31.16,68.94,1.0,0.0,1009.39,Model not loaded,Model not loaded,11,2,8,12,31.14,68.92,1009.39,0.019999999999999574,0.0
2026-08-12 11:05:40.237914,31.18,68.94,1.0,0.0,1009.4,Model not loaded,Model not loaded,11,2,8,12,31.16,68.94,1009.39,0.019999999999999574,0.009999999999990905
2026-08-12 11:05:42.003765,31.2,68.94,1.0,0.0,1009.41,Model not loaded,Model not loaded,11,2,8,12,31.18,68.94,1009.4,0.019999999999999574,0.009999999999990905
2026-08-12 11:05:43.844056,31.2,68.92,1.0,0.0,1009.44,Model not loaded,Model not loaded,11,2,8,12,31.2,68.94,1009.41,0.0,0.030000000000086402
2026-08-12 11:05:45.905523,31.2,68.88,1.0,0.0,1009.45,Model not loaded,Model not loaded,11,2,8,12,31.2,68.92,1009.44,0.0,0.009999999999990905
2026-08-12 11:05:47.965497,31.2,68.84,1.0,0.0,1009.46,Model not loaded,Model not loaded,11,2,8,12,31.2,68.88,1009.45,0.0,0.009999999999990905
2026-08-12 11:05:50.026299,31.2,68.8,1.0,0.0,1009.46,Model not loaded,Model not loaded,11,2,8,12,31.2,68.84,1009.46,0.0,0.0
2026-08-12 11:05:52.087846,31.2,68.76,1.0,0.0,1009.46,Model not loaded,Model not loaded,11,2,8,12,31.2,68.8,1009.46,0.0,0.0
2026-08-12 11:05:54.624964,31.2,68.72,1.0,0.0,1009.44,Model not loaded,Model not loaded,11,2,8,12,31.2,68.76,1009.46,0.0,-0.01999999999998181
2026-08-12 11:05:56.254059,31.2,68.66,1.0,0.0,1009.44,Model not loaded,Model not loaded,11,2,8,12,31.2,68.72,1009.44,0.0,0.0
2026-08-12 11:05:58.395512,31.2,68.6,1.0,0.0,1009.42,Model not loaded,Model not loaded,11,2,8,12,31.2,68.66,1009.44,0.0,-0.020000000000095497
2026-08-12 11:06:00.361129,31.2,68.56,1.0,0.0,1009.42,Model not loaded,Model not loaded,11,2,8,12,31.2,68.6,1009.42,0.0,0.0
2026-08-12 11:06:02.392088,31.2,68.5,1.0,0.0,1009.42,Model not loaded,Model not loaded,11,2,8,12,31.2,68.56,1009.42,0.0,0.0
2026-08-12 11:06:04.453435,31.2,68.46,1.0,0.0,1009.42,Model not loaded,Model not loaded,11,2,8,12,31.2,68.5,1009.42,0.0,0.0
2026-08-12 11:06:06.514345,31.2,68.42,1.0,0.0,1009.41,Model not loaded,Model not loaded,11,2,8,12,31.2,68.46,1009.42,0.0,-0.009999999999990905
2026-08-12 11:06:08.849604,31.2,68.38,1.0,0.0,1009.42,Model not loaded,Model not loaded,11,2,8,12,31.2,68.42,1009.41,0.0,0.009999999999990905
2026-08-12 11:06:11.856906,31.2,68.34,8.4,0.0,1009.42,Model not loaded,Model not loaded,11,2,8,12,31.2,68.38,1009.42,0.0,0.0
2026-08-12 11:06:12.697407,31.2,68.32,14.8,0.0,1009.42,Model not loaded,Model not loaded,11,2,8,12,31.2,68.34,1009.42,0.0,0.0
2026-08-12 11:06:14.757949,31.2,68.3,21.8,0.0,1009.44,Model not loaded,Model not loaded,11,2,8,12,31.2,68.32,1009.42,0.0,0.020000000000095497
2026-08-12 11:06:16.817636,31.2,68.3,29.0,0.0,1009.45,Model not loaded,Model not loaded,11,2,8,12,31.2,68.3,1009.44,0.0,0.009999999999990905
2026-08-12 11:06:18.878816,31.2,68.3,36.4,0.0,1009.43,Model not loaded,Model not loaded,11,2,8,12,31.2,68.3,1009.45,0.0,-0.020000000000095497
2026-08-12 11:06:20.940009,31.2,68.3,36.4,0.0,1009.42,Model not loaded,Model not loaded,11,2,8,12,31.2,68.3,1009.43,0.0,-0.009999999999990905
2026-08-12 11:06:23.944722,31.2,68.3,37.2,0.0,1009.42,Model not loaded,Model not loaded,11,2,8,12,31.2,68.3,1009.42,0.0,0.0
2026-08-12 11:06:25.410911,31.2,68.3,37.2,0.0,1009.4,Model not loaded,Model not loaded,11,2,8,12,31.2,68.3,1009.42,0.0,-0.01999999999998181
2026-08-12 11:06:27.270114,31.2,68.3,36.8,0.0,1009.39,Model not loaded,Model not loaded,11,2,8,12,31.2,68.3,1009.4,0.0,-0.009999999999990905
2026-08-12 11:06:29.894274,31.2,68.3,35.8,0.0,1009.4,Model not loaded,Model not loaded,11,2,8,12,31.2,68.3,1009.39,0.0,0.009999999999990905
2026-08-12 11:06:31.244842,31.2,68.3,34.6,0.0,1009.38,Model not loaded,Model not loaded,11,2,8,12,31.2,68.3,1009.4,0.0,-0.01999999999998181
2026-08-12 11:06:33.304640,31.2,68.3,33.4,0.0,1009.38,Model not loaded,Model not loaded,11,2,8,12,31.2,68.3,1009.38,0.0,0.0
2026-08-12 11:06:35.365582,31.2,68.3,32.0,0.0,1009.38,Model not loaded,Model not loaded,11,2,8,12,31.2,68.3,1009.38,0.0,0.0
2026-08-12 11:06:37.426961,31.2,68.3,30.6,0.0,1009.39,Model not loaded,Model not loaded,11,2,8,12,31.2,68.3,1009.38,0.0,0.009999999999990905
2026-08-12 11:06:40.027250,31.2,68.3,29.4,0.0,1009.39,Model not loaded,Model not loaded,11,2,8,12,31.2,68.3,1009.39,0.0,0.0
2026-08-12 11:06:42.731820,31.2,68.3,28.2,0.0,1009.41,Model not loaded,Model not loaded,11,2,8,12,31.2,68.3,1009.39,0.0,0.01999999999998181
2026-08-12 11:06:44.160545,31.2,68.32,27.0,0.0,1009.4,Model not loaded,Model not loaded,11,2,8,12,31.2,68.3,1009.41,0.0,-0.009999999999990905
2026-08-12 11:06:45.671955,31.2,68.34,26.0,0.0,1009.41,Model not loaded,Model not loaded,11,2,8,12,31.2,68.32,1009.4,0.0,0.009999999999990905
2026-08-12 11:06:47.732935,31.2,68.36,25.0,0.0,1009.42,Model not loaded,Model not loaded,11,2,8,12,31.2,68.34,1009.41,0.0,0.009999999999990905
2026-08-12 11:06:49.793071,31.2,68.38,24.2,0.0,1009.44,Model not loaded,Model not loaded,11,2,8,12,31.2,68.36,1009.42,0.0,0.020000000000095497
